datetime_beginning_utc,datetime_beginning_ept,requirement,regd_ssmw,rega_ssmw,regd_procure,rega_procure,total_mw,deficiency,rto_perfscore,rega_mileage,regd_mileage,rega_hourly,regd_hourly,is_approved,modified_datetime_utc
1/1/2025 5:00:00 AM,1/1/2025 12:00:00 AM,525,198.5,132.3,84.4,109.7,525.0,0.0,0.90,6.2,30.7,8.7,28.0,1,2/7/2025 11:06:27 AM
1/1/2025 6:00:00 AM,1/1/2025 1:00:00 AM,525,198.5,109.9,84.0,132.4,525.0,0.0,0.91,6.2,30.7,6.9,32.5,1,2/7/2025 11:06:27 AM
1/1/2025 7:00:00 AM,1/1/2025 2:00:00 AM,525,231.7,132.3,49.8,111.4,525.0,0.0,0.91,6.2,30.7,7.5,32.7,1,2/7/2025 11:06:27 AM
1/1/2025 8:00:00 AM,1/1/2025 3:00:00 AM,525,231.9,31.4,48.7,213.0,525.0,0.0,0.89,6.2,30.7,9.3,36.4,1,2/7/2025 11:06:27 AM
1/1/2025 9:00:00 AM,1/1/2025 4:00:00 AM,800,276.4,132.3,91.0,300.2,800.0,0.0,0.89,6.2,30.7,5.9,43.3,1,2/7/2025 11:06:27 AM
1/1/2025 10:00:00 AM,1/1/2025 5:00:00 AM,800,243.4,141.4,155.3,259.8,800.0,0.0,0.89,6.2,30.7,7.5,30.3,1,2/7/2025 11:06:27 AM
1/1/2025 11:00:00 AM,1/1/2025 6:00:00 AM,800,238.1,232.8,166.5,162.7,800.0,0.0,0.90,6.2,30.7,4.6,36.4,1,2/7/2025 11:06:27 AM
1/1/2025 12:00:00 PM,1/1/2025 7:00:00 AM,800,246.8,271.0,156.5,125.7,800.0,0.0,0.89,6.2,30.7,4.3,36.3,1,2/7/2025 11:06:27 AM
1/1/2025 1:00:00 PM,1/1/2025 8:00:00 AM,800,240.0,271.0,163.5,125.6,800.0,0.0,0.88,6.2,30.7,5.0,34.5,1,2/7/2025 11:06:27 AM
1/1/2025 2:00:00 PM,1/1/2025 9:00:00 AM,525,167.3,241.6,116.0,0.0,525.0,0.0,0.94,6.2,30.7,6.2,29.2,1,2/7/2025 11:06:27 AM
1/1/2025 3:00:00 PM,1/1/2025 10:00:00 AM,525,167.4,241.5,116.0,0.0,525.0,0.0,0.94,6.2,30.7,5.0,37.6,1,2/7/2025 11:06:27 AM
1/1/2025 4:00:00 PM,1/1/2025 11:00:00 AM,525,168.2,225.0,118.2,13.7,525.0,0.0,0.90,6.2,30.7,7.2,39.3,1,2/7/2025 11:06:27 AM
1/1/2025 5:00:00 PM,1/1/2025 12:00:00 PM,525,167.9,220.0,118.3,18.9,525.0,0.0,0.91,6.2,30.7,6.3,34.2,1,2/7/2025 11:06:27 AM
1/1/2025 6:00:00 PM,1/1/2025 1:00:00 PM,525,165.6,139.2,111.5,114.6,530.9,0.0,0.93,6.2,30.7,2.1,22.1,1,2/7/2025 11:06:27 AM
1/1/2025 7:00:00 PM,1/1/2025 2:00:00 PM,525,165.6,126.4,118.5,114.5,525.0,0.0,0.92,6.2,30.7,6.1,33.0,1,2/7/2025 11:06:27 AM
1/1/2025 8:00:00 PM,1/1/2025 3:00:00 PM,525,165.6,126.4,118.5,114.6,525.0,0.0,0.89,6.2,30.7,9.2,34.7,1,2/7/2025 11:06:27 AM
1/1/2025 9:00:00 PM,1/1/2025 4:00:00 PM,800,235.5,218.9,168.3,177.3,800.0,0.0,0.88,6.2,30.7,6.7,26.2,1,2/7/2025 11:06:27 AM
1/1/2025 10:00:00 PM,1/1/2025 5:00:00 PM,800,237.8,222.5,160.8,179.0,800.0,0.0,0.90,6.2,30.7,7.3,31.6,1,2/7/2025 11:06:27 AM
1/1/2025 11:00:00 PM,1/1/2025 6:00:00 PM,800,237.4,316.4,171.6,74.5,800.0,0.0,0.90,6.2,30.7,4.3,26.2,1,2/7/2025 11:06:27 AM
1/2/2025 12:00:00 AM,1/1/2025 7:00:00 PM,800,237.6,248.7,172.2,141.6,800.0,0.0,0.91,6.2,30.7,6.6,37.0,1,2/7/2025 11:06:27 AM
1/2/2025 1:00:00 AM,1/1/2025 8:00:00 PM,800,237.4,221.4,174.3,167.0,800.0,0.0,0.87,6.2,30.7,5.6,30.2,1,2/7/2025 11:06:27 AM
1/2/2025 2:00:00 AM,1/1/2025 9:00:00 PM,800,237.4,198.9,170.7,192.9,800.0,0.0,0.90,6.2,30.7,4.1,35.1,1,2/7/2025 11:06:27 AM
1/2/2025 3:00:00 AM,1/1/2025 10:00:00 PM,800,237.5,237.4,166.7,158.5,800.0,0.0,0.89,6.2,30.7,4.5,34.6,1,2/7/2025 11:06:27 AM
1/2/2025 4:00:00 AM,1/1/2025 11:00:00 PM,800,240.2,219.4,162.1,178.7,800.0,0.0,0.90,6.2,30.7,4.2,35.3,1,2/7/2025 11:06:27 AM
1/2/2025 5:00:00 AM,1/2/2025 12:00:00 AM,525,180.2,121.8,105.2,117.6,525.0,0.0,0.89,6.1,30.4,9.8,33.2,1,2/7/2025 11:06:27 AM
1/2/2025 6:00:00 AM,1/2/2025 1:00:00 AM,525,180.2,121.8,105.1,117.8,525.0,0.0,0.91,6.1,30.4,10.2,34.5,1,2/7/2025 11:06:27 AM
1/2/2025 7:00:00 AM,1/2/2025 2:00:00 AM,525,229.0,121.8,51.1,123.1,525.0,0.0,0.90,6.1,30.4,7.4,25.6,1,2/7/2025 11:06:27 AM
1/2/2025 8:00:00 AM,1/2/2025 3:00:00 AM,525,229.0,121.8,50.9,123.5,525.0,0.0,0.90,6.1,30.4,7.6,33.9,1,2/7/2025 11:06:27 AM
1/2/2025 9:00:00 AM,1/2/2025 4:00:00 AM,800,260.3,139.2,114.8,285.3,800.0,0.0,0.87,6.1,30.4,7.0,34.6,1,2/7/2025 11:06:27 AM
1/2/2025 10:00:00 AM,1/2/2025 5:00:00 AM,800,239.8,155.1,162.7,242.1,800.0,0.0,0.87,6.1,30.4,4.1,32.1,1,2/7/2025 11:06:27 AM
1/2/2025 11:00:00 AM,1/2/2025 6:00:00 AM,800,237.1,150.8,170.6,241.4,800.0,0.0,0.88,6.1,30.4,8.2,28.7,1,2/7/2025 11:06:27 AM
1/2/2025 12:00:00 PM,1/2/2025 7:00:00 AM,800,244.4,212.6,160.5,182.4,800.0,0.0,0.90,6.1,30.4,6.0,25.8,1,2/7/2025 11:06:27 AM
1/2/2025 1:00:00 PM,1/2/2025 8:00:00 AM,800,237.6,216.2,169.9,176.3,800.0,0.0,0.90,6.1,30.4,4.1,25.0,1,2/7/2025 11:06:27 AM
1/2/2025 2:00:00 PM,1/2/2025 9:00:00 AM,525,166.0,221.8,120.9,16.7,525.0,0.0,0.89,6.1,30.4,9.1,31.0,1,2/7/2025 11:06:27 AM
1/2/2025 3:00:00 PM,1/2/2025 10:00:00 AM,525,172.7,226.7,113.7,12.2,525.0,0.0,0.90,6.1,30.4,8.3,26.3,1,2/7/2025 11:06:27 AM
1/2/2025 4:00:00 PM,1/2/2025 11:00:00 AM,525,172.8,188.7,114.3,49.6,525.0,0.0,0.90,6.1,30.4,9.0,29.4,1,2/7/2025 11:06:27 AM
1/2/2025 5:00:00 PM,1/2/2025 12:00:00 PM,525,175.4,139.9,110.6,99.2,525.0,0.0,0.87,6.1,30.4,6.7,30.6,1,2/7/2025 11:06:27 AM
1/2/2025 6:00:00 PM,1/2/2025 1:00:00 PM,525,175.2,139.9,110.7,99.0,525.0,0.0,0.91,6.1,30.4,7.2,37.4,1,2/7/2025 11:06:27 AM
1/2/2025 7:00:00 PM,1/2/2025 2:00:00 PM,525,174.9,139.9,111.2,99.2,525.0,0.0,0.90,6.1,30.4,6.8,32.7,1,2/7/2025 11:06:27 AM
1/2/2025 8:00:00 PM,1/2/2025 3:00:00 PM,525,174.9,139.9,111.2,99.2,525.0,0.0,0.90,6.1,30.4,6.6,32.3,1,2/7/2025 11:06:27 AM
1/2/2025 9:00:00 PM,1/2/2025 4:00:00 PM,800,245.6,177.1,163.8,213.1,800.0,0.0,0.87,6.1,30.4,6.6,24.7,1,2/7/2025 11:06:27 AM
1/2/2025 10:00:00 PM,1/2/2025 5:00:00 PM,800,242.9,213.7,166.3,177.4,800.0,0.0,0.90,6.1,30.4,3.5,28.7,1,2/7/2025 11:06:27 AM
1/2/2025 11:00:00 PM,1/2/2025 6:00:00 PM,800,242.7,213.7,165.4,178.5,800.0,0.0,0.91,6.1,30.4,1.2,27.2,1,2/7/2025 11:06:27 AM
1/3/2025 12:00:00 AM,1/2/2025 7:00:00 PM,800,241.5,186.4,172.3,199.8,800.0,0.0,0.89,6.1,30.4,4.6,44.2,1,2/7/2025 11:06:27 AM
1/3/2025 1:00:00 AM,1/2/2025 8:00:00 PM,800,240.1,186.4,171.6,201.8,800.0,0.0,0.91,6.1,30.4,1.7,31.5,1,2/7/2025 11:06:27 AM
1/3/2025 2:00:00 AM,1/2/2025 9:00:00 PM,800,241.0,283.8,169.2,106.2,800.0,0.0,0.91,6.1,30.4,3.9,33.3,1,2/7/2025 11:06:27 AM
1/3/2025 3:00:00 AM,1/2/2025 10:00:00 PM,800,240.8,221.9,174.5,163.0,800.0,0.0,0.89,6.1,30.4,5.0,30.2,1,2/7/2025 11:06:27 AM
1/3/2025 4:00:00 AM,1/2/2025 11:00:00 PM,800,243.9,221.9,166.2,168.3,800.0,0.0,0.88,6.1,30.4,2.3,24.8,1,2/7/2025 11:06:27 AM
1/3/2025 5:00:00 AM,1/3/2025 12:00:00 AM,525,181.8,146.3,103.7,93.5,525.0,0.0,0.88,6.1,30.4,8.1,30.2,1,2/7/2025 11:06:27 AM
1/3/2025 6:00:00 AM,1/3/2025 1:00:00 AM,525,181.8,146.3,103.1,94.0,525.0,0.0,0.89,6.1,30.4,8.6,35.8,1,2/7/2025 11:06:27 AM
1/3/2025 7:00:00 AM,1/3/2025 2:00:00 AM,525,231.8,137.8,51.4,104.1,525.0,0.0,0.88,6.1,30.4,6.2,34.0,1,2/7/2025 11:06:27 AM
1/3/2025 8:00:00 AM,1/3/2025 3:00:00 AM,525,232.0,146.3,48.4,98.4,525.0,0.0,0.89,6.1,30.4,7.7,32.3,1,2/7/2025 11:06:27 AM
1/3/2025 9:00:00 AM,1/3/2025 4:00:00 AM,800,265.3,148.1,117.6,269.0,800.0,0.0,0.88,6.1,30.4,7.4,35.7,1,2/7/2025 11:06:27 AM
1/3/2025 10:00:00 AM,1/3/2025 5:00:00 AM,800,244.2,79.7,160.4,316.0,800.0,0.0,0.88,6.1,30.4,5.5,38.3,1,2/7/2025 11:06:27 AM
1/3/2025 11:00:00 AM,1/3/2025 6:00:00 AM,800,241.3,72.1,166.0,320.3,800.0,0.0,0.88,6.1,30.4,9.5,25.2,1,2/7/2025 11:06:27 AM
1/3/2025 12:00:00 PM,1/3/2025 7:00:00 AM,800,248.8,126.7,161.1,263.5,800.0,0.0,0.90,6.1,30.4,3.9,33.6,1,2/7/2025 11:06:27 AM
1/3/2025 1:00:00 PM,1/3/2025 8:00:00 AM,800,241.9,126.7,168.2,263.2,800.0,0.0,0.92,6.1,30.4,3.1,32.9,1,2/7/2025 11:06:27 AM
1/3/2025 2:00:00 PM,1/3/2025 9:00:00 AM,525,167.3,108.6,118.7,130.4,525.0,0.0,0.92,6.1,30.4,5.4,27.5,1,2/7/2025 11:06:27 AM
1/3/2025 3:00:00 PM,1/3/2025 10:00:00 AM,525,174.3,108.6,111.9,130.3,525.0,0.0,0.89,6.1,30.4,6.6,23.4,1,2/7/2025 11:06:27 AM
1/3/2025 4:00:00 PM,1/3/2025 11:00:00 AM,525,174.4,105.3,111.5,133.7,525.0,0.0,0.90,6.1,30.4,7.0,30.6,1,2/7/2025 11:06:27 AM
1/3/2025 5:00:00 PM,1/3/2025 12:00:00 PM,525,175.4,105.3,110.4,134.1,525.0,0.0,0.90,6.1,30.4,8.7,31.3,1,2/7/2025 11:06:27 AM
1/3/2025 6:00:00 PM,1/3/2025 1:00:00 PM,525,173.4,105.3,112.6,134.0,525.0,0.0,0.89,6.1,30.4,9.8,29.7,1,2/7/2025 11:06:27 AM
1/3/2025 7:00:00 PM,1/3/2025 2:00:00 PM,525,175.0,105.3,110.6,134.2,525.0,0.0,0.92,6.1,30.4,4.4,35.8,1,2/7/2025 11:06:27 AM
1/3/2025 8:00:00 PM,1/3/2025 3:00:00 PM,525,175.0,103.6,110.6,135.9,525.0,0.0,0.89,6.1,30.4,8.1,35.1,1,2/7/2025 11:06:27 AM
1/3/2025 9:00:00 PM,1/3/2025 4:00:00 PM,800,246.6,106.9,167.1,279.3,800.0,0.0,0.89,6.1,30.4,3.9,41.1,1,2/7/2025 11:06:27 AM
1/3/2025 10:00:00 PM,1/3/2025 5:00:00 PM,800,248.9,152.3,165.1,233.8,800.0,0.0,0.87,6.1,30.4,6.1,33.5,1,2/7/2025 11:06:27 AM
1/3/2025 11:00:00 PM,1/3/2025 6:00:00 PM,800,252.1,152.3,163.0,232.6,800.0,0.0,0.91,6.1,30.4,4.7,34.2,1,2/7/2025 11:06:27 AM
1/4/2025 12:00:00 AM,1/3/2025 7:00:00 PM,800,249.7,225.8,169.1,155.2,800.0,0.0,0.89,6.1,30.4,5.4,25.6,1,2/7/2025 11:06:27 AM
1/4/2025 1:00:00 AM,1/3/2025 8:00:00 PM,800,249.8,124.9,165.2,259.7,800.0,0.0,0.88,6.1,30.4,6.6,30.4,1,2/7/2025 11:06:27 AM
1/4/2025 2:00:00 AM,1/3/2025 9:00:00 PM,800,249.6,133.4,168.3,248.3,800.0,0.0,0.91,6.1,30.4,4.2,30.1,1,2/7/2025 11:06:27 AM
1/4/2025 3:00:00 AM,1/3/2025 10:00:00 PM,800,249.5,201.8,168.4,179.9,800.0,0.0,0.92,6.1,30.4,4.6,33.2,1,2/7/2025 11:06:27 AM
1/4/2025 4:00:00 AM,1/3/2025 11:00:00 PM,800,252.6,157.8,157.4,232.3,800.0,0.0,0.88,6.1,30.4,8.5,30.2,1,2/7/2025 11:06:27 AM
1/4/2025 5:00:00 AM,1/4/2025 12:00:00 AM,525,183.9,175.0,100.7,65.2,525.0,0.0,0.90,6.1,30.3,7.8,39.5,1,2/7/2025 11:06:27 AM
1/4/2025 6:00:00 AM,1/4/2025 1:00:00 AM,525,183.5,183.2,101.5,56.7,525.0,0.0,0.90,6.1,30.3,7.1,38.1,1,2/7/2025 11:06:27 AM
1/4/2025 7:00:00 AM,1/4/2025 2:00:00 AM,525,235.7,183.2,48.6,57.4,525.0,0.0,0.91,6.1,30.3,8.2,35.6,1,2/7/2025 11:06:27 AM
1/4/2025 8:00:00 AM,1/4/2025 3:00:00 AM,525,235.9,183.2,46.2,59.6,525.0,0.0,0.90,6.1,30.3,8.2,37.0,1,2/7/2025 11:06:27 AM
1/4/2025 9:00:00 AM,1/4/2025 4:00:00 AM,800,272.6,185.0,116.3,225.7,800.0,0.0,0.90,6.1,30.3,5.6,36.5,1,2/7/2025 11:06:27 AM
1/4/2025 10:00:00 AM,1/4/2025 5:00:00 AM,800,249.8,194.8,157.6,197.7,800.0,0.0,0.89,6.1,30.3,6.2,36.5,1,2/7/2025 11:06:27 AM
1/4/2025 11:00:00 AM,1/4/2025 6:00:00 AM,800,246.8,131.9,163.3,257.7,800.0,0.0,0.89,6.1,30.3,5.8,26.7,1,2/7/2025 11:06:27 AM
1/4/2025 12:00:00 PM,1/4/2025 7:00:00 AM,800,255.9,70.2,151.8,322.0,800.0,0.0,0.89,6.1,30.3,6.1,28.2,1,2/7/2025 11:06:27 AM
1/4/2025 1:00:00 PM,1/4/2025 8:00:00 AM,800,245.8,70.2,165.6,318.3,800.0,0.0,0.90,6.1,30.3,2.9,18.2,1,2/7/2025 11:06:27 AM
1/4/2025 2:00:00 PM,1/4/2025 9:00:00 AM,525,170.2,182.9,115.5,56.3,525.0,0.0,0.88,6.1,30.3,5.7,29.3,1,2/7/2025 11:06:27 AM
1/4/2025 3:00:00 PM,1/4/2025 10:00:00 AM,525,170.2,152.2,115.3,87.2,525.0,0.0,0.90,6.1,30.3,11.0,25.9,1,2/7/2025 11:06:27 AM
1/4/2025 4:00:00 PM,1/4/2025 11:00:00 AM,525,170.2,148.9,115.3,90.4,525.0,0.0,0.93,6.1,30.3,7.0,31.2,1,2/7/2025 11:06:27 AM
1/4/2025 5:00:00 PM,1/4/2025 12:00:00 PM,525,170.4,126.6,115.1,112.6,525.0,0.0,0.93,6.1,30.3,3.5,32.7,1,2/7/2025 11:06:27 AM
1/4/2025 6:00:00 PM,1/4/2025 1:00:00 PM,525,170.4,126.6,115.4,112.4,525.0,0.0,0.92,6.1,30.3,6.0,33.0,1,2/7/2025 11:06:27 AM
1/4/2025 7:00:00 PM,1/4/2025 2:00:00 PM,525,170.5,126.6,115.1,112.6,525.0,0.0,0.94,6.1,30.3,3.6,25.2,1,2/7/2025 11:06:27 AM
1/4/2025 8:00:00 PM,1/4/2025 3:00:00 PM,525,170.5,123.8,114.9,115.6,525.0,0.0,0.93,6.1,30.3,7.4,26.2,1,2/7/2025 11:06:27 AM
1/4/2025 9:00:00 PM,1/4/2025 4:00:00 PM,800,244.5,118.3,172.4,264.5,800.0,0.0,0.89,6.1,30.3,8.9,33.5,1,2/7/2025 11:06:27 AM
1/4/2025 10:00:00 PM,1/4/2025 5:00:00 PM,800,245.0,152.1,170.6,232.0,800.0,0.0,0.90,6.1,30.3,6.0,37.0,1,2/7/2025 11:06:27 AM
1/4/2025 11:00:00 PM,1/4/2025 6:00:00 PM,800,244.5,174.5,166.3,214.2,800.0,0.0,0.91,6.1,30.3,3.3,25.8,1,2/7/2025 11:06:27 AM
1/5/2025 12:00:00 AM,1/4/2025 7:00:00 PM,800,244.3,119.9,167.9,267.7,800.0,0.0,0.90,6.1,30.3,5.6,30.6,1,2/7/2025 11:06:27 AM
1/5/2025 1:00:00 AM,1/4/2025 8:00:00 PM,800,244.1,142.3,172.3,241.0,800.0,0.0,0.92,6.1,30.3,5.4,35.1,1,2/7/2025 11:06:27 AM
1/5/2025 2:00:00 AM,1/4/2025 9:00:00 PM,800,244.1,184.3,172.2,199.1,800.0,0.0,0.90,6.1,30.3,5.6,38.5,1,2/7/2025 11:06:27 AM
1/5/2025 3:00:00 AM,1/4/2025 10:00:00 PM,800,244.4,181.0,170.8,203.4,800.0,0.0,0.89,6.1,30.3,5.9,25.6,1,2/7/2025 11:06:28 AM
1/5/2025 4:00:00 AM,1/4/2025 11:00:00 PM,800,246.9,181.0,162.2,209.7,800.0,0.0,0.88,6.1,30.3,6.4,27.1,1,2/7/2025 11:06:28 AM
1/5/2025 5:00:00 AM,1/5/2025 12:00:00 AM,525,182.9,136.1,102.0,103.7,525.0,0.0,0.90,6.2,30.5,8.4,24.9,1,2/7/2025 11:06:28 AM
1/5/2025 6:00:00 AM,1/5/2025 1:00:00 AM,525,183.0,91.4,102.1,148.4,525.0,0.0,0.92,6.2,30.5,5.7,31.4,1,2/7/2025 11:06:28 AM
1/5/2025 7:00:00 AM,1/5/2025 2:00:00 AM,525,234.0,136.1,48.0,107.0,525.0,0.0,0.90,6.2,30.5,6.7,34.1,1,2/7/2025 11:06:28 AM
1/5/2025 8:00:00 AM,1/5/2025 3:00:00 AM,525,234.1,137.9,48.5,104.6,525.0,0.0,0.92,6.2,30.5,5.6,28.7,1,2/7/2025 11:06:28 AM
1/5/2025 9:00:00 AM,1/5/2025 4:00:00 AM,800,269.2,137.9,130.3,262.4,800.0,0.0,0.88,6.2,30.5,6.6,26.5,1,2/7/2025 11:06:28 AM
1/5/2025 10:00:00 AM,1/5/2025 5:00:00 AM,800,247.0,159.8,155.8,237.1,800.0,0.0,0.90,6.2,30.5,6.7,30.0,1,2/7/2025 11:06:28 AM
1/5/2025 11:00:00 AM,1/5/2025 6:00:00 AM,800,245.1,78.5,161.8,314.4,800.0,0.0,0.90,6.2,30.5,6.8,27.1,1,2/7/2025 11:06:28 AM
1/5/2025 12:00:00 PM,1/5/2025 7:00:00 AM,800,255.1,70.7,145.7,328.5,800.0,0.0,0.92,6.2,30.5,6.7,29.3,1,2/7/2025 11:06:28 AM
1/5/2025 1:00:00 PM,1/5/2025 8:00:00 AM,800,248.0,70.7,165.8,315.3,800.0,0.0,0.92,6.2,30.5,0.6,30.2,1,2/7/2025 11:06:28 AM
1/5/2025 2:00:00 PM,1/5/2025 9:00:00 AM,525,170.4,174.9,105.2,74.5,525.0,0.0,0.90,6.2,30.5,6.1,22.5,1,2/7/2025 11:06:28 AM
1/5/2025 3:00:00 PM,1/5/2025 10:00:00 AM,525,170.5,174.9,115.4,64.0,525.0,0.0,0.93,6.2,30.5,9.4,28.9,1,2/7/2025 11:06:28 AM
1/5/2025 4:00:00 PM,1/5/2025 11:00:00 AM,525,170.5,171.6,115.5,67.3,525.0,0.0,0.93,6.2,30.5,7.4,30.2,1,2/7/2025 11:06:27 AM
1/5/2025 5:00:00 PM,1/5/2025 12:00:00 PM,525,170.6,142.1,115.3,96.9,525.0,0.0,0.91,6.2,30.5,9.4,29.6,1,2/7/2025 11:06:27 AM
1/5/2025 6:00:00 PM,1/5/2025 1:00:00 PM,525,170.6,171.6,115.4,67.3,525.0,0.0,0.94,6.2,30.5,7.5,34.6,1,2/7/2025 11:06:27 AM
1/5/2025 7:00:00 PM,1/5/2025 2:00:00 PM,525,170.9,171.6,115.0,67.3,525.0,0.0,0.93,6.2,30.5,8.1,31.8,1,2/7/2025 11:06:27 AM
1/5/2025 8:00:00 PM,1/5/2025 3:00:00 PM,525,170.6,171.6,115.3,67.3,525.0,0.0,0.91,6.2,30.5,5.5,20.5,1,2/7/2025 11:06:27 AM
1/5/2025 9:00:00 PM,1/5/2025 4:00:00 PM,800,242.0,171.6,170.2,216.0,800.0,0.0,0.91,6.2,30.5,6.9,30.9,1,2/7/2025 11:06:27 AM
1/5/2025 10:00:00 PM,1/5/2025 5:00:00 PM,800,242.9,70.7,171.2,314.8,800.0,0.0,0.92,6.2,30.5,6.6,27.5,1,2/7/2025 11:06:27 AM
1/5/2025 11:00:00 PM,1/5/2025 6:00:00 PM,800,242.9,152.6,171.5,232.5,800.0,0.0,0.92,6.2,30.5,3.6,30.1,1,2/7/2025 11:06:28 AM
1/6/2025 12:00:00 AM,1/5/2025 7:00:00 PM,800,242.6,226.8,173.4,157.1,800.0,0.0,0.92,6.2,30.5,6.1,29.7,1,2/7/2025 11:06:28 AM
1/6/2025 1:00:00 AM,1/5/2025 8:00:00 PM,800,242.5,144.9,172.8,239.7,800.0,0.0,0.92,6.2,30.5,3.7,22.6,1,2/7/2025 11:06:28 AM
1/6/2025 2:00:00 AM,1/5/2025 9:00:00 PM,800,242.2,174.9,169.8,213.0,800.0,0.0,0.88,6.2,30.5,4.2,19.9,1,2/7/2025 11:06:28 AM
1/6/2025 3:00:00 AM,1/5/2025 10:00:00 PM,800,242.2,171.6,168.1,217.8,800.0,0.0,0.90,6.2,30.5,7.6,24.3,1,2/7/2025 11:06:28 AM
1/6/2025 4:00:00 AM,1/5/2025 11:00:00 PM,800,244.5,171.6,162.7,221.0,800.0,0.0,0.89,6.2,30.5,5.7,28.1,1,2/7/2025 11:06:28 AM
1/6/2025 5:00:00 AM,1/6/2025 12:00:00 AM,525,181.3,182.5,103.7,57.2,525.0,0.0,0.91,6.2,30.7,6.8,30.1,1,2/7/2025 11:06:28 AM
1/6/2025 6:00:00 AM,1/6/2025 1:00:00 AM,525,181.3,138.0,103.0,102.4,525.0,0.0,0.88,6.2,30.7,5.8,33.7,1,2/7/2025 11:06:28 AM
1/6/2025 7:00:00 AM,1/6/2025 2:00:00 AM,525,231.2,182.5,51.9,59.4,525.0,0.0,0.91,6.2,30.7,5.2,30.5,1,2/7/2025 11:06:28 AM
1/6/2025 8:00:00 AM,1/6/2025 3:00:00 AM,525,231.4,182.5,51.2,59.6,525.0,0.0,0.91,6.2,30.7,9.2,28.6,1,2/7/2025 11:06:28 AM
1/6/2025 9:00:00 AM,1/6/2025 4:00:00 AM,800,264.6,192.8,120.3,222.1,800.0,0.0,0.89,6.2,30.7,2.9,26.6,1,2/7/2025 11:06:28 AM
1/6/2025 10:00:00 AM,1/6/2025 5:00:00 AM,800,243.7,202.6,157.8,195.9,800.0,0.0,0.90,6.2,30.7,2.9,29.7,1,2/7/2025 11:06:28 AM
1/6/2025 11:00:00 AM,1/6/2025 6:00:00 AM,800,242.8,195.0,166.2,195.7,800.0,0.0,0.87,6.2,30.7,6.2,24.2,1,2/7/2025 11:06:28 AM
1/6/2025 12:00:00 PM,1/6/2025 7:00:00 AM,800,250.7,102.6,154.1,292.2,800.0,0.0,0.88,6.2,30.7,9.0,30.9,1,2/7/2025 11:06:28 AM
1/6/2025 1:00:00 PM,1/6/2025 8:00:00 AM,800,242.4,102.6,163.6,291.1,800.0,0.0,0.89,6.2,30.7,4.7,33.5,1,2/7/2025 11:06:28 AM
1/6/2025 2:00:00 PM,1/6/2025 9:00:00 AM,525,168.2,102.6,113.7,140.8,525.7,0.0,0.92,6.2,30.7,6.7,38.9,1,2/7/2025 11:06:28 AM
1/6/2025 3:00:00 PM,1/6/2025 10:00:00 AM,525,175.0,201.0,90.2,60.6,527.1,0.0,0.94,6.2,30.7,9.6,30.2,1,2/7/2025 11:06:28 AM
1/6/2025 4:00:00 PM,1/6/2025 11:00:00 AM,525,175.6,210.8,110.4,27.9,525.0,0.0,0.91,6.2,30.7,4.2,21.0,1,2/7/2025 11:06:28 AM
1/6/2025 5:00:00 PM,1/6/2025 12:00:00 PM,525,175.5,165.0,110.2,74.1,525.0,0.0,0.90,6.2,30.7,9.8,27.7,1,2/7/2025 11:06:28 AM
1/6/2025 6:00:00 PM,1/6/2025 1:00:00 PM,525,175.7,199.7,109.7,39.6,525.0,0.0,0.91,6.2,30.7,4.6,27.1,1,2/7/2025 11:06:28 AM
1/6/2025 7:00:00 PM,1/6/2025 2:00:00 PM,525,175.6,199.7,109.9,39.5,525.0,0.0,0.92,6.2,30.7,6.9,24.5,1,2/7/2025 11:06:28 AM
1/6/2025 8:00:00 PM,1/6/2025 3:00:00 PM,525,175.7,170.3,109.7,69.0,525.0,0.0,0.91,6.2,30.7,9.3,29.5,1,2/7/2025 11:06:27 AM
1/6/2025 9:00:00 PM,1/6/2025 4:00:00 PM,800,244.3,98.0,161.3,296.3,800.0,0.0,0.92,6.2,30.7,6.7,32.2,1,2/7/2025 11:06:27 AM
1/6/2025 10:00:00 PM,1/6/2025 5:00:00 PM,800,247.7,110.9,165.2,276.0,800.0,0.0,0.91,6.2,30.7,5.4,30.7,1,2/7/2025 11:06:27 AM
1/6/2025 11:00:00 PM,1/6/2025 6:00:00 PM,800,247.7,110.9,165.9,275.4,800.0,0.0,0.91,6.2,30.7,3.3,26.9,1,2/7/2025 11:06:27 AM
1/7/2025 12:00:00 AM,1/6/2025 7:00:00 PM,800,244.9,130.2,169.7,255.2,800.0,0.0,0.92,6.2,30.7,5.3,30.4,1,2/7/2025 11:06:27 AM
1/7/2025 1:00:00 AM,1/6/2025 8:00:00 PM,800,242.6,126.1,169.8,261.6,800.0,0.0,0.92,6.2,30.7,5.6,25.9,1,2/7/2025 11:06:27 AM
1/7/2025 2:00:00 AM,1/6/2025 9:00:00 PM,800,242.0,132.8,170.9,254.4,800.0,0.0,0.91,6.2,30.7,5.1,30.6,1,2/7/2025 11:06:27 AM
1/7/2025 3:00:00 AM,1/6/2025 10:00:00 PM,800,242.1,127.9,172.4,257.8,800.0,0.0,0.94,6.2,30.7,4.8,30.7,1,2/7/2025 11:06:27 AM
1/7/2025 4:00:00 AM,1/6/2025 11:00:00 PM,800,244.4,127.9,164.0,263.6,800.0,0.0,0.89,6.2,30.7,4.9,28.3,1,2/7/2025 11:06:28 AM
1/7/2025 5:00:00 AM,1/7/2025 12:00:00 AM,525,181.0,75.2,103.8,164.7,525.0,0.0,0.89,6.2,30.8,9.7,26.4,1,2/7/2025 11:06:28 AM
1/7/2025 6:00:00 AM,1/7/2025 1:00:00 AM,525,181.1,30.9,103.9,209.0,525.0,0.0,0.88,6.2,30.8,7.3,35.1,1,2/7/2025 11:06:28 AM
1/7/2025 7:00:00 AM,1/7/2025 2:00:00 AM,525,199.2,68.6,83.8,173.5,525.0,0.0,0.89,6.2,30.8,5.0,33.5,1,2/7/2025 11:06:28 AM
1/7/2025 8:00:00 AM,1/7/2025 3:00:00 AM,525,233.2,90.6,47.4,153.7,525.0,0.0,0.91,6.2,30.8,4.8,36.3,1,2/7/2025 11:06:28 AM
1/7/2025 9:00:00 AM,1/7/2025 4:00:00 AM,800,267.9,97.2,133.4,301.7,800.0,0.0,0.88,6.2,30.8,5.8,31.6,1,2/7/2025 11:06:28 AM
1/7/2025 10:00:00 AM,1/7/2025 5:00:00 AM,800,246.7,97.2,155.7,300.6,800.0,0.0,0.91,6.2,30.8,4.1,31.4,1,2/7/2025 11:06:28 AM
1/7/2025 11:00:00 AM,1/7/2025 6:00:00 AM,800,245.9,74.7,167.8,311.8,800.0,0.0,0.90,6.2,30.8,4.1,27.7,1,2/7/2025 11:06:28 AM
1/7/2025 12:00:00 PM,1/7/2025 7:00:00 AM,800,253.9,158.2,153.6,234.4,800.0,0.0,0.88,6.2,30.8,5.0,26.2,1,2/7/2025 11:06:28 AM
1/7/2025 1:00:00 PM,1/7/2025 8:00:00 AM,800,245.2,158.2,170.0,226.9,800.0,0.0,0.91,6.2,30.8,3.3,25.9,1,2/7/2025 11:06:28 AM
1/7/2025 2:00:00 PM,1/7/2025 9:00:00 AM,525,168.9,69.7,116.3,170.1,525.0,0.0,0.92,6.2,30.8,9.4,27.6,1,2/7/2025 11:06:28 AM
1/7/2025 3:00:00 PM,1/7/2025 10:00:00 AM,525,175.9,98.3,109.3,141.2,525.0,0.0,0.88,6.2,30.8,7.1,21.5,1,2/7/2025 11:06:28 AM
1/7/2025 4:00:00 PM,1/7/2025 11:00:00 AM,525,176.1,86.6,109.6,152.7,525.0,0.0,0.88,6.2,30.8,7.6,25.6,1,2/7/2025 11:06:28 AM
1/7/2025 5:00:00 PM,1/7/2025 12:00:00 PM,525,192.3,93.4,93.7,145.8,525.0,0.0,0.90,6.2,30.8,2.0,23.4,1,2/7/2025 11:06:28 AM
1/7/2025 6:00:00 PM,1/7/2025 1:00:00 PM,525,175.1,98.6,110.8,140.5,525.0,0.0,0.86,6.2,30.8,7.8,22.7,1,2/7/2025 11:06:28 AM
1/7/2025 7:00:00 PM,1/7/2025 2:00:00 PM,525,209.7,132.4,76.9,106.1,525.0,0.0,0.86,6.2,30.8,9.8,24.6,1,2/7/2025 11:06:28 AM
1/7/2025 8:00:00 PM,1/7/2025 3:00:00 PM,525,175.6,132.4,109.3,107.7,525.0,0.0,0.88,6.2,30.8,12.8,24.0,1,2/7/2025 11:06:28 AM
1/7/2025 9:00:00 PM,1/7/2025 4:00:00 PM,800,246.0,132.4,165.9,255.8,800.0,0.0,0.89,6.2,30.8,6.7,34.7,1,2/7/2025 11:06:28 AM
1/7/2025 10:00:00 PM,1/7/2025 5:00:00 PM,800,258.3,197.2,148.4,196.3,800.0,0.0,0.92,6.2,30.8,4.3,25.2,1,2/7/2025 11:06:28 AM
1/7/2025 11:00:00 PM,1/7/2025 6:00:00 PM,800,247.4,197.2,163.5,191.9,800.0,0.0,0.87,6.2,30.8,3.9,19.2,1,2/7/2025 11:06:27 AM
1/8/2025 12:00:00 AM,1/7/2025 7:00:00 PM,800,242.7,137.3,171.8,248.5,800.0,0.0,0.92,6.2,30.8,4.7,29.0,1,2/7/2025 11:06:27 AM
1/8/2025 1:00:00 AM,1/7/2025 8:00:00 PM,800,239.9,64.3,173.0,322.8,800.0,0.0,0.93,6.2,30.8,5.5,30.4,1,2/7/2025 11:06:27 AM
1/8/2025 2:00:00 AM,1/7/2025 9:00:00 PM,800,239.8,59.3,172.9,327.9,800.0,0.0,0.92,6.2,30.8,3.3,25.2,1,2/7/2025 11:06:27 AM
1/8/2025 3:00:00 AM,1/7/2025 10:00:00 PM,800,250.8,45.9,151.6,351.8,800.0,0.0,0.90,6.2,30.8,5.4,21.3,1,2/7/2025 11:06:27 AM
1/8/2025 4:00:00 AM,1/7/2025 11:00:00 PM,800,253.0,45.9,144.6,356.8,800.0,0.0,0.91,6.2,30.8,5.7,31.9,1,2/7/2025 11:06:27 AM
1/8/2025 5:00:00 AM,1/8/2025 12:00:00 AM,525,197.6,74.9,87.7,164.9,525.0,0.0,0.92,6.2,30.9,8.8,33.8,1,2/7/2025 11:06:27 AM
1/8/2025 6:00:00 AM,1/8/2025 1:00:00 AM,525,197.6,30.7,87.6,209.1,525.0,0.0,0.87,6.2,30.9,2.0,21.7,1,2/7/2025 11:06:27 AM
1/8/2025 7:00:00 AM,1/8/2025 2:00:00 AM,525,197.6,68.1,87.5,171.8,525.0,0.0,0.90,6.2,30.9,5.0,31.1,1,2/7/2025 11:06:28 AM
1/8/2025 8:00:00 AM,1/8/2025 3:00:00 AM,525,231.0,68.1,49.3,176.4,525.0,0.0,0.91,6.2,30.9,9.0,24.5,1,2/7/2025 11:06:28 AM
1/8/2025 9:00:00 AM,1/8/2025 4:00:00 AM,800,274.7,104.8,113.6,306.6,800.0,0.0,0.90,6.2,30.9,3.9,27.2,1,2/7/2025 11:06:28 AM
1/8/2025 10:00:00 AM,1/8/2025 5:00:00 AM,800,252.9,104.8,139.5,302.6,800.0,0.0,0.90,6.2,30.9,5.1,30.9,1,2/7/2025 11:06:28 AM
1/8/2025 11:00:00 AM,1/8/2025 6:00:00 AM,800,250.9,27.8,153.6,367.8,800.0,0.0,0.90,6.2,30.9,4.7,26.0,1,2/7/2025 11:06:28 AM
1/8/2025 12:00:00 PM,1/8/2025 7:00:00 AM,800,258.8,109.7,139.6,291.8,800.0,0.0,0.88,6.2,30.9,5.0,29.2,1,2/7/2025 11:06:28 AM
1/8/2025 1:00:00 PM,1/8/2025 8:00:00 AM,800,251.9,109.7,151.7,287.0,800.0,0.0,0.88,6.2,30.9,4.6,17.4,1,2/7/2025 11:06:28 AM
1/8/2025 2:00:00 PM,1/8/2025 9:00:00 AM,525,184.9,27.8,100.8,211.4,525.0,0.0,0.90,6.2,30.9,6.1,27.4,1,2/7/2025 11:06:28 AM
1/8/2025 3:00:00 PM,1/8/2025 10:00:00 AM,525,192.1,31.4,93.6,207.9,525.0,0.0,0.90,6.2,30.9,5.4,24.0,1,2/7/2025 11:06:28 AM
1/8/2025 4:00:00 PM,1/8/2025 11:00:00 AM,525,192.2,121.9,92.3,118.8,525.0,0.0,0.89,6.2,30.9,2.5,31.3,1,2/7/2025 11:06:28 AM
1/8/2025 5:00:00 PM,1/8/2025 12:00:00 PM,525,192.2,121.9,93.3,117.6,525.0,0.0,0.89,6.2,30.9,4.4,24.2,1,2/7/2025 11:06:28 AM
1/8/2025 6:00:00 PM,1/8/2025 1:00:00 PM,525,192.2,170.9,93.2,68.8,525.0,0.0,0.90,6.2,30.9,4.7,26.4,1,2/7/2025 11:06:28 AM
1/8/2025 7:00:00 PM,1/8/2025 2:00:00 PM,525,175.6,170.9,110.0,68.5,525.0,0.0,0.90,6.2,30.9,4.7,24.8,1,2/7/2025 11:06:28 AM
1/8/2025 8:00:00 PM,1/8/2025 3:00:00 PM,525,193.4,97.5,91.9,142.2,525.0,0.0,0.90,6.2,30.9,8.1,22.7,1,2/7/2025 11:06:28 AM
1/8/2025 9:00:00 PM,1/8/2025 4:00:00 PM,800,257.9,98.4,133.8,309.9,800.0,0.0,0.87,6.2,30.9,6.8,28.7,1,2/7/2025 11:06:28 AM
1/8/2025 10:00:00 PM,1/8/2025 5:00:00 PM,800,248.0,36.4,149.9,365.8,800.0,0.0,0.89,6.2,30.9,6.7,23.4,1,2/7/2025 11:06:28 AM
1/8/2025 11:00:00 PM,1/8/2025 6:00:00 PM,800,247.9,118.3,152.0,281.8,800.0,0.0,0.91,6.2,30.9,3.8,26.2,1,2/7/2025 11:06:28 AM
1/9/2025 12:00:00 AM,1/8/2025 7:00:00 PM,800,254.3,111.5,141.7,292.6,800.0,0.0,0.91,6.2,30.9,6.9,27.9,1,2/7/2025 11:06:28 AM
1/9/2025 1:00:00 AM,1/8/2025 8:00:00 PM,800,254.3,56.9,146.6,342.2,800.0,0.0,0.91,6.2,30.9,3.7,26.3,1,2/7/2025 11:06:28 AM
1/9/2025 2:00:00 AM,1/8/2025 9:00:00 PM,800,254.3,123.2,145.7,276.9,800.0,0.0,0.90,6.2,30.9,6.3,26.4,1,2/7/2025 11:06:28 AM
1/9/2025 3:00:00 AM,1/8/2025 10:00:00 PM,800,254.4,124.1,142.6,279.1,800.0,0.0,0.90,6.2,30.9,6.0,20.4,1,2/7/2025 11:06:28 AM
1/9/2025 4:00:00 AM,1/8/2025 11:00:00 PM,800,256.4,124.1,134.6,284.8,800.0,0.0,0.88,6.2,30.9,6.1,35.1,1,2/7/2025 11:06:28 AM
1/9/2025 5:00:00 AM,1/9/2025 12:00:00 AM,525,198.8,74.2,84.6,167.5,525.0,0.0,0.90,6.2,30.9,8.6,27.0,1,2/7/2025 11:06:28 AM
1/9/2025 6:00:00 AM,1/9/2025 1:00:00 AM,525,198.8,60.3,84.6,181.5,525.0,0.0,0.88,6.2,30.9,9.8,30.0,1,2/7/2025 11:06:28 AM
1/9/2025 7:00:00 AM,1/9/2025 2:00:00 AM,525,198.9,67.5,83.9,174.6,525.0,0.0,0.89,6.2,30.9,9.7,34.4,1,2/7/2025 11:06:28 AM
1/9/2025 8:00:00 AM,1/9/2025 3:00:00 AM,525,232.8,67.5,45.4,179.3,525.0,0.0,0.92,6.2,30.9,7.9,29.2,1,2/7/2025 11:06:28 AM
1/9/2025 9:00:00 AM,1/9/2025 4:00:00 AM,800,278.2,104.2,111.1,306.7,800.0,0.0,0.91,6.2,30.9,4.2,34.3,1,2/7/2025 11:06:28 AM
1/9/2025 10:00:00 AM,1/9/2025 5:00:00 AM,800,256.0,8.6,139.1,396.1,800.0,0.0,0.93,6.2,30.9,3.1,32.7,1,2/7/2025 11:06:28 AM
1/9/2025 11:00:00 AM,1/9/2025 6:00:00 AM,800,254.0,32.8,141.9,371.2,800.0,0.0,0.89,6.2,30.9,5.7,21.8,1,2/7/2025 11:06:28 AM
1/9/2025 12:00:00 PM,1/9/2025 7:00:00 AM,800,261.9,31.1,131.1,375.6,800.0,0.0,0.90,6.2,30.9,4.5,25.4,1,2/7/2025 11:06:28 AM
1/9/2025 1:00:00 PM,1/9/2025 8:00:00 AM,800,254.9,174.6,143.3,227.1,800.0,0.0,0.89,6.2,30.9,3.7,16.7,1,2/7/2025 11:06:27 AM
1/9/2025 2:00:00 PM,1/9/2025 9:00:00 AM,525,185.8,106.6,99.7,133.0,525.0,0.0,0.87,6.2,30.9,6.8,19.4,1,2/7/2025 11:06:27 AM
1/9/2025 3:00:00 PM,1/9/2025 10:00:00 AM,525,193.1,113.8,92.5,126.0,525.0,0.0,0.88,6.2,30.9,9.5,34.0,1,2/7/2025 11:06:27 AM
1/9/2025 4:00:00 PM,1/9/2025 11:00:00 AM,525,193.2,171.8,92.2,68.1,525.0,0.0,0.92,6.2,30.9,1.8,28.4,1,2/7/2025 11:06:27 AM
1/9/2025 5:00:00 PM,1/9/2025 12:00:00 PM,525,193.3,171.8,92.0,68.3,525.0,0.0,0.90,6.2,30.9,7.2,30.6,1,2/7/2025 11:06:27 AM
1/9/2025 6:00:00 PM,1/9/2025 1:00:00 PM,525,193.1,178.5,92.4,61.2,525.0,0.0,0.91,6.2,30.9,0.7,28.5,1,2/7/2025 11:06:27 AM
1/9/2025 7:00:00 PM,1/9/2025 2:00:00 PM,525,193.0,186.9,92.1,53.2,525.0,0.0,0.89,6.2,30.9,3.5,29.0,1,2/7/2025 11:06:28 AM
1/9/2025 8:00:00 PM,1/9/2025 3:00:00 PM,525,193.0,59.4,92.2,180.6,525.0,0.0,0.86,6.2,30.9,10.1,28.6,1,2/7/2025 11:06:28 AM
1/9/2025 9:00:00 PM,1/9/2025 4:00:00 PM,800,262.1,92.7,131.3,314.0,800.0,0.0,0.84,6.2,30.9,8.1,32.2,1,2/7/2025 11:06:28 AM
1/9/2025 10:00:00 PM,1/9/2025 5:00:00 PM,800,263.4,31.1,130.9,374.6,800.0,0.0,0.89,6.2,30.9,4.9,29.3,1,2/7/2025 11:06:28 AM
1/9/2025 11:00:00 PM,1/9/2025 6:00:00 PM,800,258.9,85.7,130.6,324.9,800.0,0.0,0.92,6.2,30.9,4.1,33.6,1,2/7/2025 11:06:28 AM
1/10/2025 12:00:00 AM,1/9/2025 7:00:00 PM,800,256.9,24.4,142.7,376.2,800.0,0.0,0.89,6.2,30.9,5.4,33.4,1,2/7/2025 11:06:28 AM
1/10/2025 1:00:00 AM,1/9/2025 8:00:00 PM,800,256.7,24.4,146.6,372.5,800.0,0.0,0.89,6.2,30.9,7.1,28.0,1,2/7/2025 11:06:28 AM
1/10/2025 2:00:00 AM,1/9/2025 9:00:00 PM,800,256.7,45.8,146.8,350.8,800.0,0.0,0.88,6.2,30.9,6.8,30.6,1,2/7/2025 11:06:28 AM
1/10/2025 3:00:00 AM,1/9/2025 10:00:00 PM,800,256.8,115.3,141.1,286.9,800.0,0.0,0.86,6.2,30.9,5.9,29.0,1,2/7/2025 11:06:28 AM
1/10/2025 4:00:00 AM,1/9/2025 11:00:00 PM,800,258.7,159.2,138.6,243.7,800.0,0.0,0.88,6.2,30.9,7.6,30.7,1,2/7/2025 11:06:28 AM
1/10/2025 5:00:00 AM,1/10/2025 12:00:00 AM,525,198.6,143.0,84.8,98.7,525.0,0.0,0.89,6.2,31.0,10.9,28.1,1,2/7/2025 11:06:28 AM
1/10/2025 6:00:00 AM,1/10/2025 1:00:00 AM,525,198.6,99.3,85.0,142.2,525.0,0.0,0.90,6.2,31.0,7.2,35.4,1,2/7/2025 11:06:28 AM
1/10/2025 7:00:00 AM,1/10/2025 2:00:00 AM,525,198.6,72.1,84.8,169.8,525.0,0.0,0.90,6.2,31.0,6.5,26.6,1,2/7/2025 11:06:28 AM
1/10/2025 8:00:00 AM,1/10/2025 3:00:00 AM,525,233.1,72.1,44.7,175.3,525.0,0.0,0.87,6.2,31.0,11.5,35.4,1,2/7/2025 11:06:28 AM
1/10/2025 9:00:00 AM,1/10/2025 4:00:00 AM,800,280.4,78.7,113.5,327.4,800.0,0.0,0.90,6.2,31.0,5.3,32.3,1,2/7/2025 11:06:28 AM
1/10/2025 10:00:00 AM,1/10/2025 5:00:00 AM,800,257.8,103.9,138.1,300.3,800.0,0.0,0.91,6.2,31.0,0.8,25.8,1,2/7/2025 11:06:28 AM
1/10/2025 11:00:00 AM,1/10/2025 6:00:00 AM,800,255.8,38.2,142.5,363.6,800.0,0.0,0.87,6.2,31.0,6.9,26.6,1,2/7/2025 11:06:27 AM
1/10/2025 12:00:00 PM,1/10/2025 7:00:00 AM,800,263.9,120.1,129.2,287.1,800.0,0.0,0.87,6.2,31.0,5.0,19.3,1,2/7/2025 11:06:27 AM
1/10/2025 1:00:00 PM,1/10/2025 8:00:00 AM,800,256.8,120.1,137.0,286.3,800.0,0.0,0.89,6.2,31.0,6.9,29.7,1,2/7/2025 11:06:27 AM
1/10/2025 2:00:00 PM,1/10/2025 9:00:00 AM,525,185.8,36.5,99.2,203.8,525.0,0.0,0.88,6.2,31.0,7.5,27.2,1,2/7/2025 11:06:27 AM
1/10/2025 3:00:00 PM,1/10/2025 10:00:00 AM,525,192.9,124.2,90.7,117.4,525.1,0.0,0.90,6.2,31.0,6.8,26.4,1,2/7/2025 11:06:27 AM
1/10/2025 4:00:00 PM,1/10/2025 11:00:00 AM,525,192.9,158.6,91.9,81.4,525.0,0.0,0.90,6.2,31.0,7.1,29.9,1,2/7/2025 11:06:27 AM
1/10/2025 5:00:00 PM,1/10/2025 12:00:00 PM,525,193.0,158.6,91.7,81.6,525.0,0.0,0.92,6.2,31.0,4.5,29.2,1,2/7/2025 11:06:27 AM
1/10/2025 6:00:00 PM,1/10/2025 1:00:00 PM,525,192.9,183.8,92.0,56.3,525.0,0.0,0.90,6.2,31.0,7.3,32.7,1,2/7/2025 11:06:27 AM
1/10/2025 7:00:00 PM,1/10/2025 2:00:00 PM,525,192.9,200.7,92.0,39.3,525.0,0.0,0.91,6.2,31.0,4.6,38.3,1,2/7/2025 11:06:27 AM
1/10/2025 8:00:00 PM,1/10/2025 3:00:00 PM,525,192.9,117.2,92.0,123.1,525.0,0.0,0.89,6.2,31.0,6.1,34.8,1,2/7/2025 11:06:28 AM
1/10/2025 9:00:00 PM,1/10/2025 4:00:00 PM,800,259.1,118.0,147.3,275.6,800.0,0.0,0.89,6.2,31.0,7.9,26.1,1,2/7/2025 11:06:28 AM
1/10/2025 10:00:00 PM,1/10/2025 5:00:00 PM,800,260.4,120.5,147.3,271.6,800.0,0.0,0.91,6.2,31.0,2.1,32.6,1,2/7/2025 11:06:28 AM
1/10/2025 11:00:00 PM,1/10/2025 6:00:00 PM,800,260.4,120.5,146.7,272.7,800.0,0.0,0.91,6.2,31.0,3.3,24.7,1,2/7/2025 11:06:28 AM
1/11/2025 12:00:00 AM,1/10/2025 7:00:00 PM,800,255.7,113.9,153.6,277.0,800.0,0.0,0.89,6.2,31.0,4.7,29.9,1,2/7/2025 11:06:28 AM
1/11/2025 1:00:00 AM,1/10/2025 8:00:00 PM,800,258.8,113.9,151.8,275.6,800.0,0.0,0.89,6.2,31.0,5.5,34.3,1,2/7/2025 11:06:28 AM
1/11/2025 2:00:00 AM,1/10/2025 9:00:00 PM,800,259.5,120.5,150.2,269.6,800.0,0.0,0.90,6.2,31.0,5.4,34.4,1,2/7/2025 11:06:28 AM
1/11/2025 3:00:00 AM,1/10/2025 10:00:00 PM,800,259.5,106.5,149.4,284.7,800.0,0.0,0.92,6.2,31.0,4.1,26.6,1,2/7/2025 11:06:28 AM
1/11/2025 4:00:00 AM,1/10/2025 11:00:00 PM,800,261.5,106.5,142.4,289.7,800.0,0.0,0.91,6.2,31.0,4.0,25.7,1,2/7/2025 11:06:28 AM
1/11/2025 5:00:00 AM,1/11/2025 12:00:00 AM,525,183.2,73.2,100.8,167.6,525.0,0.0,0.86,6.2,31.1,7.1,20.5,1,2/7/2025 11:06:28 AM
1/11/2025 6:00:00 AM,1/11/2025 1:00:00 AM,525,183.0,59.2,101.3,181.4,525.0,0.0,0.89,6.2,31.1,6.9,36.2,1,2/7/2025 11:06:28 AM
1/11/2025 7:00:00 AM,1/11/2025 2:00:00 AM,525,235.5,66.7,48.3,174.6,525.0,0.0,0.88,6.2,31.1,5.7,38.9,1,2/7/2025 11:06:28 AM
1/11/2025 8:00:00 AM,1/11/2025 3:00:00 AM,525,235.8,126.4,45.8,116.9,525.0,0.0,0.88,6.2,31.1,10.0,26.1,1,2/7/2025 11:06:28 AM
1/11/2025 9:00:00 AM,1/11/2025 4:00:00 AM,800,273.0,103.0,122.2,301.7,800.0,0.0,0.86,6.2,31.1,8.0,30.4,1,2/7/2025 11:06:28 AM
1/11/2025 10:00:00 AM,1/11/2025 5:00:00 AM,800,250.2,103.0,157.0,290.1,800.0,0.0,0.92,6.2,31.1,3.5,30.0,1,2/7/2025 11:06:28 AM
1/11/2025 11:00:00 AM,1/11/2025 6:00:00 AM,800,247.1,103.0,162.7,287.2,800.0,0.0,0.88,6.2,31.1,6.1,26.2,1,2/7/2025 11:06:28 AM
1/11/2025 12:00:00 PM,1/11/2025 7:00:00 AM,800,256.0,103.0,151.9,288.9,800.0,0.0,0.89,6.2,31.1,7.7,28.3,1,2/7/2025 11:06:28 AM
1/11/2025 1:00:00 PM,1/11/2025 8:00:00 AM,800,248.7,103.0,162.1,286.2,800.0,0.0,0.91,6.2,31.1,6.4,28.9,1,2/7/2025 11:06:27 AM
1/11/2025 2:00:00 PM,1/11/2025 9:00:00 AM,525,170.6,73.2,113.8,167.5,525.0,0.0,0.89,6.2,31.1,8.5,19.0,1,2/7/2025 11:06:27 AM
1/11/2025 3:00:00 PM,1/11/2025 10:00:00 AM,525,170.6,52.2,113.8,188.6,525.0,0.0,0.92,6.2,31.1,5.2,24.1,1,2/7/2025 11:06:27 AM
1/11/2025 4:00:00 PM,1/11/2025 11:00:00 AM,525,170.6,60.4,113.2,180.9,525.0,0.0,0.91,6.2,31.1,5.3,17.0,1,2/7/2025 11:06:27 AM
1/11/2025 5:00:00 PM,1/11/2025 12:00:00 PM,525,170.6,89.3,113.8,151.2,525.0,0.0,0.94,6.2,31.1,4.7,30.7,1,2/7/2025 11:06:27 AM
1/11/2025 6:00:00 PM,1/11/2025 1:00:00 PM,525,170.6,87.7,113.8,152.9,525.0,0.0,0.92,6.2,31.1,5.5,24.2,1,2/7/2025 11:06:27 AM
1/11/2025 7:00:00 PM,1/11/2025 2:00:00 PM,525,170.6,146.9,113.2,94.3,525.0,0.0,0.91,6.2,31.1,9.6,42.9,1,2/7/2025 11:06:27 AM
1/11/2025 8:00:00 PM,1/11/2025 3:00:00 PM,525,170.6,78.1,113.2,163.3,525.0,0.0,0.92,6.2,31.1,9.0,33.2,1,2/7/2025 11:06:27 AM
1/11/2025 9:00:00 PM,1/11/2025 4:00:00 PM,800,246.8,78.1,171.7,303.8,800.0,0.0,0.90,6.2,31.1,5.3,33.0,1,2/7/2025 11:06:28 AM
1/11/2025 10:00:00 PM,1/11/2025 5:00:00 PM,800,246.8,18.8,170.3,364.2,800.0,0.0,0.90,6.2,31.1,5.5,28.7,1,2/7/2025 11:06:28 AM
1/11/2025 11:00:00 PM,1/11/2025 6:00:00 PM,800,246.9,18.8,170.0,364.3,800.0,0.0,0.91,6.2,31.1,3.0,24.9,1,2/7/2025 11:06:28 AM
1/12/2025 12:00:00 AM,1/11/2025 7:00:00 PM,800,246.8,82.4,167.0,303.8,800.0,0.0,0.89,6.2,31.1,4.2,22.1,1,2/7/2025 11:06:28 AM
1/12/2025 1:00:00 AM,1/11/2025 8:00:00 PM,800,246.8,63.1,170.7,319.5,800.0,0.0,0.88,6.2,31.1,6.4,25.4,1,2/7/2025 11:06:28 AM
1/12/2025 2:00:00 AM,1/11/2025 9:00:00 PM,800,246.8,69.6,168.7,315.0,800.0,0.0,0.87,6.2,31.1,6.7,27.1,1,2/7/2025 11:06:28 AM
1/12/2025 3:00:00 AM,1/11/2025 10:00:00 PM,800,246.8,78.1,169.4,305.7,800.0,0.0,0.90,6.2,31.1,6.6,25.5,1,2/7/2025 11:06:28 AM
1/12/2025 4:00:00 AM,1/11/2025 11:00:00 PM,800,249.8,69.6,163.8,316.9,800.0,0.0,0.90,6.2,31.1,6.2,27.2,1,2/7/2025 11:06:27 AM
1/12/2025 5:00:00 AM,1/12/2025 12:00:00 AM,525,182.7,81.8,101.2,159.3,525.0,0.0,0.91,6.2,31.1,9.2,28.5,1,2/7/2025 11:06:27 AM
1/12/2025 6:00:00 AM,1/12/2025 1:00:00 AM,525,182.7,67.9,101.6,172.8,525.0,0.0,0.89,6.2,31.1,11.1,29.2,1,2/7/2025 11:06:27 AM
1/12/2025 7:00:00 AM,1/12/2025 2:00:00 AM,525,235.0,105.0,46.9,137.8,525.0,0.0,0.89,6.2,31.1,7.8,29.1,1,2/7/2025 11:06:27 AM
1/12/2025 8:00:00 AM,1/12/2025 3:00:00 AM,525,236.0,115.4,45.7,127.8,525.0,0.0,0.89,6.2,31.1,8.3,31.7,1,2/7/2025 11:06:27 AM
1/12/2025 9:00:00 AM,1/12/2025 4:00:00 AM,800,273.5,121.9,121.1,283.7,800.0,0.0,0.90,6.2,31.1,6.0,32.9,1,2/7/2025 11:06:27 AM
1/12/2025 10:00:00 AM,1/12/2025 5:00:00 AM,800,250.7,121.9,155.7,271.9,800.0,0.0,0.90,6.2,31.1,6.0,35.8,1,2/7/2025 11:06:27 AM
1/12/2025 11:00:00 AM,1/12/2025 6:00:00 AM,800,245.2,62.5,163.8,329.0,800.0,0.0,0.91,6.2,31.1,3.1,28.8,1,2/7/2025 11:06:27 AM
1/12/2025 12:00:00 PM,1/12/2025 7:00:00 AM,800,254.0,62.5,152.3,331.6,800.0,0.0,0.92,6.2,31.1,6.5,28.5,1,2/7/2025 11:06:27 AM
1/12/2025 1:00:00 PM,1/12/2025 8:00:00 AM,800,246.7,128.9,168.1,256.3,800.0,0.0,0.90,6.2,31.1,2.0,24.8,1,2/7/2025 11:06:28 AM
1/12/2025 2:00:00 PM,1/12/2025 9:00:00 AM,525,170.2,69.4,113.9,171.5,525.0,0.0,0.90,6.2,31.1,2.0,20.7,1,2/7/2025 11:06:28 AM
1/12/2025 3:00:00 PM,1/12/2025 10:00:00 AM,525,170.2,69.4,113.9,171.4,525.0,0.0,0.90,6.2,31.1,7.2,27.5,1,2/7/2025 11:06:28 AM
1/12/2025 4:00:00 PM,1/12/2025 11:00:00 AM,525,170.2,146.5,113.9,94.3,525.0,0.0,0.90,6.2,31.1,7.6,30.8,1,2/7/2025 11:06:28 AM
1/12/2025 5:00:00 PM,1/12/2025 12:00:00 PM,525,170.2,121.3,113.9,119.3,525.0,0.0,0.92,6.2,31.1,3.8,27.6,1,2/7/2025 11:06:28 AM
1/12/2025 6:00:00 PM,1/12/2025 1:00:00 PM,525,170.2,109.4,114.4,130.8,525.0,0.0,0.89,6.2,31.1,9.5,31.4,1,2/7/2025 11:06:28 AM
1/12/2025 7:00:00 PM,1/12/2025 2:00:00 PM,525,170.2,168.8,114.3,71.4,525.0,0.0,0.92,6.2,31.1,6.7,31.6,1,2/7/2025 11:06:28 AM
1/12/2025 8:00:00 PM,1/12/2025 3:00:00 PM,525,170.2,85.3,113.8,155.5,525.0,0.0,0.91,6.2,31.1,6.4,27.4,1,2/7/2025 11:06:28 AM
1/12/2025 9:00:00 PM,1/12/2025 4:00:00 PM,800,245.0,85.3,170.4,299.5,800.0,0.0,0.87,6.2,31.1,7.1,32.1,1,2/7/2025 11:06:28 AM
1/12/2025 10:00:00 PM,1/12/2025 5:00:00 PM,800,244.9,85.3,171.8,298.5,800.0,0.0,0.89,6.2,31.1,5.3,28.4,1,2/7/2025 11:06:28 AM
1/12/2025 11:00:00 PM,1/12/2025 6:00:00 PM,800,244.9,85.3,172.6,297.5,800.0,0.0,0.92,6.2,31.1,5.0,32.7,1,2/7/2025 11:06:28 AM
1/13/2025 12:00:00 AM,1/12/2025 7:00:00 PM,800,244.8,78.8,173.3,303.4,800.0,0.0,0.90,6.2,31.1,6.7,36.3,1,2/7/2025 11:06:28 AM
1/13/2025 1:00:00 AM,1/12/2025 8:00:00 PM,800,244.8,78.8,173.3,303.5,800.0,0.0,0.91,6.2,31.1,4.8,34.4,1,2/7/2025 11:06:28 AM
1/13/2025 2:00:00 AM,1/12/2025 9:00:00 PM,800,244.9,85.3,172.2,298.0,800.0,0.0,0.90,6.2,31.1,5.1,31.5,1,2/7/2025 11:06:28 AM
1/13/2025 3:00:00 AM,1/12/2025 10:00:00 PM,800,244.9,85.3,167.1,303.3,800.0,0.0,0.89,6.2,31.1,6.2,34.8,1,2/7/2025 11:06:28 AM
1/13/2025 4:00:00 AM,1/12/2025 11:00:00 PM,800,248.0,85.3,160.7,305.8,800.0,0.0,0.91,6.2,31.1,6.5,28.6,1,2/7/2025 11:06:27 AM
1/13/2025 5:00:00 AM,1/13/2025 12:00:00 AM,525,183.1,118.4,101.5,121.9,525.0,0.0,0.91,6.2,31.0,4.6,32.7,1,2/7/2025 11:06:27 AM
1/13/2025 6:00:00 AM,1/13/2025 1:00:00 AM,525,183.1,74.9,101.3,165.4,525.0,0.0,0.89,6.2,31.0,7.3,28.1,1,2/7/2025 11:06:27 AM
1/13/2025 7:00:00 AM,1/13/2025 2:00:00 AM,525,234.8,111.8,48.2,130.5,525.0,0.0,0.91,6.2,31.0,3.1,32.2,1,2/7/2025 11:06:27 AM
1/13/2025 8:00:00 AM,1/13/2025 3:00:00 AM,525,234.9,122.3,46.6,121.3,525.0,0.0,0.91,6.2,31.0,4.9,37.5,1,2/7/2025 11:06:27 AM
1/13/2025 9:00:00 AM,1/13/2025 4:00:00 AM,800,272.0,128.9,121.6,277.1,800.0,0.0,0.88,6.2,31.0,5.4,30.2,1,2/7/2025 11:06:27 AM
1/13/2025 10:00:00 AM,1/13/2025 5:00:00 AM,800,249.3,128.9,159.1,262.5,800.0,0.0,0.90,6.2,31.0,4.4,25.3,1,2/7/2025 11:06:27 AM
1/13/2025 11:00:00 AM,1/13/2025 6:00:00 AM,800,246.1,112.8,158.2,283.0,800.0,0.0,0.91,6.2,31.0,3.2,25.6,1,2/7/2025 11:06:27 AM
1/13/2025 12:00:00 PM,1/13/2025 7:00:00 AM,800,253.8,117.2,156.8,271.9,800.0,0.0,0.90,6.2,31.0,6.7,28.9,1,2/7/2025 11:06:27 AM
1/13/2025 1:00:00 PM,1/13/2025 8:00:00 AM,800,247.4,48.5,162.1,341.9,800.0,0.0,0.91,6.2,31.0,3.6,23.9,1,2/7/2025 11:06:27 AM
1/13/2025 2:00:00 PM,1/13/2025 9:00:00 AM,525,169.7,127.0,113.9,114.3,525.0,0.0,0.92,6.2,31.0,9.2,27.2,1,2/7/2025 11:06:27 AM
1/13/2025 3:00:00 PM,1/13/2025 10:00:00 AM,525,175.8,151.5,108.8,88.7,525.0,0.0,0.88,6.2,31.0,5.9,32.5,1,2/7/2025 11:06:28 AM
1/13/2025 4:00:00 PM,1/13/2025 11:00:00 AM,525,175.7,205.7,108.8,34.5,525.0,0.0,0.81,6.2,31.0,5.0,28.8,1,2/7/2025 11:06:28 AM
1/13/2025 5:00:00 PM,1/13/2025 12:00:00 PM,525,176.1,180.6,108.8,59.1,525.0,0.0,0.80,6.2,31.0,6.6,28.2,1,2/7/2025 11:06:28 AM
1/13/2025 6:00:00 PM,1/13/2025 1:00:00 PM,525,104.5,217.2,155.0,48.2,525.0,0.0,0.79,6.2,31.0,7.2,24.1,1,2/7/2025 11:06:28 AM
1/13/2025 7:00:00 PM,1/13/2025 2:00:00 PM,525,176.1,168.8,108.8,70.9,525.0,0.0,0.84,6.2,31.0,6.8,29.0,1,2/7/2025 11:06:28 AM
1/13/2025 8:00:00 PM,1/13/2025 3:00:00 PM,525,227.7,168.8,55.0,73.5,525.0,0.0,0.86,6.2,31.0,6.7,35.1,1,2/7/2025 11:06:28 AM
1/13/2025 9:00:00 PM,1/13/2025 4:00:00 PM,800,271.5,187.9,122.6,217.7,800.0,0.0,0.90,6.2,31.0,6.7,29.1,1,2/7/2025 11:06:28 AM
1/13/2025 10:00:00 PM,1/13/2025 5:00:00 PM,800,254.4,75.2,154.5,315.8,800.0,0.0,0.88,6.2,31.0,6.1,28.5,1,2/7/2025 11:06:28 AM
1/13/2025 11:00:00 PM,1/13/2025 6:00:00 PM,800,249.8,75.2,161.9,313.1,800.0,0.0,0.90,6.2,31.0,3.6,26.6,1,2/7/2025 11:06:28 AM
1/14/2025 12:00:00 AM,1/13/2025 7:00:00 PM,800,248.3,128.1,167.5,256.3,800.0,0.0,0.90,6.2,31.0,3.8,29.0,1,2/7/2025 11:06:28 AM
1/14/2025 1:00:00 AM,1/13/2025 8:00:00 PM,800,248.3,120.0,171.4,260.9,800.0,0.0,0.90,6.2,31.0,4.0,21.4,1,2/7/2025 11:06:28 AM
1/14/2025 2:00:00 AM,1/13/2025 9:00:00 PM,800,248.3,101.0,167.7,283.4,800.0,0.0,0.91,6.2,31.0,5.1,26.6,1,2/7/2025 11:06:28 AM
1/14/2025 3:00:00 AM,1/13/2025 10:00:00 PM,800,248.3,113.3,167.7,270.7,800.0,0.0,0.91,6.2,31.0,3.5,30.7,1,2/7/2025 11:06:28 AM
1/14/2025 4:00:00 AM,1/13/2025 11:00:00 PM,800,251.4,85.4,163.3,299.8,800.0,0.0,0.88,6.2,31.0,7.5,27.2,1,2/7/2025 11:06:28 AM
1/14/2025 5:00:00 AM,1/14/2025 12:00:00 AM,525,184.7,59.2,99.4,181.7,525.0,0.0,0.87,6.2,31.0,9.5,30.5,1,2/7/2025 11:06:28 AM
1/14/2025 6:00:00 AM,1/14/2025 1:00:00 AM,525,184.7,134.4,99.1,106.5,525.0,0.0,0.88,6.2,31.0,10.0,20.6,1,2/7/2025 11:06:28 AM
1/14/2025 7:00:00 AM,1/14/2025 2:00:00 AM,525,202.3,123.0,81.0,118.8,525.0,0.0,0.89,6.2,31.0,5.9,34.2,1,2/7/2025 11:06:27 AM
1/14/2025 8:00:00 AM,1/14/2025 3:00:00 AM,525,202.4,63.5,80.9,178.4,525.0,0.0,0.90,6.2,31.0,5.4,30.0,1,2/7/2025 11:06:27 AM
1/14/2025 9:00:00 AM,1/14/2025 4:00:00 AM,800,252.1,70.1,156.4,321.7,800.0,0.0,0.92,6.2,31.0,6.4,26.7,1,2/7/2025 11:06:27 AM
1/14/2025 10:00:00 AM,1/14/2025 5:00:00 AM,800,251.9,42.0,156.6,349.8,800.0,0.0,0.88,6.2,31.0,2.2,13.7,1,2/7/2025 11:06:27 AM
1/14/2025 11:00:00 AM,1/14/2025 6:00:00 AM,800,253.6,63.9,154.1,328.3,800.0,0.0,0.90,6.2,31.0,6.5,22.0,1,2/7/2025 11:06:27 AM
1/14/2025 12:00:00 PM,1/14/2025 7:00:00 AM,800,261.2,70.8,149.9,318.3,800.0,0.0,0.91,6.2,31.0,4.6,27.7,1,2/7/2025 11:06:27 AM
1/14/2025 1:00:00 PM,1/14/2025 8:00:00 AM,800,254.5,70.8,161.2,313.5,800.0,0.0,0.88,6.2,31.0,1.1,15.8,1,2/7/2025 11:06:27 AM
1/14/2025 2:00:00 PM,1/14/2025 9:00:00 AM,525,177.2,126.9,107.3,113.6,525.0,0.0,0.88,6.2,31.0,9.4,20.4,1,2/7/2025 11:06:28 AM
1/14/2025 3:00:00 PM,1/14/2025 10:00:00 AM,525,183.5,231.6,101.5,8.3,525.0,0.0,0.89,6.2,31.0,9.2,24.3,1,2/7/2025 11:06:28 AM
1/14/2025 4:00:00 PM,1/14/2025 11:00:00 AM,525,229.0,195.6,55.3,44.9,525.0,0.0,0.91,6.2,31.0,8.6,33.7,1,2/7/2025 11:06:28 AM
1/14/2025 5:00:00 PM,1/14/2025 12:00:00 PM,525,201.5,184.6,83.6,55.1,525.0,0.0,0.92,6.2,31.0,7.2,33.6,1,2/7/2025 11:06:28 AM
1/14/2025 6:00:00 PM,1/14/2025 1:00:00 PM,525,116.0,218.0,124.3,66.5,525.0,0.0,0.89,6.2,31.0,5.0,33.2,1,2/7/2025 11:06:28 AM
1/14/2025 7:00:00 PM,1/14/2025 2:00:00 PM,525,201.5,169.5,83.0,71.0,525.0,0.0,0.90,6.2,31.0,7.2,32.6,1,2/7/2025 11:06:28 AM
1/14/2025 8:00:00 PM,1/14/2025 3:00:00 PM,525,201.4,113.5,83.7,126.1,525.0,0.0,0.89,6.2,31.0,7.6,28.3,1,2/7/2025 11:06:28 AM
1/14/2025 9:00:00 PM,1/14/2025 4:00:00 PM,800,263.2,103.8,130.9,302.0,800.0,0.0,0.89,6.2,31.0,5.9,30.7,1,2/7/2025 11:06:28 AM
1/14/2025 10:00:00 PM,1/14/2025 5:00:00 PM,800,264.4,70.8,137.2,327.5,800.0,0.0,0.91,6.2,31.0,4.7,29.5,1,2/7/2025 11:06:28 AM
1/14/2025 11:00:00 PM,1/14/2025 6:00:00 PM,800,264.4,70.8,138.0,326.7,800.0,0.0,0.91,6.2,31.0,4.9,27.1,1,2/7/2025 11:06:28 AM
1/15/2025 12:00:00 AM,1/14/2025 7:00:00 PM,800,260.2,64.3,145.3,330.5,800.0,0.0,0.90,6.2,31.0,4.5,27.2,1,2/7/2025 11:06:28 AM
1/15/2025 1:00:00 AM,1/14/2025 8:00:00 PM,800,260.2,49.6,144.5,346.0,800.0,0.0,0.93,6.2,31.0,4.3,28.1,1,2/7/2025 11:06:28 AM
1/15/2025 2:00:00 AM,1/14/2025 9:00:00 PM,800,260.2,93.3,144.9,301.8,800.0,0.0,0.91,6.2,31.0,5.3,28.3,1,2/7/2025 11:06:28 AM
1/15/2025 3:00:00 AM,1/14/2025 10:00:00 PM,800,260.2,100.7,144.5,294.8,800.0,0.0,0.91,6.2,31.0,4.5,20.6,1,2/7/2025 11:06:28 AM
1/15/2025 4:00:00 AM,1/14/2025 11:00:00 PM,800,263.3,100.7,130.7,305.6,800.0,0.0,0.90,6.2,31.0,4.3,24.9,1,2/7/2025 11:06:28 AM
1/15/2025 5:00:00 AM,1/15/2025 12:00:00 AM,525,202.2,174.6,81.4,66.9,525.0,0.0,0.92,6.2,30.8,4.1,28.3,1,2/7/2025 11:06:28 AM
1/15/2025 6:00:00 AM,1/15/2025 1:00:00 AM,525,202.3,123.8,81.2,118.1,525.0,0.0,0.91,6.2,30.8,6.8,33.3,1,2/7/2025 11:06:28 AM
1/15/2025 7:00:00 AM,1/15/2025 2:00:00 AM,525,202.3,133.2,81.2,108.5,525.0,0.0,0.89,6.2,30.8,8.1,27.1,1,2/7/2025 11:06:28 AM
1/15/2025 8:00:00 AM,1/15/2025 3:00:00 AM,525,237.4,133.2,43.0,111.4,525.0,0.0,0.90,6.2,30.8,9.7,30.7,1,2/7/2025 11:06:28 AM
1/15/2025 9:00:00 AM,1/15/2025 4:00:00 AM,800,286.4,140.0,83.1,290.4,800.0,0.0,0.91,6.2,30.8,5.3,34.0,1,2/7/2025 11:06:28 AM
1/15/2025 10:00:00 AM,1/15/2025 5:00:00 AM,800,263.3,93.6,129.3,313.9,800.0,0.0,0.92,6.2,30.8,3.9,31.6,1,2/7/2025 11:06:28 AM
1/15/2025 11:00:00 AM,1/15/2025 6:00:00 AM,800,260.1,60.5,139.8,339.5,800.0,0.0,0.90,6.2,30.8,6.1,30.4,1,2/7/2025 11:06:27 AM
1/15/2025 12:00:00 PM,1/15/2025 7:00:00 AM,800,267.8,142.4,129.6,260.2,800.0,0.0,0.90,6.2,30.8,5.2,33.5,1,2/7/2025 11:06:27 AM
1/15/2025 1:00:00 PM,1/15/2025 8:00:00 AM,800,261.2,60.5,139.9,338.4,800.0,0.0,0.91,6.2,30.8,8.1,26.3,1,2/7/2025 11:06:27 AM
1/15/2025 2:00:00 PM,1/15/2025 9:00:00 AM,525,186.8,127.8,97.0,114.2,526.1,0.0,0.90,6.2,30.8,10.0,29.8,1,2/7/2025 11:06:27 AM
1/15/2025 3:00:00 PM,1/15/2025 10:00:00 AM,525,193.3,180.3,91.7,60.0,525.0,0.0,0.82,6.2,30.8,9.0,31.8,1,2/7/2025 11:06:27 AM
1/15/2025 4:00:00 PM,1/15/2025 11:00:00 AM,525,193.3,84.9,91.2,156.0,525.0,0.0,0.89,6.2,30.8,11.9,26.2,1,2/7/2025 11:06:27 AM
1/15/2025 5:00:00 PM,1/15/2025 12:00:00 PM,525,193.3,84.9,91.3,155.8,525.0,0.0,0.90,6.2,30.8,6.1,27.4,1,2/7/2025 11:06:27 AM
1/15/2025 6:00:00 PM,1/15/2025 1:00:00 PM,525,110.4,139.8,136.9,137.8,525.0,0.0,0.88,6.2,30.8,8.0,24.3,1,2/7/2025 11:06:28 AM
1/15/2025 7:00:00 PM,1/15/2025 2:00:00 PM,525,193.2,91.7,91.1,149.2,525.0,0.0,0.89,6.2,30.8,5.6,27.8,1,2/7/2025 11:06:28 AM
1/15/2025 8:00:00 PM,1/15/2025 3:00:00 PM,525,193.2,189.8,91.4,50.9,525.0,0.0,0.89,6.2,30.8,7.1,28.7,1,2/7/2025 11:06:28 AM
1/15/2025 9:00:00 PM,1/15/2025 4:00:00 PM,800,261.1,124.5,137.7,276.7,800.0,0.0,0.90,6.2,30.8,6.3,35.0,1,2/7/2025 11:06:28 AM
1/15/2025 10:00:00 PM,1/15/2025 5:00:00 PM,800,262.4,60.5,135.5,341.6,800.0,0.0,0.90,6.2,30.8,5.9,24.1,1,2/7/2025 11:06:28 AM
1/15/2025 11:00:00 PM,1/15/2025 6:00:00 PM,800,262.4,142.4,134.7,260.5,800.0,0.0,0.88,6.2,30.8,5.2,33.8,1,2/7/2025 11:06:28 AM
1/16/2025 12:00:00 AM,1/15/2025 7:00:00 PM,800,257.6,81.1,143.7,318.0,800.0,0.0,0.91,6.2,30.8,4.4,29.6,1,2/7/2025 11:06:28 AM
1/16/2025 1:00:00 AM,1/15/2025 8:00:00 PM,800,257.5,39.1,142.1,361.5,800.0,0.0,0.90,6.2,30.8,4.6,32.9,1,2/7/2025 11:06:28 AM
1/16/2025 2:00:00 AM,1/15/2025 9:00:00 PM,800,258.1,62.6,145.5,333.9,800.0,0.0,0.88,6.2,30.8,6.5,19.8,1,2/7/2025 11:06:28 AM
1/16/2025 3:00:00 AM,1/15/2025 10:00:00 PM,800,258.1,24.4,146.3,371.3,800.0,0.0,0.85,6.2,30.8,3.0,20.8,1,2/7/2025 11:06:28 AM
1/16/2025 4:00:00 AM,1/15/2025 11:00:00 PM,800,261.2,91.7,135.0,312.0,800.0,0.0,0.90,6.2,30.8,4.6,26.1,1,2/7/2025 11:06:28 AM
1/16/2025 5:00:00 AM,1/16/2025 12:00:00 AM,525,183.4,105.2,100.9,135.4,525.0,0.0,0.88,6.1,30.6,7.7,30.1,1,2/7/2025 11:06:28 AM
1/16/2025 6:00:00 AM,1/16/2025 1:00:00 AM,525,183.4,100.8,100.9,139.9,525.0,0.0,0.90,6.1,30.6,5.4,31.1,1,2/7/2025 11:06:28 AM
1/16/2025 7:00:00 AM,1/16/2025 2:00:00 AM,525,200.1,94.0,83.7,147.4,525.0,0.0,0.87,6.1,30.6,8.0,26.7,1,2/7/2025 11:06:28 AM
1/16/2025 8:00:00 AM,1/16/2025 3:00:00 AM,525,234.8,64.2,43.8,182.1,525.0,0.0,0.86,6.1,30.6,9.5,29.9,1,2/7/2025 11:06:28 AM
1/16/2025 9:00:00 AM,1/16/2025 4:00:00 AM,800,271.9,70.9,110.3,347.2,800.0,0.0,0.89,6.1,30.6,4.1,35.7,1,2/7/2025 11:06:28 AM
1/16/2025 10:00:00 AM,1/16/2025 5:00:00 AM,800,249.0,63.7,155.1,332.1,800.0,0.0,0.88,6.1,30.6,5.2,27.9,1,2/7/2025 11:06:28 AM
1/16/2025 11:00:00 AM,1/16/2025 6:00:00 AM,800,245.9,55.4,159.4,339.3,800.0,0.0,0.86,6.1,30.6,8.9,28.3,1,2/7/2025 11:06:28 AM
1/16/2025 12:00:00 PM,1/16/2025 7:00:00 AM,800,253.5,113.4,152.6,280.5,800.0,0.0,0.89,6.1,30.6,7.5,31.1,1,2/7/2025 11:06:28 AM
1/16/2025 1:00:00 PM,1/16/2025 8:00:00 AM,800,246.9,86.1,163.8,303.3,800.0,0.0,0.91,6.1,30.6,3.1,31.4,1,2/7/2025 11:06:28 AM
1/16/2025 2:00:00 PM,1/16/2025 9:00:00 AM,525,168.4,139.5,115.4,101.7,525.0,0.0,0.92,6.1,30.6,5.9,24.8,1,2/7/2025 11:06:27 AM
1/16/2025 3:00:00 PM,1/16/2025 10:00:00 AM,525,174.6,188.5,109.3,52.1,525.0,0.0,0.87,6.1,30.6,12.7,29.1,1,2/7/2025 11:06:27 AM
1/16/2025 4:00:00 PM,1/16/2025 11:00:00 AM,525,174.6,135.4,107.4,107.9,525.7,0.0,0.89,6.1,30.6,7.8,33.0,1,2/7/2025 11:06:27 AM
1/16/2025 5:00:00 PM,1/16/2025 12:00:00 PM,525,192.1,101.0,92.5,139.5,525.0,0.0,0.87,6.1,30.6,6.3,26.0,1,2/7/2025 11:06:27 AM
1/16/2025 6:00:00 PM,1/16/2025 1:00:00 PM,525,192.2,137.7,92.2,103.0,525.0,0.0,0.84,6.1,30.6,10.2,20.9,1,2/7/2025 11:06:27 AM
1/16/2025 7:00:00 PM,1/16/2025 2:00:00 PM,525,192.1,137.7,92.3,102.9,525.0,0.0,0.88,6.1,30.6,8.6,29.6,1,2/7/2025 11:06:27 AM
1/16/2025 8:00:00 PM,1/16/2025 3:00:00 PM,525,174.6,166.9,109.5,73.7,525.0,0.0,0.88,6.1,30.6,8.1,26.0,1,2/7/2025 11:06:27 AM
1/16/2025 9:00:00 PM,1/16/2025 4:00:00 PM,800,248.7,114.5,165.9,270.8,800.0,0.0,0.87,6.1,30.6,9.3,21.3,1,2/7/2025 11:06:27 AM
1/16/2025 10:00:00 PM,1/16/2025 5:00:00 PM,800,250.0,100.0,165.2,284.7,800.0,0.0,0.88,6.1,30.6,6.5,32.2,1,2/7/2025 11:06:27 AM
1/16/2025 11:00:00 PM,1/16/2025 6:00:00 PM,800,250.0,167.2,165.1,217.5,800.0,0.0,0.93,6.1,30.6,3.7,30.4,1,2/7/2025 11:06:27 AM
1/17/2025 12:00:00 AM,1/16/2025 7:00:00 PM,800,257.1,160.4,152.7,229.7,800.0,0.0,0.92,6.1,30.6,2.9,30.0,1,2/7/2025 11:06:28 AM
1/17/2025 1:00:00 AM,1/16/2025 8:00:00 PM,800,257.1,115.5,154.2,273.4,800.0,0.0,0.92,6.1,30.6,4.0,30.0,1,2/7/2025 11:06:28 AM
1/17/2025 2:00:00 AM,1/16/2025 9:00:00 PM,800,257.1,100.8,154.0,288.5,800.0,0.0,0.89,6.1,30.6,6.7,29.2,1,2/7/2025 11:06:28 AM
1/17/2025 3:00:00 AM,1/16/2025 10:00:00 PM,800,247.3,100.8,168.9,283.1,800.0,0.0,0.91,6.1,30.6,5.3,25.2,1,2/7/2025 11:06:28 AM
1/17/2025 4:00:00 AM,1/16/2025 11:00:00 PM,800,250.3,144.5,163.0,242.6,800.0,0.0,0.91,6.1,30.6,5.2,29.5,1,2/7/2025 11:06:28 AM
1/17/2025 5:00:00 AM,1/17/2025 12:00:00 AM,525,198.3,82.8,84.2,159.5,525.0,0.0,0.89,6.1,30.5,8.2,30.1,1,2/7/2025 11:06:28 AM
1/17/2025 6:00:00 AM,1/17/2025 1:00:00 AM,525,198.3,78.7,84.2,163.7,525.0,0.0,0.88,6.1,30.5,6.8,28.5,1,2/7/2025 11:06:28 AM
1/17/2025 7:00:00 AM,1/17/2025 2:00:00 AM,525,212.7,78.7,70.4,162.8,525.0,0.0,0.88,6.1,30.5,8.7,29.3,1,2/7/2025 11:06:28 AM
1/17/2025 8:00:00 AM,1/17/2025 3:00:00 AM,525,247.5,48.7,37.3,191.6,525.0,0.0,0.88,6.1,30.5,8.0,35.1,1,2/7/2025 11:06:28 AM
1/17/2025 9:00:00 AM,1/17/2025 4:00:00 AM,800,293.4,48.7,107.8,349.8,800.0,0.0,0.88,6.1,30.5,7.3,25.2,1,2/7/2025 11:06:28 AM
1/17/2025 10:00:00 AM,1/17/2025 5:00:00 AM,800,270.7,41.5,147.6,340.1,800.0,0.0,0.89,6.1,30.5,6.1,33.9,1,2/7/2025 11:06:28 AM
1/17/2025 11:00:00 AM,1/17/2025 6:00:00 AM,800,269.0,132.2,154.0,244.6,800.0,0.0,0.90,6.1,30.5,6.3,31.2,1,2/7/2025 11:06:28 AM
1/17/2025 12:00:00 PM,1/17/2025 7:00:00 AM,800,277.3,186.8,142.7,193.0,800.0,0.0,0.89,6.1,30.5,5.9,23.1,1,2/7/2025 11:06:28 AM
1/17/2025 1:00:00 PM,1/17/2025 8:00:00 AM,800,270.3,132.2,152.0,245.4,800.0,0.0,0.88,6.1,30.5,1.9,12.2,1,2/7/2025 11:06:28 AM
1/17/2025 2:00:00 PM,1/17/2025 9:00:00 AM,525,184.9,137.0,97.2,105.8,525.0,0.0,0.87,6.1,30.5,1.9,19.5,1,2/7/2025 11:06:28 AM
1/17/2025 3:00:00 PM,1/17/2025 10:00:00 AM,525,206.1,174.9,77.1,66.7,525.0,0.0,0.90,6.1,30.5,7.3,26.2,1,2/7/2025 11:06:28 AM
1/17/2025 4:00:00 PM,1/17/2025 11:00:00 AM,525,206.1,174.9,77.1,66.7,525.0,0.0,0.91,6.1,30.5,5.9,25.4,1,2/7/2025 11:06:28 AM
1/17/2025 5:00:00 PM,1/17/2025 12:00:00 PM,525,204.8,131.2,78.6,110.3,525.0,0.0,0.87,6.1,30.5,4.2,16.8,1,2/7/2025 11:06:28 AM
1/17/2025 6:00:00 PM,1/17/2025 1:00:00 PM,525,239.1,131.2,45.5,109.0,525.0,0.0,0.90,6.1,30.5,4.7,29.2,1,2/7/2025 11:06:28 AM
1/17/2025 7:00:00 PM,1/17/2025 2:00:00 PM,525,204.8,131.2,78.6,110.3,525.0,0.0,0.93,6.1,30.5,2.2,31.6,1,2/7/2025 11:06:27 AM
1/17/2025 8:00:00 PM,1/17/2025 3:00:00 PM,525,204.3,189.6,79.2,51.8,525.0,0.0,0.92,6.1,30.5,9.0,28.2,1,2/7/2025 11:06:27 AM
1/17/2025 9:00:00 PM,1/17/2025 4:00:00 PM,800,281.1,255.3,135.0,128.4,800.0,0.0,0.88,6.1,30.5,7.5,34.5,1,2/7/2025 11:06:27 AM
1/17/2025 10:00:00 PM,1/17/2025 5:00:00 PM,800,283.3,132.2,137.5,247.0,800.0,0.0,0.92,6.1,30.5,6.6,29.5,1,2/7/2025 11:06:27 AM
1/17/2025 11:00:00 PM,1/17/2025 6:00:00 PM,800,283.3,134.9,137.0,244.9,800.0,0.0,0.92,6.1,30.5,4.2,26.6,1,2/7/2025 11:06:27 AM
1/18/2025 12:00:00 AM,1/17/2025 7:00:00 PM,800,278.7,134.9,143.4,243.0,800.0,0.0,0.91,6.1,30.5,5.8,28.3,1,2/7/2025 11:06:27 AM
1/18/2025 1:00:00 AM,1/17/2025 8:00:00 PM,800,289.7,240.6,134.0,135.3,800.0,0.0,0.91,6.1,30.5,5.9,31.5,1,2/7/2025 11:06:27 AM
1/18/2025 2:00:00 AM,1/17/2025 9:00:00 PM,800,290.7,191.7,135.0,182.5,800.0,0.0,0.91,6.1,30.5,5.9,28.0,1,2/7/2025 11:06:27 AM
1/18/2025 3:00:00 AM,1/17/2025 10:00:00 PM,800,290.7,122.4,134.5,252.4,800.0,0.0,0.90,6.1,30.5,6.6,31.1,1,2/7/2025 11:06:27 AM
1/18/2025 4:00:00 AM,1/17/2025 11:00:00 PM,800,292.2,131.4,131.3,245.0,800.0,0.0,0.89,6.1,30.5,4.3,31.1,1,2/7/2025 11:06:28 AM
1/18/2025 5:00:00 AM,1/18/2025 12:00:00 AM,525,212.8,80.5,70.2,161.6,525.0,0.0,0.85,6.1,30.4,11.6,22.7,1,2/7/2025 11:06:28 AM
1/18/2025 6:00:00 AM,1/18/2025 1:00:00 AM,525,211.0,80.5,72.5,161.0,525.0,0.0,0.87,6.1,30.4,9.5,24.1,1,2/7/2025 11:06:28 AM
1/18/2025 7:00:00 AM,1/18/2025 2:00:00 AM,525,245.6,84.3,39.6,155.6,525.0,0.0,0.88,6.1,30.4,7.4,31.4,1,2/7/2025 11:06:28 AM
1/18/2025 8:00:00 AM,1/18/2025 3:00:00 AM,525,245.8,84.3,38.9,155.9,525.0,0.0,0.88,6.1,30.4,11.9,37.2,1,2/7/2025 11:06:28 AM
1/18/2025 9:00:00 AM,1/18/2025 4:00:00 AM,800,282.6,124.1,129.2,264.2,800.0,0.0,0.89,6.1,30.4,8.0,26.7,1,2/7/2025 11:06:28 AM
1/18/2025 10:00:00 AM,1/18/2025 5:00:00 AM,800,282.6,124.1,129.5,263.6,800.0,0.0,0.89,6.1,30.4,5.5,27.8,1,2/7/2025 11:06:28 AM
1/18/2025 11:00:00 AM,1/18/2025 6:00:00 AM,800,281.0,244.9,129.5,144.4,800.0,0.0,0.90,6.1,30.4,4.5,27.4,1,2/7/2025 11:06:28 AM
1/18/2025 12:00:00 PM,1/18/2025 7:00:00 AM,800,290.7,244.9,122.7,141.7,800.0,0.0,0.90,6.1,30.4,5.1,22.2,1,2/7/2025 11:06:28 AM
1/18/2025 1:00:00 PM,1/18/2025 8:00:00 AM,800,283.4,244.9,136.2,135.2,800.0,0.0,0.92,6.1,30.4,5.0,25.5,1,2/7/2025 11:06:28 AM
1/18/2025 2:00:00 PM,1/18/2025 9:00:00 AM,525,200.7,201.4,82.6,39.9,525.0,0.0,0.92,6.1,30.4,7.7,25.3,1,2/7/2025 11:06:28 AM
1/18/2025 3:00:00 PM,1/18/2025 10:00:00 AM,525,200.7,69.0,82.6,172.6,525.0,0.0,0.92,6.1,30.4,8.7,29.1,1,2/7/2025 11:06:28 AM
1/18/2025 4:00:00 PM,1/18/2025 11:00:00 AM,525,200.7,54.3,82.6,187.1,525.0,0.0,0.90,6.1,30.4,9.2,38.4,1,2/7/2025 11:06:28 AM
1/18/2025 5:00:00 PM,1/18/2025 12:00:00 PM,525,199.3,84.1,84.0,157.5,525.0,0.0,0.90,6.1,30.4,7.6,26.4,1,2/7/2025 11:06:28 AM
1/18/2025 6:00:00 PM,1/18/2025 1:00:00 PM,525,199.4,84.1,83.9,157.5,525.0,0.0,0.92,6.1,30.4,10.4,29.7,1,2/7/2025 11:06:28 AM
1/18/2025 7:00:00 PM,1/18/2025 2:00:00 PM,525,199.6,98.9,83.1,143.3,525.0,0.0,0.92,6.1,30.4,3.1,20.7,1,2/7/2025 11:06:28 AM
1/18/2025 8:00:00 PM,1/18/2025 3:00:00 PM,525,199.8,98.9,83.0,143.2,525.0,0.0,0.93,6.1,30.4,9.0,30.1,1,2/7/2025 11:06:28 AM
1/18/2025 9:00:00 PM,1/18/2025 4:00:00 PM,800,281.1,130.2,142.3,246.4,800.0,0.0,0.91,6.1,30.4,5.7,28.5,1,2/7/2025 11:06:28 AM
1/18/2025 10:00:00 PM,1/18/2025 5:00:00 PM,800,281.1,125.5,142.5,250.7,800.0,0.0,0.90,6.1,30.4,6.0,28.1,1,2/7/2025 11:06:28 AM
1/18/2025 11:00:00 PM,1/18/2025 6:00:00 PM,800,280.2,99.5,143.7,276.7,800.0,0.0,0.92,6.1,30.4,5.7,25.8,1,2/7/2025 11:06:27 AM
1/19/2025 12:00:00 AM,1/18/2025 7:00:00 PM,800,269.3,99.5,159.5,271.5,800.0,0.0,0.92,6.1,30.4,6.1,31.7,1,2/7/2025 11:06:27 AM
1/19/2025 1:00:00 AM,1/18/2025 8:00:00 PM,800,269.3,114.6,159.1,257.0,800.0,0.0,0.92,6.1,30.4,5.7,30.1,1,2/7/2025 11:06:27 AM
1/19/2025 2:00:00 AM,1/18/2025 9:00:00 PM,800,270.2,69.4,154.9,305.4,800.0,0.0,0.90,6.1,30.4,6.0,28.9,1,2/7/2025 11:06:27 AM
1/19/2025 3:00:00 AM,1/18/2025 10:00:00 PM,800,270.2,69.4,153.6,306.8,800.0,0.0,0.91,6.1,30.4,3.9,22.7,1,2/7/2025 11:06:27 AM
1/19/2025 4:00:00 AM,1/18/2025 11:00:00 PM,800,271.8,69.4,149.8,309.0,800.0,0.0,0.90,6.1,30.4,6.6,29.1,1,2/7/2025 11:06:27 AM
1/19/2025 5:00:00 AM,1/19/2025 12:00:00 AM,525,192.8,31.8,90.0,210.5,525.0,0.0,0.91,6.1,30.4,8.0,22.3,1,2/7/2025 11:06:27 AM
1/19/2025 6:00:00 AM,1/19/2025 1:00:00 AM,525,192.8,31.8,90.0,210.6,525.0,0.0,0.93,6.1,30.4,5.8,34.5,1,2/7/2025 11:06:27 AM
1/19/2025 7:00:00 AM,1/19/2025 2:00:00 AM,525,245.8,31.8,39.1,208.4,525.0,0.0,0.87,6.1,30.4,6.6,27.8,1,2/7/2025 11:06:27 AM
1/19/2025 8:00:00 AM,1/19/2025 3:00:00 AM,525,245.9,31.8,38.6,208.7,525.0,0.0,0.91,6.1,30.4,8.0,30.5,1,2/7/2025 11:06:27 AM
1/19/2025 9:00:00 AM,1/19/2025 4:00:00 AM,800,270.6,31.8,146.8,350.9,800.0,0.0,0.90,6.1,30.4,7.3,25.6,1,2/7/2025 11:06:28 AM
1/19/2025 10:00:00 AM,1/19/2025 5:00:00 AM,800,270.5,31.8,147.9,350.0,800.0,0.0,0.91,6.1,30.4,4.9,26.1,1,2/7/2025 11:06:28 AM
1/19/2025 11:00:00 AM,1/19/2025 6:00:00 AM,800,268.7,161.1,152.6,217.4,800.0,0.0,0.90,6.1,30.4,6.1,25.6,1,2/7/2025 11:06:28 AM
1/19/2025 12:00:00 PM,1/19/2025 7:00:00 AM,800,278.6,161.1,140.7,219.7,800.0,0.0,0.90,6.1,30.4,5.7,31.1,1,2/7/2025 11:06:28 AM
1/19/2025 1:00:00 PM,1/19/2025 8:00:00 AM,800,271.1,161.1,153.9,214.0,800.0,0.0,0.92,6.1,30.4,4.8,26.6,1,2/7/2025 11:06:28 AM
1/19/2025 2:00:00 PM,1/19/2025 9:00:00 AM,800,271.1,161.1,149.8,218.0,800.0,0.0,0.91,6.1,30.4,4.7,26.5,1,2/7/2025 11:06:28 AM
1/19/2025 3:00:00 PM,1/19/2025 10:00:00 AM,800,271.2,69.7,148.7,310.6,800.0,0.0,0.90,6.1,30.4,6.2,22.2,1,2/7/2025 11:06:28 AM
1/19/2025 4:00:00 PM,1/19/2025 11:00:00 AM,800,271.2,70.5,149.4,309.2,800.0,0.0,0.89,6.1,30.4,5.7,18.9,1,2/7/2025 11:06:28 AM
1/19/2025 5:00:00 PM,1/19/2025 12:00:00 PM,800,270.1,99.0,155.7,275.4,800.0,0.0,0.92,6.1,30.4,4.8,23.5,1,2/7/2025 11:06:28 AM
1/19/2025 6:00:00 PM,1/19/2025 1:00:00 PM,800,270.3,99.0,150.4,280.4,800.0,0.0,0.92,6.1,30.4,5.8,26.6,1,2/7/2025 11:06:28 AM
1/19/2025 7:00:00 PM,1/19/2025 2:00:00 PM,800,270.4,116.0,148.8,264.9,800.0,0.0,0.89,6.1,30.4,6.3,27.2,1,2/7/2025 11:06:28 AM
1/19/2025 8:00:00 PM,1/19/2025 3:00:00 PM,800,270.2,116.0,151.2,262.8,800.0,0.0,0.92,6.1,30.4,3.9,19.1,1,2/7/2025 11:06:28 AM
1/19/2025 9:00:00 PM,1/19/2025 4:00:00 PM,800,270.2,162.8,155.0,211.8,800.0,0.0,0.91,6.1,30.4,6.4,16.3,1,2/7/2025 11:06:28 AM
1/19/2025 10:00:00 PM,1/19/2025 5:00:00 PM,800,270.1,161.9,156.7,211.2,800.0,0.0,0.91,6.1,30.4,6.7,18.0,1,2/7/2025 11:06:28 AM
1/19/2025 11:00:00 PM,1/19/2025 6:00:00 PM,800,270.1,161.9,157.4,210.4,800.0,0.0,0.88,6.1,30.4,7.9,20.5,1,2/7/2025 11:06:28 AM
1/20/2025 12:00:00 AM,1/19/2025 7:00:00 PM,800,267.4,161.9,161.5,209.0,800.0,0.0,0.89,6.1,30.4,4.5,28.0,1,2/7/2025 11:06:28 AM
1/20/2025 1:00:00 AM,1/19/2025 8:00:00 PM,800,267.4,147.2,161.7,223.6,800.0,0.0,0.92,6.1,30.4,4.8,26.9,1,2/7/2025 11:06:28 AM
1/20/2025 2:00:00 AM,1/19/2025 9:00:00 PM,800,271.7,31.8,155.4,341.5,800.0,0.0,0.91,6.1,30.4,4.4,24.5,1,2/7/2025 11:06:28 AM
1/20/2025 3:00:00 AM,1/19/2025 10:00:00 PM,800,271.8,31.8,149.5,347.3,800.0,0.0,0.90,6.1,30.4,6.3,24.3,1,2/7/2025 11:06:28 AM
1/20/2025 4:00:00 AM,1/19/2025 11:00:00 PM,800,273.8,31.8,141.2,353.7,800.0,0.0,0.90,6.1,30.4,4.1,27.8,1,2/7/2025 11:06:27 AM
1/20/2025 5:00:00 AM,1/20/2025 12:00:00 AM,800,289.0,1.9,110.7,398.6,800.0,0.0,0.88,6.1,30.4,9.9,24.0,1,2/7/2025 11:06:27 AM
1/20/2025 6:00:00 AM,1/20/2025 1:00:00 AM,800,289.0,1.9,115.8,393.3,800.0,0.0,0.89,6.1,30.4,3.7,32.6,1,2/7/2025 11:06:27 AM
1/20/2025 7:00:00 AM,1/20/2025 2:00:00 AM,800,314.1,1.9,81.9,401.9,800.0,0.0,0.91,6.1,30.4,6.0,30.2,1,2/7/2025 11:06:27 AM
1/20/2025 8:00:00 AM,1/20/2025 3:00:00 AM,800,314.2,1.9,81.3,402.6,800.0,0.0,0.90,6.1,30.4,5.0,24.7,1,2/7/2025 11:06:27 AM
1/20/2025 9:00:00 AM,1/20/2025 4:00:00 AM,800,289.0,1.9,116.4,392.5,800.0,0.0,0.90,6.1,30.4,3.4,22.6,1,2/7/2025 11:06:27 AM
1/20/2025 10:00:00 AM,1/20/2025 5:00:00 AM,800,288.9,1.9,118.3,391.0,800.0,0.0,0.91,6.1,30.4,7.6,26.6,1,2/7/2025 11:06:27 AM
1/20/2025 11:00:00 AM,1/20/2025 6:00:00 AM,800,287.0,78.4,120.2,313.8,800.0,0.0,0.89,6.1,30.4,5.1,23.5,1,2/7/2025 11:06:27 AM
1/20/2025 12:00:00 PM,1/20/2025 7:00:00 AM,800,293.5,118.5,118.2,269.9,800.0,0.0,0.90,6.1,30.4,4.5,23.7,1,2/7/2025 11:06:28 AM
1/20/2025 1:00:00 PM,1/20/2025 8:00:00 AM,800,286.9,118.5,124.8,269.7,800.0,0.0,0.91,6.1,30.4,2.2,23.0,1,2/7/2025 11:06:28 AM
1/20/2025 2:00:00 PM,1/20/2025 9:00:00 AM,800,287.0,118.5,120.9,273.4,800.0,0.0,0.90,6.1,30.4,4.4,21.9,1,2/7/2025 11:06:28 AM
1/20/2025 3:00:00 PM,1/20/2025 10:00:00 AM,800,287.0,118.5,112.5,282.0,800.0,0.0,0.89,6.1,30.4,2.2,19.7,1,2/7/2025 11:06:28 AM
1/20/2025 4:00:00 PM,1/20/2025 11:00:00 AM,800,287.0,43.2,114.2,355.3,800.0,0.0,0.88,6.1,30.4,3.7,18.8,1,2/7/2025 11:06:28 AM
1/20/2025 5:00:00 PM,1/20/2025 12:00:00 PM,800,286.1,43.2,118.1,352.8,800.0,0.0,0.90,6.1,30.4,8.4,23.0,1,2/7/2025 11:06:28 AM
1/20/2025 6:00:00 PM,1/20/2025 1:00:00 PM,800,283.5,43.2,119.3,353.9,800.0,0.0,0.93,6.1,30.4,4.4,27.0,1,2/7/2025 11:06:28 AM
1/20/2025 7:00:00 PM,1/20/2025 2:00:00 PM,800,283.5,43.2,119.7,353.6,800.0,0.0,0.94,6.1,30.4,3.8,22.1,1,2/7/2025 11:06:28 AM
1/20/2025 8:00:00 PM,1/20/2025 3:00:00 PM,800,283.5,118.5,117.5,280.5,800.0,0.0,0.89,6.1,30.4,7.8,18.0,1,2/7/2025 11:06:28 AM
1/20/2025 9:00:00 PM,1/20/2025 4:00:00 PM,800,283.4,134.2,124.2,258.0,800.0,0.0,0.89,6.1,30.4,6.8,25.4,1,2/7/2025 11:06:28 AM
1/20/2025 10:00:00 PM,1/20/2025 5:00:00 PM,800,290.2,134.2,121.5,253.8,800.0,0.0,0.90,6.1,30.4,6.7,26.8,1,2/7/2025 11:06:28 AM
1/20/2025 11:00:00 PM,1/20/2025 6:00:00 PM,800,290.2,216.1,126.4,167.2,800.0,0.0,0.88,6.1,30.4,1.2,17.7,1,2/7/2025 11:06:28 AM
1/21/2025 12:00:00 AM,1/20/2025 7:00:00 PM,800,290.2,188.8,126.7,194.2,800.0,0.0,0.90,6.1,30.4,5.2,20.2,1,2/7/2025 11:06:28 AM
1/21/2025 1:00:00 AM,1/20/2025 8:00:00 PM,800,290.2,134.2,122.2,253.3,800.0,0.0,0.89,6.1,30.4,4.6,27.1,1,2/7/2025 11:06:28 AM
1/21/2025 2:00:00 AM,1/20/2025 9:00:00 PM,800,285.2,41.2,122.8,350.9,800.0,0.0,0.88,6.1,30.4,6.8,28.2,1,2/7/2025 11:06:28 AM
1/21/2025 3:00:00 AM,1/20/2025 10:00:00 PM,800,286.2,41.2,117.4,355.4,800.0,0.0,0.87,6.1,30.4,6.1,24.4,1,2/7/2025 11:06:28 AM
1/21/2025 4:00:00 AM,1/20/2025 11:00:00 PM,800,282.0,41.2,117.7,359.2,800.0,0.0,0.90,6.1,30.4,5.4,28.2,1,2/7/2025 11:06:28 AM
1/21/2025 5:00:00 AM,1/21/2025 12:00:00 AM,800,271.4,51.6,129.1,347.7,800.0,0.0,0.85,6.1,30.5,9.9,27.8,1,2/7/2025 11:06:28 AM
1/21/2025 6:00:00 AM,1/21/2025 1:00:00 AM,800,271.4,35.4,128.5,364.3,800.0,0.0,0.86,6.1,30.5,7.1,26.3,1,2/7/2025 11:06:27 AM
1/21/2025 7:00:00 AM,1/21/2025 2:00:00 AM,800,308.0,35.4,63.1,393.5,800.0,0.0,0.89,6.1,30.5,5.1,28.0,1,2/7/2025 11:06:27 AM
1/21/2025 8:00:00 AM,1/21/2025 3:00:00 AM,800,308.1,35.4,61.8,394.9,800.0,0.0,0.88,6.1,30.5,5.1,25.1,1,2/7/2025 11:06:27 AM
1/21/2025 9:00:00 AM,1/21/2025 4:00:00 AM,800,283.3,35.4,108.8,372.5,800.0,0.0,0.87,6.1,30.5,1.9,21.1,1,2/7/2025 11:06:27 AM
1/21/2025 10:00:00 AM,1/21/2025 5:00:00 AM,800,266.3,49.2,110.7,373.7,800.0,0.0,0.86,6.1,30.5,3.7,24.3,1,2/7/2025 11:06:27 AM
1/21/2025 11:00:00 AM,1/21/2025 6:00:00 AM,800,263.8,151.4,104.1,280.7,800.0,0.0,0.88,6.1,30.5,3.7,22.3,1,2/7/2025 11:06:27 AM
1/21/2025 12:00:00 PM,1/21/2025 7:00:00 AM,800,272.7,158.7,87.7,280.9,800.0,0.0,0.91,6.1,30.5,4.2,32.2,1,2/7/2025 11:06:27 AM
1/21/2025 1:00:00 PM,1/21/2025 8:00:00 AM,800,266.0,233.3,100.1,201.0,800.0,0.0,0.89,6.1,30.5,8.7,26.9,1,2/7/2025 11:06:28 AM
1/21/2025 2:00:00 PM,1/21/2025 9:00:00 AM,800,265.4,151.4,111.0,272.3,800.0,0.0,0.88,6.1,30.5,3.0,15.8,1,2/7/2025 11:06:28 AM
1/21/2025 3:00:00 PM,1/21/2025 10:00:00 AM,800,274.9,121.2,110.9,293.1,800.0,0.0,0.87,6.1,30.5,4.2,24.0,1,2/7/2025 11:06:28 AM
1/21/2025 4:00:00 PM,1/21/2025 11:00:00 AM,800,274.9,90.9,111.0,323.3,800.0,0.0,0.87,6.1,30.5,4.3,21.6,1,2/7/2025 11:06:28 AM
1/21/2025 5:00:00 PM,1/21/2025 12:00:00 PM,800,276.1,90.9,109.0,323.9,800.0,0.0,0.87,6.1,30.5,5.2,31.8,1,2/7/2025 11:06:28 AM
1/21/2025 6:00:00 PM,1/21/2025 1:00:00 PM,800,316.5,90.9,60.4,332.2,800.0,0.0,0.88,6.1,30.5,5.1,21.7,1,2/7/2025 11:06:28 AM
1/21/2025 7:00:00 PM,1/21/2025 2:00:00 PM,800,291.3,90.9,104.9,313.3,800.0,0.0,0.88,6.1,30.5,7.3,24.3,1,2/7/2025 11:06:28 AM
1/21/2025 8:00:00 PM,1/21/2025 3:00:00 PM,800,291.3,80.4,107.2,321.2,800.0,0.0,0.90,6.1,30.5,5.8,27.0,1,2/7/2025 11:06:28 AM
1/21/2025 9:00:00 PM,1/21/2025 4:00:00 PM,800,287.9,99.6,94.6,318.0,800.0,0.0,0.90,6.1,30.5,7.7,28.8,1,2/7/2025 11:06:28 AM
1/21/2025 10:00:00 PM,1/21/2025 5:00:00 PM,800,286.8,99.6,90.3,323.4,800.0,0.0,0.91,6.1,30.5,5.1,29.0,1,2/7/2025 11:06:28 AM
1/21/2025 11:00:00 PM,1/21/2025 6:00:00 PM,800,286.8,181.5,90.3,241.5,800.0,0.0,0.91,6.1,30.5,5.2,24.4,1,2/7/2025 11:06:28 AM
1/22/2025 12:00:00 AM,1/21/2025 7:00:00 PM,800,282.3,181.5,98.5,237.7,800.0,0.0,0.93,6.1,30.5,2.9,33.8,1,2/7/2025 11:06:28 AM
1/22/2025 1:00:00 AM,1/21/2025 8:00:00 PM,800,283.1,154.2,102.9,259.8,800.0,0.0,0.91,6.1,30.5,6.4,27.3,1,2/7/2025 11:06:28 AM
1/22/2025 2:00:00 AM,1/21/2025 9:00:00 PM,800,286.3,33.7,120.4,359.5,800.0,0.0,0.91,6.1,30.5,5.4,28.0,1,2/7/2025 11:06:28 AM
1/22/2025 3:00:00 AM,1/21/2025 10:00:00 PM,800,286.3,33.7,120.2,359.8,800.0,0.0,0.88,6.1,30.5,5.6,20.8,1,2/7/2025 11:06:28 AM
1/22/2025 4:00:00 AM,1/21/2025 11:00:00 PM,800,286.4,33.7,119.5,360.3,800.0,0.0,0.89,6.1,30.5,5.1,22.2,1,2/7/2025 11:06:28 AM
1/22/2025 5:00:00 AM,1/22/2025 12:00:00 AM,800,286.2,24.8,112.0,376.8,800.0,0.0,0.89,6.1,30.3,5.2,18.9,1,2/7/2025 11:06:28 AM
1/22/2025 6:00:00 AM,1/22/2025 1:00:00 AM,800,283.2,24.8,113.3,378.7,800.0,0.0,0.89,6.1,30.3,6.1,23.1,1,2/7/2025 11:06:28 AM
1/22/2025 7:00:00 AM,1/22/2025 2:00:00 AM,800,308.2,24.8,63.2,403.7,800.0,0.0,0.89,6.1,30.3,5.7,34.6,1,2/7/2025 11:06:27 AM
1/22/2025 8:00:00 AM,1/22/2025 3:00:00 AM,800,303.7,24.8,63.2,408.4,800.0,0.0,0.91,6.1,30.3,5.1,29.2,1,2/7/2025 11:06:27 AM
1/22/2025 9:00:00 AM,1/22/2025 4:00:00 AM,800,279.2,24.8,109.3,386.6,800.0,0.0,0.90,6.1,30.3,4.6,27.8,1,2/7/2025 11:06:27 AM
1/22/2025 10:00:00 AM,1/22/2025 5:00:00 AM,800,262.0,24.8,112.0,401.4,800.0,0.0,0.92,6.1,30.3,3.2,26.1,1,2/7/2025 11:06:27 AM
1/22/2025 11:00:00 AM,1/22/2025 6:00:00 AM,800,259.4,99.6,106.0,335.0,800.0,0.0,0.89,6.1,30.3,3.5,29.2,1,2/7/2025 11:06:28 AM
1/22/2025 12:00:00 PM,1/22/2025 7:00:00 AM,800,267.9,177.9,89.9,264.3,800.0,0.0,0.85,6.1,30.3,11.2,30.7,1,2/7/2025 11:06:28 AM
1/22/2025 1:00:00 PM,1/22/2025 8:00:00 AM,800,248.1,177.9,105.3,268.7,800.0,0.0,0.90,6.1,30.3,2.5,19.0,1,2/7/2025 11:06:27 AM
1/22/2025 2:00:00 PM,1/22/2025 9:00:00 AM,800,250.1,92.4,133.0,324.3,800.0,0.0,0.88,6.1,30.3,1.7,17.8,1,2/7/2025 11:06:28 AM
1/22/2025 3:00:00 PM,1/22/2025 10:00:00 AM,800,254.0,90.4,112.7,342.9,800.0,0.0,0.86,6.1,30.3,4.2,18.4,1,2/7/2025 11:06:27 AM
1/22/2025 4:00:00 PM,1/22/2025 11:00:00 AM,800,253.9,28.0,115.3,402.6,800.0,0.0,0.83,6.1,30.3,5.8,14.9,1,2/7/2025 11:06:27 AM
1/22/2025 5:00:00 PM,1/22/2025 12:00:00 PM,800,253.9,28.0,126.0,392.1,800.0,0.0,0.88,6.1,30.3,5.5,18.9,1,2/7/2025 11:06:27 AM
1/22/2025 6:00:00 PM,1/22/2025 1:00:00 PM,800,307.9,28.0,73.6,390.5,800.0,0.0,0.88,6.1,30.3,5.7,26.0,1,2/7/2025 11:06:27 AM
1/22/2025 7:00:00 PM,1/22/2025 2:00:00 PM,800,309.4,28.0,73.0,389.4,800.0,0.0,0.90,6.1,30.3,5.5,27.7,1,2/7/2025 11:06:28 AM
1/22/2025 8:00:00 PM,1/22/2025 3:00:00 PM,800,288.9,28.0,111.4,371.5,800.0,0.0,0.89,6.1,30.3,6.7,24.7,1,2/7/2025 11:06:28 AM
1/22/2025 9:00:00 PM,1/22/2025 4:00:00 PM,800,285.5,66.4,96.5,351.2,800.0,0.0,0.89,6.1,30.3,7.0,28.9,1,2/7/2025 11:06:28 AM
1/22/2025 10:00:00 PM,1/22/2025 5:00:00 PM,800,287.6,79.3,91.1,341.8,800.0,0.0,0.89,6.1,30.3,5.5,24.0,1,2/7/2025 11:06:28 AM
1/22/2025 11:00:00 PM,1/22/2025 6:00:00 PM,800,288.6,161.2,91.0,259.1,800.0,0.0,0.91,6.1,30.3,6.2,30.9,1,2/7/2025 11:06:28 AM
1/23/2025 12:00:00 AM,1/22/2025 7:00:00 PM,800,283.2,161.2,100.2,255.7,800.0,0.0,0.89,6.1,30.3,6.3,33.1,1,2/7/2025 11:06:28 AM
1/23/2025 1:00:00 AM,1/22/2025 8:00:00 PM,800,286.5,130.3,120.7,262.6,800.0,0.0,0.91,6.1,30.3,6.3,25.1,1,2/7/2025 11:06:28 AM
1/23/2025 2:00:00 AM,1/22/2025 9:00:00 PM,800,312.7,67.3,85.6,334.5,800.0,0.0,0.90,6.1,30.3,6.2,27.1,1,2/7/2025 11:06:28 AM
1/23/2025 3:00:00 AM,1/22/2025 10:00:00 PM,800,287.1,67.3,126.0,319.8,800.0,0.0,0.89,6.1,30.3,5.4,19.7,1,2/7/2025 11:06:28 AM
1/23/2025 4:00:00 AM,1/22/2025 11:00:00 PM,800,286.7,71.0,121.3,321.1,800.0,0.0,0.89,6.1,30.3,5.5,28.9,1,2/7/2025 11:06:28 AM
1/23/2025 5:00:00 AM,1/23/2025 12:00:00 AM,800,274.9,9.2,136.2,379.5,800.0,0.0,0.88,6.1,30.1,6.6,23.9,1,2/7/2025 11:06:28 AM
1/23/2025 6:00:00 AM,1/23/2025 1:00:00 AM,800,274.5,9.2,136.5,379.8,800.0,0.0,0.91,6.1,30.1,4.6,25.3,1,2/7/2025 11:06:28 AM
1/23/2025 7:00:00 AM,1/23/2025 2:00:00 AM,800,285.6,9.2,116.0,389.2,800.0,0.0,0.89,6.1,30.1,4.6,32.0,1,2/7/2025 11:06:28 AM
1/23/2025 8:00:00 AM,1/23/2025 3:00:00 AM,800,285.6,24.0,113.7,376.7,800.0,0.0,0.90,6.1,30.1,5.1,25.4,1,2/7/2025 11:06:28 AM
1/23/2025 9:00:00 AM,1/23/2025 4:00:00 AM,800,273.4,38.7,135.1,352.6,800.0,0.0,0.89,6.1,30.1,5.2,18.0,1,2/7/2025 11:06:28 AM
1/23/2025 10:00:00 AM,1/23/2025 5:00:00 AM,800,273.3,160.0,139.7,226.8,800.0,0.0,0.89,6.1,30.1,4.3,22.4,1,2/7/2025 11:06:28 AM
1/23/2025 11:00:00 AM,1/23/2025 6:00:00 AM,800,268.9,205.2,134.2,191.8,800.0,0.0,0.86,6.1,30.1,8.4,24.6,1,2/7/2025 11:06:28 AM
1/23/2025 12:00:00 PM,1/23/2025 7:00:00 AM,800,281.4,259.8,133.1,125.6,800.0,0.0,0.89,6.1,30.1,5.6,24.0,1,2/7/2025 11:06:28 AM
1/23/2025 1:00:00 PM,1/23/2025 8:00:00 AM,800,273.9,138.5,145.0,242.5,800.0,0.0,0.87,6.1,30.1,4.3,16.9,1,2/7/2025 11:06:28 AM
1/23/2025 2:00:00 PM,1/23/2025 9:00:00 AM,800,267.6,113.2,148.9,270.1,800.0,0.0,0.86,6.1,30.1,8.7,16.7,1,2/7/2025 11:06:28 AM
1/23/2025 3:00:00 PM,1/23/2025 10:00:00 AM,800,275.4,71.1,133.4,320.2,800.0,0.0,0.85,6.1,30.1,1.0,16.4,1,2/7/2025 11:06:28 AM
1/23/2025 4:00:00 PM,1/23/2025 11:00:00 AM,800,275.6,23.9,132.7,367.9,800.0,0.0,0.91,6.1,30.1,6.6,20.1,1,2/7/2025 11:06:28 AM
1/23/2025 5:00:00 PM,1/23/2025 12:00:00 PM,800,300.0,23.9,90.9,385.0,800.0,0.0,0.88,6.1,30.1,6.5,13.9,1,2/7/2025 11:06:28 AM
1/23/2025 6:00:00 PM,1/23/2025 1:00:00 PM,800,311.6,9.2,70.9,408.0,800.0,0.0,0.87,6.1,30.1,6.3,24.0,1,2/7/2025 11:06:28 AM
1/23/2025 7:00:00 PM,1/23/2025 2:00:00 PM,800,275.6,9.2,132.7,382.5,800.0,0.0,0.88,6.1,30.1,4.7,26.7,1,2/7/2025 11:06:28 AM
1/23/2025 8:00:00 PM,1/23/2025 3:00:00 PM,800,272.9,38.7,135.0,353.5,800.0,0.0,0.89,6.1,30.1,4.4,18.4,1,2/7/2025 11:06:28 AM
1/23/2025 9:00:00 PM,1/23/2025 4:00:00 PM,800,271.3,53.5,139.3,336.1,800.0,0.0,0.89,6.1,30.1,5.9,25.8,1,2/7/2025 11:06:28 AM
1/23/2025 10:00:00 PM,1/23/2025 5:00:00 PM,800,270.2,85.9,143.7,300.3,800.0,0.0,0.90,6.1,30.1,6.2,23.1,1,2/7/2025 11:06:28 AM
1/23/2025 11:00:00 PM,1/23/2025 6:00:00 PM,800,280.4,167.8,137.9,213.9,800.0,0.0,0.94,6.1,30.1,4.6,21.7,1,2/7/2025 11:06:28 AM
1/24/2025 12:00:00 AM,1/23/2025 7:00:00 PM,800,274.9,140.5,145.5,239.2,800.0,0.0,0.91,6.1,30.1,4.1,21.7,1,2/7/2025 11:06:28 AM
1/24/2025 1:00:00 AM,1/23/2025 8:00:00 PM,800,275.0,98.4,146.4,280.2,800.0,0.0,0.90,6.1,30.1,5.3,22.0,1,2/7/2025 11:06:28 AM
1/24/2025 2:00:00 AM,1/23/2025 9:00:00 PM,800,274.9,17.6,146.5,361.0,800.0,0.0,0.89,6.1,30.1,4.8,26.0,1,2/7/2025 11:06:28 AM
1/24/2025 3:00:00 AM,1/23/2025 10:00:00 PM,800,274.9,17.6,145.4,362.0,800.0,0.0,0.90,6.1,30.1,3.9,25.7,1,2/7/2025 11:06:28 AM
1/24/2025 4:00:00 AM,1/23/2025 11:00:00 PM,800,274.4,17.6,143.6,364.3,800.0,0.0,0.88,6.1,30.1,6.3,23.0,1,2/7/2025 11:06:28 AM
1/24/2025 5:00:00 AM,1/24/2025 12:00:00 AM,525,188.2,95.4,94.7,146.4,525.0,0.0,0.90,6.1,30.0,7.3,31.2,1,2/7/2025 11:06:28 AM
1/24/2025 6:00:00 AM,1/24/2025 1:00:00 AM,525,188.2,95.4,94.6,146.3,525.0,0.0,0.91,6.1,30.0,6.1,25.6,1,2/7/2025 11:06:28 AM
1/24/2025 7:00:00 AM,1/24/2025 2:00:00 AM,525,206.1,95.4,77.2,145.9,525.0,0.0,0.86,6.1,30.0,6.1,25.0,1,2/7/2025 11:06:28 AM
1/24/2025 8:00:00 AM,1/24/2025 3:00:00 AM,525,206.1,95.4,77.1,146.2,525.0,0.0,0.84,6.1,30.0,1.3,16.1,1,2/7/2025 11:06:28 AM
1/24/2025 9:00:00 AM,1/24/2025 4:00:00 AM,800,273.5,95.4,137.3,293.6,800.0,0.0,0.89,6.1,30.0,3.6,22.7,1,2/7/2025 11:06:28 AM
1/24/2025 10:00:00 AM,1/24/2025 5:00:00 AM,800,270.2,95.4,140.5,293.5,800.0,0.0,0.85,6.1,30.0,3.2,24.3,1,2/7/2025 11:06:28 AM
1/24/2025 11:00:00 AM,1/24/2025 6:00:00 AM,800,270.4,139.7,143.6,245.9,800.0,0.0,0.90,6.1,30.0,7.5,24.8,1,2/7/2025 11:06:28 AM
1/24/2025 12:00:00 PM,1/24/2025 7:00:00 AM,800,306.8,152.2,88.8,252.3,800.0,0.0,0.89,6.1,30.0,2.6,25.9,1,2/7/2025 11:06:28 AM
1/24/2025 1:00:00 PM,1/24/2025 8:00:00 AM,800,269.8,152.2,142.6,235.6,800.0,0.0,0.88,6.1,30.0,3.0,19.9,1,2/7/2025 11:06:28 AM
1/24/2025 2:00:00 PM,1/24/2025 9:00:00 AM,525,224.4,167.0,60.7,72.5,525.0,0.0,0.83,6.1,30.0,2.2,19.6,1,2/7/2025 11:06:28 AM
1/24/2025 3:00:00 PM,1/24/2025 10:00:00 AM,525,232.4,137.8,53.8,101.1,525.0,0.0,0.85,6.1,30.0,6.7,21.6,1,2/7/2025 11:06:28 AM
1/24/2025 4:00:00 PM,1/24/2025 11:00:00 AM,525,232.6,123.0,53.5,115.8,525.0,0.0,0.88,6.1,30.0,6.8,25.3,1,2/7/2025 11:06:28 AM
1/24/2025 5:00:00 PM,1/24/2025 12:00:00 PM,525,244.9,123.0,41.5,115.9,525.0,0.0,0.91,6.1,30.0,6.6,29.0,1,2/7/2025 11:06:28 AM
1/24/2025 6:00:00 PM,1/24/2025 1:00:00 PM,525,246.7,108.2,38.4,131.9,525.0,0.0,0.91,6.1,30.0,10.2,31.3,1,2/7/2025 11:06:28 AM
1/24/2025 7:00:00 PM,1/24/2025 2:00:00 PM,525,246.8,108.2,39.1,130.9,525.0,0.0,0.93,6.1,30.0,3.9,34.1,1,2/7/2025 11:06:28 AM
1/24/2025 8:00:00 PM,1/24/2025 3:00:00 PM,525,248.6,108.2,37.1,131.2,525.0,0.0,0.91,6.1,30.0,6.1,18.2,1,2/7/2025 11:06:28 AM
1/24/2025 9:00:00 PM,1/24/2025 4:00:00 PM,800,313.4,123.0,82.2,281.2,800.0,0.0,0.89,6.1,30.0,7.0,37.6,1,2/7/2025 11:06:28 AM
1/24/2025 10:00:00 PM,1/24/2025 5:00:00 PM,800,287.5,68.3,127.3,316.5,800.0,0.0,0.91,6.1,30.0,5.9,19.2,1,2/7/2025 11:06:28 AM
1/24/2025 11:00:00 PM,1/24/2025 6:00:00 PM,800,292.1,150.2,126.6,230.8,800.0,0.0,0.91,6.1,30.0,0.9,20.1,1,2/7/2025 11:06:28 AM
1/25/2025 12:00:00 AM,1/24/2025 7:00:00 PM,800,286.6,122.9,134.2,256.2,800.0,0.0,0.91,6.1,30.0,6.6,29.8,1,2/7/2025 11:06:28 AM
1/25/2025 1:00:00 AM,1/24/2025 8:00:00 PM,800,285.7,118.6,132.5,263.1,800.0,0.0,0.90,6.1,30.0,6.3,32.9,1,2/7/2025 11:06:28 AM
1/25/2025 2:00:00 AM,1/24/2025 9:00:00 PM,800,292.5,24.0,120.9,362.2,800.0,0.0,0.91,6.1,30.0,7.5,24.9,1,2/7/2025 11:06:28 AM
1/25/2025 3:00:00 AM,1/24/2025 10:00:00 PM,800,289.4,97.1,127.5,285.6,800.0,0.0,0.89,6.1,30.0,6.0,27.6,1,2/7/2025 11:06:28 AM
1/25/2025 4:00:00 AM,1/24/2025 11:00:00 PM,800,288.8,97.1,127.0,286.9,800.0,0.0,0.91,6.1,30.0,4.4,27.5,1,2/7/2025 11:06:28 AM
1/25/2025 5:00:00 AM,1/25/2025 12:00:00 AM,525,206.1,43.3,76.9,198.7,525.0,0.0,0.92,6.1,29.9,5.1,26.0,1,2/7/2025 11:06:28 AM
1/25/2025 6:00:00 AM,1/25/2025 1:00:00 AM,525,206.1,39.8,76.7,202.3,525.0,0.0,0.93,6.1,29.9,10.4,26.8,1,2/7/2025 11:06:28 AM
1/25/2025 7:00:00 AM,1/25/2025 2:00:00 AM,525,246.1,45.2,39.1,194.8,525.0,0.0,0.89,6.1,29.9,10.3,30.3,1,2/7/2025 11:06:28 AM
1/25/2025 8:00:00 AM,1/25/2025 3:00:00 AM,525,246.3,45.2,38.6,195.0,525.0,0.0,0.93,6.1,29.9,6.0,23.1,1,2/7/2025 11:06:28 AM
1/25/2025 9:00:00 AM,1/25/2025 4:00:00 AM,800,286.7,45.2,121.3,346.8,800.0,0.0,0.89,6.1,29.9,5.7,29.8,1,2/7/2025 11:06:28 AM
1/25/2025 10:00:00 AM,1/25/2025 5:00:00 AM,800,286.7,45.2,119.3,348.8,800.0,0.0,0.91,6.1,29.9,4.6,33.0,1,2/7/2025 11:06:28 AM
1/25/2025 11:00:00 AM,1/25/2025 6:00:00 AM,800,310.3,40.8,83.2,365.5,800.0,0.0,0.91,6.1,29.9,5.0,24.7,1,2/7/2025 11:06:28 AM
1/25/2025 12:00:00 PM,1/25/2025 7:00:00 AM,800,316.4,192.1,76.9,214.3,800.0,0.0,0.91,6.1,29.9,7.0,31.0,1,2/7/2025 11:06:28 AM
1/25/2025 1:00:00 PM,1/25/2025 8:00:00 AM,800,308.6,192.1,89.0,210.3,800.0,0.0,0.91,6.1,29.9,3.0,20.9,1,2/7/2025 11:06:28 AM
1/25/2025 2:00:00 PM,1/25/2025 9:00:00 AM,525,240.6,135.6,44.8,104.0,525.0,0.0,0.91,6.1,29.9,3.2,32.5,1,2/7/2025 11:06:28 AM
1/25/2025 3:00:00 PM,1/25/2025 10:00:00 AM,525,240.5,108.3,45.3,130.9,525.0,0.0,0.89,6.1,29.9,2.2,21.5,1,2/7/2025 11:06:28 AM
1/25/2025 4:00:00 PM,1/25/2025 11:00:00 AM,525,240.2,78.7,45.3,160.9,525.0,0.0,0.85,6.1,29.9,8.2,18.0,1,2/7/2025 11:06:28 AM
1/25/2025 5:00:00 PM,1/25/2025 12:00:00 PM,525,238.8,78.7,46.5,160.7,525.0,0.0,0.85,6.1,29.9,9.7,22.7,1,2/7/2025 11:06:28 AM
1/25/2025 6:00:00 PM,1/25/2025 1:00:00 PM,525,238.9,78.7,46.4,160.9,525.0,0.0,0.85,6.1,29.9,6.5,24.1,1,2/7/2025 11:06:28 AM
1/25/2025 7:00:00 PM,1/25/2025 2:00:00 PM,525,239.1,78.7,45.8,161.3,525.0,0.0,0.86,6.1,29.9,12.2,25.1,1,2/7/2025 11:06:28 AM
1/25/2025 8:00:00 PM,1/25/2025 3:00:00 PM,525,241.1,123.0,44.6,116.2,525.0,0.0,0.91,6.1,29.9,8.0,36.7,1,2/7/2025 11:06:28 AM
1/25/2025 9:00:00 PM,1/25/2025 4:00:00 PM,800,272.1,123.0,146.2,258.7,800.0,0.0,0.86,6.1,29.9,8.1,33.9,1,2/7/2025 11:06:28 AM
1/25/2025 10:00:00 PM,1/25/2025 5:00:00 PM,800,268.7,53.6,147.9,330.0,800.0,0.0,0.92,6.1,29.9,5.0,34.2,1,2/7/2025 11:06:28 AM
1/25/2025 11:00:00 PM,1/25/2025 6:00:00 PM,800,293.8,53.6,110.2,342.5,800.0,0.0,0.92,6.1,29.9,2.8,36.3,1,2/7/2025 11:06:28 AM
1/26/2025 12:00:00 AM,1/25/2025 7:00:00 PM,800,284.9,204.9,114.8,195.3,800.0,0.0,0.91,6.1,29.9,4.5,34.9,1,2/7/2025 11:06:28 AM
1/26/2025 1:00:00 AM,1/25/2025 8:00:00 PM,800,284.8,162.9,115.6,236.5,800.0,0.0,0.89,6.1,29.9,5.4,33.2,1,2/7/2025 11:06:28 AM
1/26/2025 2:00:00 AM,1/25/2025 9:00:00 PM,800,285.7,108.3,114.7,291.0,800.0,0.0,0.91,6.1,29.9,5.5,30.3,1,2/7/2025 11:06:28 AM
1/26/2025 3:00:00 AM,1/25/2025 10:00:00 PM,800,288.3,108.3,108.1,295.3,800.0,0.0,0.89,6.1,29.9,4.8,31.7,1,2/7/2025 11:06:28 AM
1/26/2025 4:00:00 AM,1/25/2025 11:00:00 PM,800,288.2,78.7,109.4,323.6,800.0,0.0,0.89,6.1,29.9,5.8,34.8,1,2/7/2025 11:06:28 AM
1/26/2025 5:00:00 AM,1/26/2025 12:00:00 AM,525,227.8,70.9,57.5,168.7,525.0,0.0,0.90,6.1,29.8,7.7,32.4,1,2/7/2025 11:06:28 AM
1/26/2025 6:00:00 AM,1/26/2025 1:00:00 AM,525,227.8,70.9,57.7,168.4,525.0,0.0,0.89,6.1,29.8,6.1,34.7,1,2/7/2025 11:06:28 AM
1/26/2025 7:00:00 AM,1/26/2025 2:00:00 AM,525,239.0,70.9,45.3,170.0,525.0,0.0,0.88,6.1,29.8,6.9,36.4,1,2/7/2025 11:06:28 AM
1/26/2025 8:00:00 AM,1/26/2025 3:00:00 AM,525,239.3,70.9,44.3,170.7,525.0,0.0,0.89,6.1,29.8,6.2,34.1,1,2/7/2025 11:06:28 AM
1/26/2025 9:00:00 AM,1/26/2025 4:00:00 AM,800,287.7,91.0,111.0,309.8,800.0,0.0,0.85,6.1,29.8,5.7,34.6,1,2/7/2025 11:06:28 AM
1/26/2025 10:00:00 AM,1/26/2025 5:00:00 AM,800,287.7,91.0,111.2,309.9,800.0,0.0,0.87,6.1,29.8,4.6,31.2,1,2/7/2025 11:06:28 AM
1/26/2025 11:00:00 AM,1/26/2025 6:00:00 AM,800,285.0,130.0,113.5,271.8,800.0,0.0,0.87,6.1,29.8,4.3,23.7,1,2/7/2025 11:06:28 AM
1/26/2025 12:00:00 PM,1/26/2025 7:00:00 AM,800,295.0,39.0,101.0,365.1,800.0,0.0,0.90,6.1,29.8,4.0,36.6,1,2/7/2025 11:06:28 AM
1/26/2025 1:00:00 PM,1/26/2025 8:00:00 AM,800,287.7,211.9,113.7,186.8,800.0,0.0,0.90,6.1,29.8,5.6,28.2,1,2/7/2025 11:06:28 AM
1/26/2025 2:00:00 PM,1/26/2025 9:00:00 AM,525,223.1,170.6,63.6,67.7,525.0,0.0,0.91,6.1,29.8,3.8,26.8,1,2/7/2025 11:06:28 AM
1/26/2025 3:00:00 PM,1/26/2025 10:00:00 AM,525,223.1,88.7,63.0,150.0,525.0,0.0,0.88,6.1,29.8,7.5,27.0,1,2/7/2025 11:06:28 AM
1/26/2025 4:00:00 PM,1/26/2025 11:00:00 AM,525,223.2,59.0,63.1,179.5,525.0,0.0,0.88,6.1,29.8,9.0,29.0,1,2/7/2025 11:06:28 AM
1/26/2025 5:00:00 PM,1/26/2025 12:00:00 PM,525,221.7,59.0,64.8,179.3,525.0,0.0,0.91,6.1,29.8,3.9,30.3,1,2/7/2025 11:06:28 AM
1/26/2025 6:00:00 PM,1/26/2025 1:00:00 PM,525,221.8,59.0,64.4,179.6,525.0,0.0,0.92,6.1,29.8,2.5,33.6,1,2/7/2025 11:06:28 AM
1/26/2025 7:00:00 PM,1/26/2025 2:00:00 PM,525,221.9,59.0,64.8,179.1,525.0,0.0,0.91,6.1,29.8,6.3,25.6,1,2/7/2025 11:06:28 AM
1/26/2025 8:00:00 PM,1/26/2025 3:00:00 PM,525,221.8,103.4,64.9,134.6,525.0,0.0,0.90,6.1,29.8,9.9,29.9,1,2/7/2025 11:06:28 AM
1/26/2025 9:00:00 PM,1/26/2025 4:00:00 PM,800,294.3,139.5,83.9,282.4,800.0,0.0,0.89,6.1,29.8,6.5,36.8,1,2/7/2025 11:06:28 AM
1/26/2025 10:00:00 PM,1/26/2025 5:00:00 PM,800,298.3,55.6,104.7,341.6,800.0,0.0,0.92,6.1,29.8,6.6,30.9,1,2/7/2025 11:06:28 AM
1/26/2025 11:00:00 PM,1/26/2025 6:00:00 PM,800,298.3,137.5,105.9,258.3,800.0,0.0,0.93,6.1,29.8,5.6,34.9,1,2/7/2025 11:06:28 AM
1/27/2025 12:00:00 AM,1/26/2025 7:00:00 PM,800,298.0,137.5,107.0,257.7,800.0,0.0,0.91,6.1,29.8,3.9,19.2,1,2/7/2025 11:06:28 AM
1/27/2025 1:00:00 AM,1/26/2025 8:00:00 PM,800,297.9,221.4,111.0,169.9,800.0,0.0,0.92,6.1,29.8,5.7,22.6,1,2/7/2025 11:06:28 AM
1/27/2025 2:00:00 AM,1/26/2025 9:00:00 PM,800,298.5,139.5,106.8,255.1,800.0,0.0,0.92,6.1,29.8,2.7,25.5,1,2/7/2025 11:06:28 AM
1/27/2025 3:00:00 AM,1/26/2025 10:00:00 PM,800,301.8,154.0,104.3,239.9,800.0,0.0,0.90,6.1,29.8,7.0,29.7,1,2/7/2025 11:06:28 AM
1/27/2025 4:00:00 AM,1/26/2025 11:00:00 PM,800,301.9,154.0,97.2,246.8,800.0,0.0,0.92,6.1,29.8,6.1,32.7,1,2/7/2025 11:06:28 AM
1/27/2025 5:00:00 AM,1/27/2025 12:00:00 AM,525,233.4,79.3,52.4,160.0,525.0,0.0,0.93,6.1,29.6,7.5,34.0,1,2/7/2025 11:06:28 AM
1/27/2025 6:00:00 AM,1/27/2025 1:00:00 AM,525,233.2,79.3,52.2,160.2,525.0,0.0,0.91,6.1,29.6,6.0,35.5,1,2/7/2025 11:06:28 AM
1/27/2025 7:00:00 AM,1/27/2025 2:00:00 AM,525,245.3,79.3,39.9,160.6,525.0,0.0,0.93,6.1,29.6,3.8,38.4,1,2/7/2025 11:06:28 AM
1/27/2025 8:00:00 AM,1/27/2025 3:00:00 AM,525,245.4,79.3,39.6,160.9,525.0,0.0,0.87,6.1,29.6,4.4,25.5,1,2/7/2025 11:06:28 AM
1/27/2025 9:00:00 AM,1/27/2025 4:00:00 AM,800,300.8,79.3,97.9,321.9,800.0,0.0,0.89,6.1,29.6,2.4,26.7,1,2/7/2025 11:06:28 AM
1/27/2025 10:00:00 AM,1/27/2025 5:00:00 AM,800,300.8,26.0,95.8,377.4,800.0,0.0,0.90,6.1,29.6,5.5,32.0,1,2/7/2025 11:06:28 AM
1/27/2025 11:00:00 AM,1/27/2025 6:00:00 AM,800,297.8,122.7,104.6,274.9,800.0,0.0,0.89,6.1,29.6,4.1,23.1,1,2/7/2025 11:06:28 AM
1/27/2025 12:00:00 PM,1/27/2025 7:00:00 AM,800,308.2,122.7,90.9,278.0,800.0,0.0,0.92,6.1,29.6,3.9,31.8,1,2/7/2025 11:06:28 AM
1/27/2025 1:00:00 PM,1/27/2025 8:00:00 AM,800,297.7,40.8,104.0,357.5,800.0,0.0,0.91,6.1,29.6,4.4,9.4,1,2/7/2025 11:06:28 AM
1/27/2025 2:00:00 PM,1/27/2025 9:00:00 AM,525,226.8,122.6,59.2,116.4,525.0,0.0,0.88,6.1,29.6,6.3,27.1,1,2/7/2025 11:06:28 AM
1/27/2025 3:00:00 PM,1/27/2025 10:00:00 AM,525,234.8,107.9,50.7,131.6,525.0,0.0,0.91,6.1,29.6,8.2,27.8,1,2/7/2025 11:06:28 AM
1/27/2025 4:00:00 PM,1/27/2025 11:00:00 AM,525,194.5,93.1,89.2,148.0,525.0,0.0,0.91,6.1,29.6,10.7,27.6,1,2/7/2025 11:06:28 AM
1/27/2025 5:00:00 PM,1/27/2025 12:00:00 PM,525,193.0,49.8,90.9,191.4,525.0,0.0,0.92,6.1,29.6,8.5,33.1,1,2/7/2025 11:06:28 AM
1/27/2025 6:00:00 PM,1/27/2025 1:00:00 PM,525,208.9,49.8,76.6,189.4,525.0,0.0,0.92,6.1,29.6,5.7,32.9,1,2/7/2025 11:06:28 AM
1/27/2025 7:00:00 PM,1/27/2025 2:00:00 PM,525,208.9,49.8,76.4,189.7,525.0,0.0,0.91,6.1,29.6,7.2,32.9,1,2/7/2025 11:06:28 AM
1/27/2025 8:00:00 PM,1/27/2025 3:00:00 PM,525,208.8,79.3,76.9,159.8,525.0,0.0,0.91,6.1,29.6,6.7,27.8,1,2/7/2025 11:06:28 AM
1/27/2025 9:00:00 PM,1/27/2025 4:00:00 PM,800,289.3,122.6,121.8,266.5,800.0,0.0,0.89,6.1,29.6,6.3,32.2,1,2/7/2025 11:06:28 AM
1/27/2025 10:00:00 PM,1/27/2025 5:00:00 PM,800,289.5,137.5,127.6,245.3,800.0,0.0,0.87,6.1,29.6,4.5,24.0,1,2/7/2025 11:06:28 AM
1/27/2025 11:00:00 PM,1/27/2025 6:00:00 PM,800,281.7,137.5,141.6,239.1,800.0,0.0,0.92,6.1,29.6,6.1,28.4,1,2/7/2025 11:06:28 AM
1/28/2025 12:00:00 AM,1/27/2025 7:00:00 PM,800,276.1,55.6,148.9,319.2,800.0,0.0,0.91,6.1,29.6,7.1,34.2,1,2/7/2025 11:06:28 AM
1/28/2025 1:00:00 AM,1/27/2025 8:00:00 PM,800,273.3,55.6,150.7,320.6,800.0,0.0,0.93,6.1,29.6,6.9,28.9,1,2/7/2025 11:06:28 AM
1/28/2025 2:00:00 AM,1/27/2025 9:00:00 PM,800,274.2,85.8,150.8,288.9,800.0,0.0,0.90,6.1,29.6,6.9,30.1,1,2/7/2025 11:06:28 AM
1/28/2025 3:00:00 AM,1/27/2025 10:00:00 PM,800,277.6,164.2,145.9,212.0,800.0,0.0,0.92,6.1,29.6,5.6,31.7,1,2/7/2025 11:06:28 AM
1/28/2025 4:00:00 AM,1/27/2025 11:00:00 PM,800,277.1,164.2,141.5,216.6,800.0,0.0,0.89,6.1,29.6,3.8,31.6,1,2/7/2025 11:06:28 AM
1/28/2025 5:00:00 AM,1/28/2025 12:00:00 AM,525,195.2,137.3,88.5,104.0,525.0,0.0,0.88,6.1,29.4,6.8,24.4,1,2/7/2025 11:06:28 AM
1/28/2025 6:00:00 AM,1/28/2025 1:00:00 AM,525,195.1,137.3,88.8,104.0,525.0,0.0,0.86,6.1,29.4,9.4,35.5,1,2/7/2025 11:06:28 AM
1/28/2025 7:00:00 AM,1/28/2025 2:00:00 AM,525,214.7,137.3,69.3,103.8,525.0,0.0,0.88,6.1,29.4,8.8,32.4,1,2/7/2025 11:06:28 AM
1/28/2025 8:00:00 AM,1/28/2025 3:00:00 AM,525,214.8,137.3,68.8,104.2,525.0,0.0,0.93,6.1,29.4,3.2,37.6,1,2/7/2025 11:06:28 AM
1/28/2025 9:00:00 AM,1/28/2025 4:00:00 AM,800,278.4,137.3,118.0,266.4,800.0,0.0,0.89,6.1,29.4,2.8,30.0,1,2/7/2025 11:06:28 AM
1/28/2025 10:00:00 AM,1/28/2025 5:00:00 AM,800,276.7,137.3,141.7,244.4,800.0,0.0,0.90,6.1,29.4,4.8,21.9,1,2/7/2025 11:06:28 AM
1/28/2025 11:00:00 AM,1/28/2025 6:00:00 AM,800,273.6,76.8,147.6,301.6,800.0,0.0,0.90,6.1,29.4,5.9,26.4,1,2/7/2025 11:06:28 AM
1/28/2025 12:00:00 PM,1/28/2025 7:00:00 AM,800,284.0,158.7,135.5,221.6,800.0,0.0,0.93,6.1,29.4,1.6,23.5,1,2/7/2025 11:06:28 AM
1/28/2025 1:00:00 PM,1/28/2025 8:00:00 AM,800,255.0,201.4,156.6,187.1,800.0,0.0,0.93,6.1,29.4,3.3,20.6,1,2/7/2025 11:06:28 AM
1/28/2025 2:00:00 PM,1/28/2025 9:00:00 AM,525,181.9,161.0,102.4,79.5,525.0,0.0,0.92,6.1,29.4,11.3,29.0,1,2/7/2025 11:06:28 AM
1/28/2025 3:00:00 PM,1/28/2025 10:00:00 AM,525,189.2,72.9,95.5,167.3,525.0,0.0,0.90,6.1,29.4,5.7,15.4,1,2/7/2025 11:06:28 AM
1/28/2025 4:00:00 PM,1/28/2025 11:00:00 AM,525,189.3,72.9,95.3,167.5,525.0,0.0,0.90,6.1,29.4,4.8,28.6,1,2/7/2025 11:06:28 AM
1/28/2025 5:00:00 PM,1/28/2025 12:00:00 PM,525,188.2,72.9,96.5,167.3,525.0,0.0,0.84,6.1,29.4,7.7,18.1,1,2/7/2025 11:06:28 AM
1/28/2025 6:00:00 PM,1/28/2025 1:00:00 PM,525,187.9,72.9,96.9,167.3,525.0,0.0,0.88,6.1,29.4,7.6,21.2,1,2/7/2025 11:06:28 AM
1/28/2025 7:00:00 PM,1/28/2025 2:00:00 PM,525,187.9,72.9,96.8,167.2,525.0,0.0,0.88,6.1,29.4,9.0,21.9,1,2/7/2025 11:06:28 AM
1/28/2025 8:00:00 PM,1/28/2025 3:00:00 PM,525,188.6,116.4,95.7,124.2,525.0,0.0,0.89,6.1,29.4,10.1,34.7,1,2/7/2025 11:06:28 AM
1/28/2025 9:00:00 PM,1/28/2025 4:00:00 PM,800,252.6,233.9,153.6,160.1,800.0,0.0,0.91,6.1,29.4,9.2,26.7,1,2/7/2025 11:06:28 AM
1/28/2025 10:00:00 PM,1/28/2025 5:00:00 PM,800,281.3,119.5,139.5,259.9,800.0,0.0,0.91,6.1,29.4,6.3,24.6,1,2/7/2025 11:06:28 AM
1/28/2025 11:00:00 PM,1/28/2025 6:00:00 PM,800,281.8,201.4,134.6,182.3,800.0,0.0,0.92,6.1,29.4,1.7,28.3,1,2/7/2025 11:06:28 AM
1/29/2025 12:00:00 AM,1/28/2025 7:00:00 PM,800,276.3,201.4,142.2,179.8,800.0,0.0,0.92,6.1,29.4,4.5,28.2,1,2/7/2025 11:06:28 AM
1/29/2025 1:00:00 AM,1/28/2025 8:00:00 PM,800,277.1,186.7,151.1,185.0,800.0,0.0,0.92,6.1,29.4,4.3,27.7,1,2/7/2025 11:06:28 AM
1/29/2025 2:00:00 AM,1/28/2025 9:00:00 PM,800,274.9,32.2,152.0,341.2,800.0,0.0,0.89,6.1,29.4,3.4,26.4,1,2/7/2025 11:06:28 AM
1/29/2025 3:00:00 AM,1/28/2025 10:00:00 PM,800,278.3,100.3,146.0,275.5,800.0,0.0,0.88,6.1,29.4,6.0,27.7,1,2/7/2025 11:06:28 AM
1/29/2025 4:00:00 AM,1/28/2025 11:00:00 PM,800,277.9,98.4,145.5,278.6,800.0,0.0,0.89,6.1,29.4,5.7,30.6,1,2/7/2025 11:06:28 AM
1/29/2025 5:00:00 AM,1/29/2025 12:00:00 AM,525,194.1,77.4,88.7,164.7,525.0,0.0,0.89,6.1,29.3,9.6,25.5,1,2/7/2025 11:06:28 AM
1/29/2025 6:00:00 AM,1/29/2025 1:00:00 AM,525,194.1,77.4,88.7,164.9,525.0,0.0,0.89,6.1,29.3,8.2,27.7,1,2/7/2025 11:06:28 AM
1/29/2025 7:00:00 AM,1/29/2025 2:00:00 AM,525,212.1,77.4,71.1,164.3,525.0,0.0,0.89,6.1,29.3,6.7,26.7,1,2/7/2025 11:06:28 AM
1/29/2025 8:00:00 AM,1/29/2025 3:00:00 AM,525,212.1,77.4,71.4,164.3,525.0,0.0,0.90,6.1,29.3,8.6,22.7,1,2/7/2025 11:06:28 AM
1/29/2025 9:00:00 AM,1/29/2025 4:00:00 AM,800,273.4,77.4,137.2,312.2,800.0,0.0,0.90,6.1,29.3,5.4,32.3,1,2/7/2025 11:06:28 AM
1/29/2025 10:00:00 AM,1/29/2025 5:00:00 AM,800,278.1,77.4,138.6,306.1,800.0,0.0,0.90,6.1,29.3,3.7,25.7,1,2/7/2025 11:06:28 AM
1/29/2025 11:00:00 AM,1/29/2025 6:00:00 AM,800,268.4,144.6,156.0,230.9,800.0,0.0,0.89,6.1,29.3,5.0,29.5,1,2/7/2025 11:06:28 AM
1/29/2025 12:00:00 PM,1/29/2025 7:00:00 AM,800,277.0,144.6,146.9,231.8,800.0,0.0,0.91,6.1,29.3,1.4,28.1,1,2/7/2025 11:06:28 AM
1/29/2025 1:00:00 PM,1/29/2025 8:00:00 AM,800,266.9,299.8,159.1,74.3,800.0,0.0,0.91,6.1,29.3,6.2,28.2,1,2/7/2025 11:06:28 AM
1/29/2025 2:00:00 PM,1/29/2025 9:00:00 AM,525,177.0,97.2,106.4,144.4,525.0,0.0,0.91,6.1,29.3,12.1,26.1,1,2/7/2025 11:06:28 AM
1/29/2025 3:00:00 PM,1/29/2025 10:00:00 AM,525,184.5,67.8,99.0,173.6,525.0,0.0,0.94,6.1,29.3,6.3,30.3,1,2/7/2025 11:06:28 AM
1/29/2025 4:00:00 PM,1/29/2025 11:00:00 AM,525,184.9,91.9,98.5,149.6,525.0,0.0,0.90,6.1,29.3,5.9,31.8,1,2/7/2025 11:06:28 AM
1/29/2025 5:00:00 PM,1/29/2025 12:00:00 PM,525,215.1,91.9,71.0,147.3,525.2,0.0,0.88,6.1,29.3,7.8,28.2,1,2/7/2025 11:06:28 AM
1/29/2025 6:00:00 PM,1/29/2025 1:00:00 PM,525,206.0,91.9,80.0,146.8,525.0,0.0,0.88,6.1,29.3,5.7,36.4,1,2/7/2025 11:06:28 AM
1/29/2025 7:00:00 PM,1/29/2025 2:00:00 PM,525,184.5,91.9,99.2,149.4,525.0,0.0,0.91,6.1,29.3,4.4,27.5,1,2/7/2025 11:06:28 AM
1/29/2025 8:00:00 PM,1/29/2025 3:00:00 PM,525,184.6,91.9,98.4,150.0,525.0,0.0,0.92,6.1,29.3,5.8,30.2,1,2/7/2025 11:06:28 AM
1/29/2025 9:00:00 PM,1/29/2025 4:00:00 PM,800,271.8,233.2,152.2,142.8,800.0,0.0,0.87,6.1,29.3,9.2,27.3,1,2/7/2025 11:06:28 AM
1/29/2025 10:00:00 PM,1/29/2025 5:00:00 PM,800,273.6,159.9,151.8,214.7,800.0,0.0,0.86,6.1,29.3,5.9,28.2,1,2/7/2025 11:06:28 AM
1/29/2025 11:00:00 PM,1/29/2025 6:00:00 PM,800,274.2,159.9,152.8,213.2,800.0,0.0,0.90,6.1,29.3,2.9,28.5,1,2/7/2025 11:06:28 AM
1/30/2025 12:00:00 AM,1/29/2025 7:00:00 PM,800,290.8,159.9,127.7,221.5,800.0,0.0,0.89,6.1,29.3,9.4,28.7,1,2/7/2025 11:06:28 AM
1/30/2025 1:00:00 AM,1/29/2025 8:00:00 PM,800,291.0,159.9,127.9,221.3,800.0,0.0,0.89,6.1,29.3,6.6,39.5,1,2/7/2025 11:06:28 AM
1/30/2025 2:00:00 AM,1/29/2025 9:00:00 PM,800,291.7,39.5,126.9,342.1,800.0,0.0,0.88,6.1,29.3,5.7,33.6,1,2/7/2025 11:06:28 AM
1/30/2025 3:00:00 AM,1/29/2025 10:00:00 PM,800,295.0,93.1,120.5,291.5,800.0,0.0,0.85,6.1,29.3,7.0,33.0,1,2/7/2025 11:06:28 AM
1/30/2025 4:00:00 AM,1/29/2025 11:00:00 PM,800,272.6,93.1,148.5,285.9,800.0,0.0,0.89,6.1,29.3,6.6,33.3,1,2/7/2025 11:06:28 AM
1/30/2025 5:00:00 AM,1/30/2025 12:00:00 AM,525,205.5,89.5,77.1,152.8,525.0,0.0,0.91,6.0,29.3,6.4,27.6,1,2/7/2025 11:06:28 AM
1/30/2025 6:00:00 AM,1/30/2025 1:00:00 AM,525,205.5,89.5,77.1,152.6,525.0,0.0,0.88,6.0,29.3,6.3,39.8,1,2/7/2025 11:06:28 AM
1/30/2025 7:00:00 AM,1/30/2025 2:00:00 AM,525,222.9,89.5,60.6,152.2,525.0,0.0,0.88,6.0,29.3,5.0,36.6,1,2/7/2025 11:06:28 AM
1/30/2025 8:00:00 AM,1/30/2025 3:00:00 AM,525,223.0,89.5,60.3,152.0,525.0,0.0,0.90,6.0,29.3,6.0,34.0,1,2/7/2025 11:06:28 AM
1/30/2025 9:00:00 AM,1/30/2025 4:00:00 AM,800,279.9,119.7,134.5,265.5,800.0,0.0,0.89,6.0,29.3,5.4,29.8,1,2/7/2025 11:06:28 AM
1/30/2025 10:00:00 AM,1/30/2025 5:00:00 AM,800,279.7,49.0,138.2,333.1,800.0,0.0,0.91,6.0,29.3,6.8,33.2,1,2/7/2025 11:06:28 AM
1/30/2025 11:00:00 AM,1/30/2025 6:00:00 AM,800,276.7,155.6,141.4,226.1,800.0,0.0,0.90,6.0,29.3,5.5,36.4,1,2/7/2025 11:06:28 AM
1/30/2025 12:00:00 PM,1/30/2025 7:00:00 AM,800,285.2,238.4,134.9,141.7,800.0,0.0,0.90,6.0,29.3,6.9,28.2,1,2/7/2025 11:06:28 AM
1/30/2025 1:00:00 PM,1/30/2025 8:00:00 AM,800,278.1,238.4,141.5,142.1,800.0,0.0,0.90,6.0,29.3,1.3,24.4,1,2/7/2025 11:06:28 AM
1/30/2025 2:00:00 PM,1/30/2025 9:00:00 AM,525,194.6,229.6,89.3,11.2,525.0,0.0,0.92,6.0,29.3,9.1,28.2,1,2/7/2025 11:06:28 AM
1/30/2025 3:00:00 PM,1/30/2025 10:00:00 AM,525,202.5,90.5,81.1,150.6,525.0,0.0,0.89,6.0,29.3,12.4,36.2,1,2/7/2025 11:06:28 AM
1/30/2025 4:00:00 PM,1/30/2025 11:00:00 AM,525,202.5,89.7,81.1,151.6,525.0,0.0,0.91,6.0,29.3,7.0,30.9,1,2/7/2025 11:06:28 AM
1/30/2025 5:00:00 PM,1/30/2025 12:00:00 PM,525,220.8,89.7,64.2,150.1,525.0,0.0,0.92,6.0,29.3,4.5,38.0,1,2/7/2025 11:06:28 AM
1/30/2025 6:00:00 PM,1/30/2025 1:00:00 PM,525,119.9,119.5,131.9,153.7,525.0,0.0,0.89,6.0,29.3,8.0,28.2,1,2/7/2025 11:06:28 AM
1/30/2025 7:00:00 PM,1/30/2025 2:00:00 PM,525,197.2,119.5,86.2,121.9,525.0,0.0,0.91,6.0,29.3,12.6,35.1,1,2/7/2025 11:06:28 AM
1/30/2025 8:00:00 PM,1/30/2025 3:00:00 PM,525,198.0,119.5,84.1,123.4,525.0,0.0,0.91,6.0,29.3,7.6,23.5,1,2/7/2025 11:06:28 AM
1/30/2025 9:00:00 PM,1/30/2025 4:00:00 PM,800,280.3,264.1,142.0,113.4,800.0,0.0,0.90,6.0,29.3,7.8,25.9,1,2/7/2025 11:06:28 AM
1/30/2025 10:00:00 PM,1/30/2025 5:00:00 PM,800,281.7,181.7,141.0,195.5,800.0,0.0,0.91,6.0,29.3,6.6,32.6,1,2/7/2025 11:06:28 AM
1/30/2025 11:00:00 PM,1/30/2025 6:00:00 PM,800,281.8,183.1,141.0,194.0,800.0,0.0,0.91,6.0,29.3,2.7,31.3,1,2/7/2025 11:06:28 AM
1/31/2025 12:00:00 AM,1/30/2025 7:00:00 PM,800,276.4,183.1,147.8,192.6,800.0,0.0,0.92,6.0,29.3,6.3,29.5,1,2/7/2025 11:06:28 AM
1/31/2025 1:00:00 AM,1/30/2025 8:00:00 PM,800,276.3,183.1,149.5,191.2,800.0,0.0,0.90,6.0,29.3,3.2,23.4,1,2/7/2025 11:06:28 AM
1/31/2025 2:00:00 AM,1/30/2025 9:00:00 PM,800,276.8,104.1,148.4,270.6,800.0,0.0,0.91,6.0,29.3,5.4,25.5,1,2/7/2025 11:06:28 AM
1/31/2025 3:00:00 AM,1/30/2025 10:00:00 PM,800,279.7,114.7,143.1,262.5,800.0,0.0,0.90,6.0,29.3,3.2,26.5,1,2/7/2025 11:06:28 AM
1/31/2025 4:00:00 AM,1/30/2025 11:00:00 PM,800,279.8,114.7,142.4,263.2,800.0,0.0,0.90,6.0,29.3,5.1,31.8,1,2/7/2025 11:06:28 AM
1/31/2025 5:00:00 AM,1/31/2025 12:00:00 AM,525,227.0,90.5,55.6,151.7,525.0,0.0,0.88,6.0,29.1,10.8,38.0,1,2/7/2025 11:06:28 AM
1/31/2025 6:00:00 AM,1/31/2025 1:00:00 AM,525,227.0,90.5,55.6,151.8,525.0,0.0,0.90,6.0,29.1,7.1,31.8,1,2/7/2025 11:06:28 AM
1/31/2025 7:00:00 AM,1/31/2025 2:00:00 AM,525,244.6,99.7,38.6,141.8,525.0,0.0,0.87,6.0,29.1,9.3,34.9,1,2/7/2025 11:06:28 AM
1/31/2025 8:00:00 AM,1/31/2025 3:00:00 AM,525,244.7,99.7,38.5,141.8,525.0,0.0,0.89,6.0,29.1,8.8,36.6,1,2/7/2025 11:06:28 AM
1/31/2025 9:00:00 AM,1/31/2025 4:00:00 AM,800,294.8,147.9,120.2,236.8,800.0,0.0,0.91,6.0,29.1,7.3,28.7,1,2/7/2025 11:06:28 AM
1/31/2025 10:00:00 AM,1/31/2025 5:00:00 AM,800,294.7,150.2,122.5,232.5,800.0,0.0,0.89,6.0,29.1,4.0,30.0,1,2/7/2025 11:06:28 AM
1/31/2025 11:00:00 AM,1/31/2025 6:00:00 AM,800,292.0,247.4,130.2,130.8,800.0,0.0,0.89,6.0,29.1,8.3,27.1,1,2/7/2025 11:06:28 AM
1/31/2025 12:00:00 PM,1/31/2025 7:00:00 AM,800,299.8,229.0,120.9,150.6,800.0,0.0,0.87,6.0,29.1,7.3,29.6,1,2/7/2025 11:06:28 AM
1/31/2025 1:00:00 PM,1/31/2025 8:00:00 AM,800,286.7,147.1,133.8,232.9,800.0,0.0,0.91,6.0,29.1,4.1,33.2,1,2/7/2025 11:06:28 AM
1/31/2025 2:00:00 PM,1/31/2025 9:00:00 AM,525,209.9,147.1,74.1,94.1,525.0,0.0,0.94,6.0,29.1,6.3,33.2,1,2/7/2025 11:06:28 AM
1/31/2025 3:00:00 PM,1/31/2025 10:00:00 AM,525,217.7,16.6,65.9,224.6,525.0,0.0,0.95,6.0,29.1,7.0,25.7,1,2/7/2025 11:06:28 AM
1/31/2025 4:00:00 PM,1/31/2025 11:00:00 AM,525,218.6,16.6,64.7,224.9,525.0,0.0,0.93,6.0,29.1,4.8,29.8,1,2/7/2025 11:06:28 AM
1/31/2025 5:00:00 PM,1/31/2025 12:00:00 PM,525,222.9,76.6,62.2,163.0,525.0,0.0,0.90,6.0,29.1,3.9,26.7,1,2/7/2025 11:06:28 AM
1/31/2025 6:00:00 PM,1/31/2025 1:00:00 PM,525,210.6,76.6,75.6,161.9,525.0,0.0,0.90,6.0,29.1,7.3,24.9,1,2/7/2025 11:06:28 AM
1/31/2025 7:00:00 PM,1/31/2025 2:00:00 PM,525,218.4,76.6,65.2,164.8,525.0,0.0,0.91,6.0,29.1,8.8,38.1,1,2/7/2025 11:06:28 AM
1/31/2025 8:00:00 PM,1/31/2025 3:00:00 PM,525,229.2,182.7,54.7,58.5,525.0,0.0,0.93,6.0,29.1,4.9,35.1,1,2/7/2025 11:06:28 AM
1/31/2025 9:00:00 PM,1/31/2025 4:00:00 PM,800,292.1,237.7,126.6,143.9,800.0,0.0,0.90,6.0,29.1,5.4,25.3,1,2/7/2025 11:06:28 AM
1/31/2025 10:00:00 PM,1/31/2025 5:00:00 PM,800,293.9,237.7,124.2,144.2,800.0,0.0,0.91,6.0,29.1,6.9,29.6,1,2/7/2025 11:06:28 AM
1/31/2025 11:00:00 PM,1/31/2025 6:00:00 PM,800,298.4,292.3,123.9,85.3,800.0,0.0,0.93,6.0,29.1,1.5,31.7,1,2/7/2025 11:06:28 AM
2/1/2025 12:00:00 AM,1/31/2025 7:00:00 PM,800,289.2,237.7,132.8,140.1,800.0,0.0,0.90,6.0,29.1,8.1,32.3,1,2/7/2025 11:06:28 AM
2/1/2025 1:00:00 AM,1/31/2025 8:00:00 PM,800,289.3,223.0,134.0,153.5,800.0,0.0,0.91,6.0,29.1,6.6,28.5,1,2/7/2025 11:06:28 AM
2/1/2025 2:00:00 AM,1/31/2025 9:00:00 PM,800,285.3,86.8,134.9,293.2,800.0,0.0,0.90,6.0,29.1,5.5,40.5,1,2/7/2025 11:06:28 AM
2/1/2025 3:00:00 AM,1/31/2025 10:00:00 PM,800,288.1,82.9,128.8,300.2,800.0,0.0,0.91,6.0,29.1,5.6,28.5,1,2/7/2025 11:06:28 AM
2/1/2025 4:00:00 AM,1/31/2025 11:00:00 PM,800,287.6,82.9,129.9,299.7,800.0,0.0,0.89,6.0,29.1,8.9,35.2,1,2/7/2025 11:06:28 AM
2/1/2025 5:00:00 AM,2/1/2025 12:00:00 AM,525,223.7,68.2,60.3,172.9,525.0,0.0,0.92,6.0,29.1,10.2,40.6,1,3/7/2025 11:05:30 AM
2/1/2025 6:00:00 AM,2/1/2025 1:00:00 AM,525,223.7,68.2,60.4,172.8,525.0,0.0,0.89,6.0,29.1,10.0,35.6,1,3/7/2025 11:05:30 AM
2/1/2025 7:00:00 AM,2/1/2025 2:00:00 AM,525,241.1,68.2,43.2,172.4,525.0,0.0,0.87,6.0,29.1,10.1,33.5,1,3/7/2025 11:05:30 AM
2/1/2025 8:00:00 AM,2/1/2025 3:00:00 AM,525,241.3,68.2,42.7,172.8,525.0,0.0,0.87,6.0,29.1,10.1,33.4,1,3/7/2025 11:05:30 AM
2/1/2025 9:00:00 AM,2/1/2025 4:00:00 AM,800,286.7,84.6,121.7,307.1,800.0,0.0,0.89,6.0,29.1,6.5,35.7,1,3/7/2025 11:05:30 AM
2/1/2025 10:00:00 AM,2/1/2025 5:00:00 AM,800,286.7,127.9,125.9,259.8,800.0,0.0,0.87,6.0,29.1,5.3,29.0,1,3/7/2025 11:05:30 AM
2/1/2025 11:00:00 AM,2/1/2025 6:00:00 AM,800,284.0,253.2,131.8,130.6,800.0,0.0,0.90,6.0,29.1,7.8,31.7,1,3/7/2025 11:05:30 AM
2/1/2025 12:00:00 PM,2/1/2025 7:00:00 AM,800,291.7,253.2,123.5,131.3,800.0,0.0,0.88,6.0,29.1,8.6,32.2,1,3/7/2025 11:05:30 AM
2/1/2025 1:00:00 PM,2/1/2025 8:00:00 AM,800,288.4,253.2,119.7,138.3,800.0,0.0,0.88,6.0,29.1,1.8,22.1,1,3/7/2025 11:05:30 AM
2/1/2025 2:00:00 PM,2/1/2025 9:00:00 AM,525,208.6,160.4,75.3,80.4,525.0,0.0,0.93,6.0,29.1,5.2,26.7,1,3/7/2025 11:05:30 AM
2/1/2025 3:00:00 PM,2/1/2025 10:00:00 AM,525,208.6,160.4,75.3,80.5,525.0,0.0,0.92,6.0,29.1,9.4,36.9,1,3/7/2025 11:05:30 AM
2/1/2025 4:00:00 PM,2/1/2025 11:00:00 AM,525,208.6,160.4,75.3,80.4,525.0,0.0,0.94,6.0,29.1,7.3,31.8,1,3/7/2025 11:05:30 AM
2/1/2025 5:00:00 PM,2/1/2025 12:00:00 PM,525,211.3,160.4,74.3,79.0,525.0,0.0,0.92,6.0,29.1,9.1,32.4,1,3/7/2025 11:05:30 AM
2/1/2025 6:00:00 PM,2/1/2025 1:00:00 PM,525,211.3,160.4,74.2,79.1,525.0,0.0,0.94,6.0,29.1,5.2,30.1,1,3/7/2025 11:05:30 AM
2/1/2025 7:00:00 PM,2/1/2025 2:00:00 PM,525,207.1,160.4,76.9,80.4,525.0,0.0,0.93,6.0,29.1,5.7,33.5,1,3/7/2025 11:05:30 AM
2/1/2025 8:00:00 PM,2/1/2025 3:00:00 PM,525,207.1,160.4,76.9,80.5,525.0,0.0,0.93,6.0,29.1,7.5,35.0,1,3/7/2025 11:05:30 AM
2/1/2025 9:00:00 PM,2/1/2025 4:00:00 PM,800,281.8,218.2,139.6,160.4,800.0,0.0,0.90,6.0,29.1,7.7,34.8,1,3/7/2025 11:05:30 AM
2/1/2025 10:00:00 PM,2/1/2025 5:00:00 PM,800,294.9,117.9,131.4,255.7,800.0,0.0,0.90,6.0,29.1,8.1,27.0,1,3/7/2025 11:05:30 AM
2/1/2025 11:00:00 PM,2/1/2025 6:00:00 PM,800,294.5,199.8,130.0,175.6,800.0,0.0,0.94,6.0,29.1,3.2,28.0,1,3/7/2025 11:05:30 AM
2/2/2025 12:00:00 AM,2/1/2025 7:00:00 PM,800,294.3,117.9,130.6,257.3,800.0,0.0,0.92,6.0,29.1,4.7,39.8,1,3/7/2025 11:05:30 AM
2/2/2025 1:00:00 AM,2/1/2025 8:00:00 PM,800,294.1,103.2,134.2,268.4,800.0,0.0,0.91,6.0,29.1,4.8,31.8,1,3/7/2025 11:05:30 AM
2/2/2025 2:00:00 AM,2/1/2025 9:00:00 PM,800,295.1,71.0,133.4,300.5,800.0,0.0,0.91,6.0,29.1,3.3,36.1,1,3/7/2025 11:05:30 AM
2/2/2025 3:00:00 AM,2/1/2025 10:00:00 PM,800,298.8,71.0,126.8,303.2,800.0,0.0,0.92,6.0,29.1,4.9,29.5,1,3/7/2025 11:05:30 AM
2/2/2025 4:00:00 AM,2/1/2025 11:00:00 PM,800,298.4,0.0,127.2,374.4,800.0,0.0,0.93,6.0,29.1,4.4,32.0,1,3/7/2025 11:05:30 AM
2/2/2025 5:00:00 AM,2/2/2025 12:00:00 AM,525,228.4,68.3,54.2,174.3,525.0,0.0,0.91,6.1,29.0,7.7,32.3,1,3/7/2025 11:05:30 AM
2/2/2025 6:00:00 AM,2/2/2025 1:00:00 AM,525,227.2,68.3,55.8,174.0,525.0,0.0,0.92,6.1,29.0,6.6,36.9,1,3/7/2025 11:05:30 AM
2/2/2025 7:00:00 AM,2/2/2025 2:00:00 AM,525,244.8,68.3,38.4,173.4,525.0,0.0,0.91,6.1,29.0,7.4,34.9,1,3/7/2025 11:05:30 AM
2/2/2025 8:00:00 AM,2/2/2025 3:00:00 AM,525,245.1,68.3,38.2,173.3,525.0,0.0,0.90,6.1,29.0,7.7,25.8,1,3/7/2025 11:05:30 AM
2/2/2025 9:00:00 AM,2/2/2025 4:00:00 AM,800,295.1,98.5,120.3,286.1,800.0,0.0,0.90,6.1,29.0,4.9,34.3,1,3/7/2025 11:05:30 AM
2/2/2025 10:00:00 AM,2/2/2025 5:00:00 AM,800,295.0,98.5,122.1,284.5,800.0,0.0,0.87,6.1,29.0,2.2,24.5,1,3/7/2025 11:05:30 AM
2/2/2025 11:00:00 AM,2/2/2025 6:00:00 AM,800,291.9,160.3,128.5,219.3,800.0,0.0,0.91,6.1,29.0,2.3,30.7,1,3/7/2025 11:05:30 AM
2/2/2025 12:00:00 PM,2/2/2025 7:00:00 AM,800,300.1,228.8,113.9,156.9,800.0,0.0,0.89,6.1,29.0,4.9,36.9,1,3/7/2025 11:05:30 AM
2/2/2025 1:00:00 PM,2/2/2025 8:00:00 AM,800,293.1,160.3,130.0,216.6,800.0,0.0,0.93,6.1,29.0,4.2,25.8,1,3/7/2025 11:05:30 AM
2/2/2025 2:00:00 PM,2/2/2025 9:00:00 AM,525,211.3,190.5,71.6,51.7,525.0,0.0,0.94,6.1,29.0,6.1,24.5,1,3/7/2025 11:05:30 AM
2/2/2025 3:00:00 PM,2/2/2025 10:00:00 AM,525,211.3,173.1,71.6,69.1,525.0,0.0,0.89,6.1,29.0,7.0,17.4,1,3/7/2025 11:05:30 AM
2/2/2025 4:00:00 PM,2/2/2025 11:00:00 AM,525,211.3,173.1,71.6,69.2,525.0,0.0,0.94,6.1,29.0,5.3,29.6,1,3/7/2025 11:05:30 AM
2/2/2025 5:00:00 PM,2/2/2025 12:00:00 PM,525,213.8,173.1,70.7,67.5,525.0,0.0,0.92,6.1,29.0,6.2,37.4,1,3/7/2025 11:05:30 AM
2/2/2025 6:00:00 PM,2/2/2025 1:00:00 PM,525,213.8,111.6,70.7,129.0,525.0,0.0,0.92,6.1,29.0,5.3,31.2,1,3/7/2025 11:05:30 AM
2/2/2025 7:00:00 PM,2/2/2025 2:00:00 PM,525,208.4,126.3,74.4,116.1,525.0,0.0,0.92,6.1,29.0,6.0,29.3,1,3/7/2025 11:05:30 AM
2/2/2025 8:00:00 PM,2/2/2025 3:00:00 PM,525,208.4,173.1,74.4,69.2,525.0,0.0,0.94,6.1,29.0,5.3,34.8,1,3/7/2025 11:05:30 AM
2/2/2025 9:00:00 PM,2/2/2025 4:00:00 PM,800,289.8,160.3,135.4,214.2,800.0,0.0,0.90,6.1,29.0,5.0,26.3,1,3/7/2025 11:05:30 AM
2/2/2025 10:00:00 PM,2/2/2025 5:00:00 PM,800,288.3,117.5,132.9,261.4,800.0,0.0,0.92,6.1,29.0,5.5,32.9,1,3/7/2025 11:05:30 AM
2/2/2025 11:00:00 PM,2/2/2025 6:00:00 PM,800,288.3,199.4,137.4,175.0,800.0,0.0,0.93,6.1,29.0,4.3,36.4,1,3/7/2025 11:05:30 AM
2/3/2025 12:00:00 AM,2/2/2025 7:00:00 PM,800,288.1,199.4,138.2,174.6,800.0,0.0,0.93,6.1,29.0,3.6,33.9,1,3/7/2025 11:05:30 AM
2/3/2025 1:00:00 AM,2/2/2025 8:00:00 PM,800,287.9,190.5,139.2,182.5,800.0,0.0,0.90,6.1,29.0,7.0,32.3,1,3/7/2025 11:05:30 AM
2/3/2025 2:00:00 AM,2/2/2025 9:00:00 PM,800,288.7,113.1,137.9,260.3,800.0,0.0,0.92,6.1,29.0,5.0,35.0,1,3/7/2025 11:05:30 AM
2/3/2025 3:00:00 AM,2/2/2025 10:00:00 PM,800,292.0,98.5,133.2,276.5,800.0,0.0,0.89,6.1,29.0,4.4,28.3,1,3/7/2025 11:05:30 AM
2/3/2025 4:00:00 AM,2/2/2025 11:00:00 PM,800,292.2,98.5,130.1,279.5,800.0,0.0,0.89,6.1,29.0,4.8,33.1,1,3/7/2025 11:05:30 AM
2/3/2025 5:00:00 AM,2/3/2025 12:00:00 AM,525,213.9,68.2,69.0,173.6,525.0,0.0,0.92,6.0,29.0,7.9,26.7,1,3/7/2025 11:05:30 AM
2/3/2025 6:00:00 AM,2/3/2025 1:00:00 AM,525,213.8,68.2,69.0,173.8,525.0,0.0,0.91,6.0,29.0,10.6,34.9,1,3/7/2025 11:05:30 AM
2/3/2025 7:00:00 AM,2/3/2025 2:00:00 AM,525,231.3,68.2,52.6,173.0,525.0,0.0,0.90,6.0,29.0,8.3,34.4,1,3/7/2025 11:05:30 AM
2/3/2025 8:00:00 AM,2/3/2025 3:00:00 AM,525,231.5,68.2,52.4,172.9,525.0,0.0,0.89,6.0,29.0,8.5,36.8,1,3/7/2025 11:05:30 AM
2/3/2025 9:00:00 AM,2/3/2025 4:00:00 AM,800,283.7,98.4,131.2,286.7,800.0,0.0,0.89,6.0,29.0,7.0,32.4,1,3/7/2025 11:05:30 AM
2/3/2025 10:00:00 AM,2/3/2025 5:00:00 AM,800,283.7,98.4,131.7,286.3,800.0,0.0,0.91,6.0,29.0,5.8,38.5,1,3/7/2025 11:05:30 AM
2/3/2025 11:00:00 AM,2/3/2025 6:00:00 AM,800,280.6,82.5,138.4,298.3,800.0,0.0,0.92,6.0,29.0,5.0,32.6,1,3/7/2025 11:05:30 AM
2/3/2025 12:00:00 PM,2/3/2025 7:00:00 AM,800,288.4,164.4,127.6,219.8,800.0,0.0,0.92,6.0,29.0,4.6,27.5,1,3/7/2025 11:05:30 AM
2/3/2025 1:00:00 PM,2/3/2025 8:00:00 AM,800,267.8,211.6,145.5,174.7,800.0,0.0,0.92,6.0,29.0,4.9,33.7,1,3/7/2025 11:05:30 AM
2/3/2025 2:00:00 PM,2/3/2025 9:00:00 AM,525,186.6,189.8,98.6,49.7,525.0,0.0,0.92,6.0,29.0,6.7,26.5,1,3/7/2025 11:05:30 AM
2/3/2025 3:00:00 PM,2/3/2025 10:00:00 AM,525,193.3,127.8,92.2,111.6,525.0,0.0,0.92,6.0,29.0,8.1,32.3,1,3/7/2025 11:05:30 AM
2/3/2025 4:00:00 PM,2/3/2025 11:00:00 AM,525,193.3,127.8,91.9,111.8,525.0,0.0,0.89,6.0,29.0,8.5,28.5,1,3/7/2025 11:05:30 AM
2/3/2025 5:00:00 PM,2/3/2025 12:00:00 PM,525,219.4,105.0,65.7,134.6,525.0,0.0,0.91,6.0,29.0,8.4,33.6,1,3/7/2025 11:05:30 AM
2/3/2025 6:00:00 PM,2/3/2025 1:00:00 PM,525,219.7,113.1,65.5,126.6,525.0,0.0,0.89,6.0,29.0,7.9,31.5,1,3/7/2025 11:05:30 AM
2/3/2025 7:00:00 PM,2/3/2025 2:00:00 PM,525,201.3,113.1,82.8,127.8,525.0,0.0,0.93,6.0,29.0,4.9,25.4,1,3/7/2025 11:05:30 AM
2/3/2025 8:00:00 PM,2/3/2025 3:00:00 PM,525,201.4,212.9,82.7,28.0,525.0,0.0,0.94,6.0,29.0,11.4,26.4,1,3/7/2025 11:05:30 AM
2/3/2025 9:00:00 PM,2/3/2025 4:00:00 PM,800,282.3,209.4,129.1,179.0,800.0,0.0,0.89,6.0,29.0,7.9,32.8,1,3/7/2025 11:05:30 AM
2/3/2025 10:00:00 PM,2/3/2025 5:00:00 PM,800,284.0,53.2,140.6,321.9,800.0,0.0,0.88,6.0,29.0,4.0,23.5,1,3/7/2025 11:05:30 AM
2/3/2025 11:00:00 PM,2/3/2025 6:00:00 PM,800,280.8,107.8,144.3,266.9,800.0,0.0,0.91,6.0,29.0,5.0,27.4,1,3/7/2025 11:05:30 AM
2/4/2025 12:00:00 AM,2/3/2025 7:00:00 PM,800,275.4,153.1,149.7,221.7,800.0,0.0,0.90,6.0,29.0,4.5,31.3,1,3/7/2025 11:05:30 AM
2/4/2025 1:00:00 AM,2/3/2025 8:00:00 PM,800,275.7,228.8,151.6,143.6,800.0,0.0,0.91,6.0,29.0,6.6,35.3,1,3/7/2025 11:05:30 AM
2/4/2025 2:00:00 AM,2/3/2025 9:00:00 PM,800,276.5,189.5,150.2,183.9,800.0,0.0,0.90,6.0,29.0,4.6,25.9,1,3/7/2025 11:05:30 AM
2/4/2025 3:00:00 AM,2/3/2025 10:00:00 PM,800,279.8,109.4,140.3,270.4,800.0,0.0,0.88,6.0,29.0,5.9,25.5,1,3/7/2025 11:05:30 AM
2/4/2025 4:00:00 AM,2/3/2025 11:00:00 PM,800,279.3,100.3,142.0,278.5,800.0,0.0,0.91,6.0,29.0,3.5,33.4,1,3/7/2025 11:05:30 AM
2/4/2025 5:00:00 AM,2/4/2025 12:00:00 AM,525,191.0,69.9,93.4,170.8,525.0,0.0,0.91,6.0,28.9,4.3,38.7,1,3/7/2025 11:05:30 AM
2/4/2025 6:00:00 AM,2/4/2025 1:00:00 AM,525,190.5,69.9,93.7,170.9,525.0,0.0,0.89,6.0,28.9,7.5,30.6,1,3/7/2025 11:05:30 AM
2/4/2025 7:00:00 AM,2/4/2025 2:00:00 AM,525,208.9,69.9,75.5,170.7,525.0,0.0,0.90,6.0,28.9,6.9,37.6,1,3/7/2025 11:05:30 AM
2/4/2025 8:00:00 AM,2/4/2025 3:00:00 AM,525,209.0,69.9,75.9,170.5,525.0,0.0,0.90,6.0,28.9,5.8,38.2,1,3/7/2025 11:05:30 AM
2/4/2025 9:00:00 AM,2/4/2025 4:00:00 AM,800,258.6,116.9,150.0,274.7,800.0,0.0,0.88,6.0,28.9,6.6,33.3,1,3/7/2025 11:05:30 AM
2/4/2025 10:00:00 AM,2/4/2025 5:00:00 AM,800,258.5,48.9,154.6,338.0,800.0,0.0,0.87,6.0,28.9,7.0,30.9,1,3/7/2025 11:05:30 AM
2/4/2025 11:00:00 AM,2/4/2025 6:00:00 AM,800,255.7,154.7,162.6,227.0,800.0,0.0,0.90,6.0,28.9,5.7,31.4,1,3/7/2025 11:05:30 AM
2/4/2025 12:00:00 PM,2/4/2025 7:00:00 AM,800,264.1,163.9,151.9,219.9,800.0,0.0,0.90,6.0,28.9,5.2,21.2,1,3/7/2025 11:05:30 AM
2/4/2025 1:00:00 PM,2/4/2025 8:00:00 AM,800,256.7,214.5,164.2,164.5,800.0,0.0,0.92,6.0,28.9,2.1,32.3,1,3/7/2025 11:05:30 AM
2/4/2025 2:00:00 PM,2/4/2025 9:00:00 AM,525,175.9,174.6,108.3,66.1,525.0,0.0,0.91,6.0,28.9,7.8,15.8,1,3/7/2025 11:05:30 AM
2/4/2025 3:00:00 PM,2/4/2025 10:00:00 AM,525,183.2,130.0,100.9,110.9,525.0,0.0,0.88,6.0,28.9,10.4,28.0,1,3/7/2025 11:05:30 AM
2/4/2025 4:00:00 PM,2/4/2025 11:00:00 AM,525,183.3,148.2,100.7,92.8,525.0,0.0,0.91,6.0,28.9,10.7,31.9,1,3/7/2025 11:05:30 AM
2/4/2025 5:00:00 PM,2/4/2025 12:00:00 PM,525,230.9,148.2,55.6,90.3,525.0,0.0,0.90,6.0,28.9,8.3,28.6,1,3/7/2025 11:05:30 AM
2/4/2025 6:00:00 PM,2/4/2025 1:00:00 PM,525,216.6,133.6,69.8,104.9,525.0,0.0,0.90,6.0,28.9,5.6,25.1,1,3/7/2025 11:05:30 AM
2/4/2025 7:00:00 PM,2/4/2025 2:00:00 PM,525,184.1,133.6,101.0,106.5,525.0,0.0,0.91,6.0,28.9,5.5,30.1,1,3/7/2025 11:05:30 AM
2/4/2025 8:00:00 PM,2/4/2025 3:00:00 PM,525,184.2,148.2,99.9,92.7,525.0,0.0,0.96,6.0,28.9,3.8,23.9,1,3/7/2025 11:05:30 AM
2/4/2025 9:00:00 PM,2/4/2025 4:00:00 PM,800,266.3,81.6,148.1,304.2,800.0,0.0,0.90,6.0,28.9,6.3,27.7,1,3/7/2025 11:05:30 AM
2/4/2025 10:00:00 PM,2/4/2025 5:00:00 PM,800,268.0,61.3,150.3,320.6,800.0,0.0,0.91,6.0,28.9,4.8,29.5,1,3/7/2025 11:05:30 AM
2/4/2025 11:00:00 PM,2/4/2025 6:00:00 PM,800,268.9,189.3,155.7,186.1,800.0,0.0,0.94,6.0,28.9,2.3,26.2,1,3/7/2025 11:05:30 AM
2/5/2025 12:00:00 AM,2/4/2025 7:00:00 PM,800,266.2,107.4,158.1,268.2,800.0,0.0,0.92,6.0,28.9,3.7,30.1,1,3/7/2025 11:05:30 AM
2/5/2025 1:00:00 AM,2/4/2025 8:00:00 PM,800,266.4,107.4,160.6,265.6,800.0,0.0,0.90,6.0,28.9,5.8,26.9,1,3/7/2025 11:05:30 AM
2/5/2025 2:00:00 AM,2/4/2025 9:00:00 PM,800,267.3,115.9,159.5,257.4,800.0,0.0,0.92,6.0,28.9,5.8,35.3,1,3/7/2025 11:05:30 AM
2/5/2025 3:00:00 AM,2/4/2025 10:00:00 PM,800,270.7,38.5,151.8,339.2,800.0,0.0,0.92,6.0,28.9,6.1,30.8,1,3/7/2025 11:05:30 AM
2/5/2025 4:00:00 AM,2/4/2025 11:00:00 PM,800,270.1,166.5,150.7,212.7,800.0,0.0,0.89,6.0,28.9,7.2,34.7,1,3/7/2025 11:05:30 AM
2/5/2025 5:00:00 AM,2/5/2025 12:00:00 AM,525,189.8,192.5,93.6,49.3,525.0,0.0,0.92,6.0,28.6,4.4,35.2,1,3/7/2025 11:05:30 AM
2/5/2025 6:00:00 AM,2/5/2025 1:00:00 AM,525,189.6,89.6,94.2,151.7,525.0,0.0,0.91,6.0,28.6,6.7,34.8,1,3/7/2025 11:05:30 AM
2/5/2025 7:00:00 AM,2/5/2025 2:00:00 AM,525,208.4,74.9,75.8,166.1,525.0,0.0,0.88,6.0,28.6,6.9,32.0,1,3/7/2025 11:05:30 AM
2/5/2025 8:00:00 AM,2/5/2025 3:00:00 AM,525,208.5,74.9,75.6,166.0,525.0,0.0,0.87,6.0,28.6,7.3,23.8,1,3/7/2025 11:05:30 AM
2/5/2025 9:00:00 AM,2/5/2025 4:00:00 AM,800,266.0,74.9,149.7,309.3,800.0,0.0,0.91,6.0,28.6,3.4,32.0,1,3/7/2025 11:05:30 AM
2/5/2025 10:00:00 AM,2/5/2025 5:00:00 AM,800,266.0,113.0,152.4,268.5,800.0,0.0,0.88,6.0,28.6,4.7,30.2,1,3/7/2025 11:05:30 AM
2/5/2025 11:00:00 AM,2/5/2025 6:00:00 AM,800,262.9,56.2,161.1,320.0,800.0,0.0,0.90,6.0,28.6,4.8,28.2,1,3/7/2025 11:05:30 AM
2/5/2025 12:00:00 PM,2/5/2025 7:00:00 AM,800,275.1,204.8,132.2,187.8,800.0,0.0,0.90,6.0,28.6,6.7,30.6,1,3/7/2025 11:05:30 AM
2/5/2025 1:00:00 PM,2/5/2025 8:00:00 AM,800,268.6,122.9,147.0,261.4,800.0,0.0,0.91,6.0,28.6,5.6,22.8,1,3/7/2025 11:05:30 AM
2/5/2025 2:00:00 PM,2/5/2025 9:00:00 AM,525,190.3,193.4,94.3,47.0,525.0,0.0,0.90,6.0,28.6,9.9,34.9,1,3/7/2025 11:05:30 AM
2/5/2025 3:00:00 PM,2/5/2025 10:00:00 AM,525,196.3,99.3,89.2,140.3,525.0,0.0,0.88,6.0,28.6,6.4,17.2,1,3/7/2025 11:05:30 AM
2/5/2025 4:00:00 PM,2/5/2025 11:00:00 AM,525,196.2,88.6,89.1,151.1,525.0,0.0,0.92,6.0,28.6,6.2,29.4,1,3/7/2025 11:05:30 AM
2/5/2025 5:00:00 PM,2/5/2025 12:00:00 PM,525,236.2,82.9,49.7,156.4,525.0,0.0,0.90,6.0,28.6,5.8,25.6,1,3/7/2025 11:05:30 AM
2/5/2025 6:00:00 PM,2/5/2025 1:00:00 PM,525,236.3,82.9,49.9,156.1,525.0,0.0,0.89,6.0,28.6,6.3,31.2,1,3/7/2025 11:05:30 AM
2/5/2025 7:00:00 PM,2/5/2025 2:00:00 PM,525,198.8,82.9,85.2,158.1,525.0,0.0,0.91,6.0,28.6,5.9,29.8,1,3/7/2025 11:05:30 AM
2/5/2025 8:00:00 PM,2/5/2025 3:00:00 PM,525,180.3,82.9,103.4,158.3,525.0,0.0,0.94,6.0,28.6,6.8,25.4,1,3/7/2025 11:05:30 AM
2/5/2025 9:00:00 PM,2/5/2025 4:00:00 PM,800,265.7,28.5,155.6,350.3,800.0,0.0,0.89,6.0,28.6,5.1,25.0,1,3/7/2025 11:05:30 AM
2/5/2025 10:00:00 PM,2/5/2025 5:00:00 PM,800,268.3,135.7,157.2,238.9,800.0,0.0,0.89,6.0,28.6,3.5,18.7,1,3/7/2025 11:05:30 AM
2/5/2025 11:00:00 PM,2/5/2025 6:00:00 PM,800,269.2,229.9,147.9,153.0,800.0,0.0,0.91,6.0,28.6,5.3,25.7,1,3/7/2025 11:05:30 AM
2/6/2025 12:00:00 AM,2/5/2025 7:00:00 PM,800,263.8,149.9,155.8,230.3,800.0,0.0,0.91,6.0,28.6,5.0,31.0,1,3/7/2025 11:05:30 AM
2/6/2025 1:00:00 AM,2/5/2025 8:00:00 PM,800,263.9,149.9,153.4,232.7,800.0,0.0,0.90,6.0,28.6,5.1,28.9,1,3/7/2025 11:05:30 AM
2/6/2025 2:00:00 AM,2/5/2025 9:00:00 PM,800,264.9,148.3,164.3,222.7,800.0,0.0,0.91,6.0,28.6,3.5,25.7,1,3/7/2025 11:05:30 AM
2/6/2025 3:00:00 AM,2/5/2025 10:00:00 PM,800,268.3,266.1,157.0,108.5,800.0,0.0,0.91,6.0,28.6,4.8,27.3,1,3/7/2025 11:05:30 AM
2/6/2025 4:00:00 AM,2/5/2025 11:00:00 PM,800,267.8,266.1,154.9,111.3,800.0,0.0,0.90,6.0,28.6,6.2,33.3,1,3/7/2025 11:05:30 AM
2/6/2025 5:00:00 AM,2/6/2025 12:00:00 AM,525,189.8,195.7,93.7,45.8,525.0,0.0,0.89,6.0,28.4,6.1,34.3,1,3/7/2025 11:05:30 AM
2/6/2025 6:00:00 AM,2/6/2025 1:00:00 AM,525,189.7,109.4,93.7,132.3,525.0,0.0,0.88,6.0,28.4,5.5,38.0,1,3/7/2025 11:05:30 AM
2/6/2025 7:00:00 AM,2/6/2025 2:00:00 AM,525,208.6,94.7,75.7,146.1,525.0,0.0,0.87,6.0,28.4,5.1,37.8,1,3/7/2025 11:05:30 AM
2/6/2025 8:00:00 AM,2/6/2025 3:00:00 AM,525,208.5,94.7,75.8,146.2,525.0,0.0,0.84,6.0,28.4,6.6,33.9,1,3/7/2025 11:05:30 AM
2/6/2025 9:00:00 AM,2/6/2025 4:00:00 AM,800,266.8,114.7,146.7,272.1,800.0,0.0,0.87,6.0,28.4,5.8,29.0,1,3/7/2025 11:05:30 AM
2/6/2025 10:00:00 AM,2/6/2025 5:00:00 AM,800,266.7,232.6,154.1,146.5,800.0,0.0,0.89,6.0,28.4,4.8,33.7,1,3/7/2025 11:05:30 AM
2/6/2025 11:00:00 AM,2/6/2025 6:00:00 AM,800,263.7,137.9,161.8,236.7,800.0,0.0,0.85,6.0,28.4,4.4,22.4,1,3/7/2025 11:05:30 AM
2/6/2025 12:00:00 PM,2/6/2025 7:00:00 AM,800,272.6,206.9,150.2,169.9,800.0,0.0,0.85,6.0,28.4,7.4,29.6,1,3/7/2025 11:05:30 AM
2/6/2025 1:00:00 PM,2/6/2025 8:00:00 AM,800,263.2,206.9,162.2,167.2,800.0,0.0,0.90,6.0,28.4,5.4,28.5,1,3/7/2025 11:05:30 AM
2/6/2025 2:00:00 PM,2/6/2025 9:00:00 AM,525,173.7,208.4,109.0,34.0,525.0,0.0,0.94,6.0,28.4,4.1,34.6,1,3/7/2025 11:05:30 AM
2/6/2025 3:00:00 PM,2/6/2025 10:00:00 AM,525,189.5,93.9,94.5,146.8,525.0,0.0,0.87,6.0,28.4,8.8,29.3,1,3/7/2025 11:05:30 AM
2/6/2025 4:00:00 PM,2/6/2025 11:00:00 AM,525,182.1,92.3,102.0,148.7,525.0,0.0,0.89,6.0,28.4,5.1,30.1,1,3/7/2025 11:05:30 AM
2/6/2025 5:00:00 PM,2/6/2025 12:00:00 PM,525,216.4,92.3,69.1,147.1,525.0,0.0,0.90,6.0,28.4,6.3,28.5,1,3/7/2025 11:05:30 AM
2/6/2025 6:00:00 PM,2/6/2025 1:00:00 PM,525,217.1,92.3,68.3,146.9,525.0,0.0,0.90,6.0,28.4,6.8,25.2,1,3/7/2025 11:05:30 AM
2/6/2025 7:00:00 PM,2/6/2025 2:00:00 PM,525,217.2,113.0,68.2,126.4,525.0,0.0,0.85,6.0,28.4,5.7,21.3,1,3/7/2025 11:05:30 AM
2/6/2025 8:00:00 PM,2/6/2025 3:00:00 PM,525,217.3,92.3,68.1,147.2,525.0,0.0,0.85,6.0,28.4,5.7,22.6,1,3/7/2025 11:05:30 AM
2/6/2025 9:00:00 PM,2/6/2025 4:00:00 PM,800,311.2,102.8,88.7,297.5,800.0,0.0,0.85,6.0,28.4,7.0,33.2,1,3/7/2025 11:05:30 AM
2/6/2025 10:00:00 PM,2/6/2025 5:00:00 PM,800,293.2,44.8,120.7,341.3,800.0,0.0,0.83,6.0,28.4,7.3,33.2,1,3/7/2025 11:05:30 AM
2/6/2025 11:00:00 PM,2/6/2025 6:00:00 PM,800,294.2,98.0,121.0,287.0,800.0,0.0,0.85,6.0,28.4,5.3,29.1,1,3/7/2025 11:05:30 AM
2/7/2025 12:00:00 AM,2/6/2025 7:00:00 PM,800,297.6,90.4,124.5,287.6,800.0,0.0,0.85,6.0,28.4,5.5,35.9,1,3/7/2025 11:05:30 AM
2/7/2025 1:00:00 AM,2/6/2025 8:00:00 PM,800,297.8,90.4,121.7,290.3,800.0,0.0,0.85,6.0,28.4,5.0,31.7,1,3/7/2025 11:05:30 AM
2/7/2025 2:00:00 AM,2/6/2025 9:00:00 PM,800,298.9,178.0,120.0,203.4,800.0,0.0,0.87,6.0,28.4,3.7,27.0,1,3/7/2025 11:05:30 AM
2/7/2025 3:00:00 AM,2/6/2025 10:00:00 PM,800,292.8,174.7,121.7,211.1,800.0,0.0,0.88,6.0,28.4,7.2,29.6,1,3/7/2025 11:05:30 AM
2/7/2025 4:00:00 AM,2/6/2025 11:00:00 PM,800,292.2,166.5,121.5,220.0,800.0,0.0,0.86,6.0,28.4,6.7,30.2,1,3/7/2025 11:05:30 AM
2/7/2025 5:00:00 AM,2/7/2025 12:00:00 AM,525,226.2,73.1,59.3,166.3,525.0,0.0,0.87,6.0,28.3,8.5,28.2,1,3/7/2025 11:05:30 AM
2/7/2025 6:00:00 AM,2/7/2025 1:00:00 AM,525,225.9,73.1,60.1,166.1,525.0,0.0,0.86,6.0,28.3,10.6,35.5,1,3/7/2025 11:05:30 AM
2/7/2025 7:00:00 AM,2/7/2025 2:00:00 AM,525,244.7,73.1,41.2,165.8,525.0,0.0,0.86,6.0,28.3,10.5,36.1,1,3/7/2025 11:05:30 AM
2/7/2025 8:00:00 AM,2/7/2025 3:00:00 AM,525,244.6,73.1,40.5,167.0,525.0,0.0,0.86,6.0,28.3,4.6,25.5,1,3/7/2025 11:05:30 AM
2/7/2025 9:00:00 AM,2/7/2025 4:00:00 AM,800,287.4,93.2,113.8,305.5,800.0,0.0,0.87,6.0,28.3,6.8,39.9,1,3/7/2025 11:05:30 AM
2/7/2025 10:00:00 AM,2/7/2025 5:00:00 AM,800,287.5,93.2,116.3,302.9,800.0,0.0,0.87,6.0,28.3,5.7,36.1,1,3/7/2025 11:05:30 AM
2/7/2025 11:00:00 AM,2/7/2025 6:00:00 AM,800,287.8,8.6,119.7,383.7,800.0,0.0,0.87,6.0,28.3,8.0,31.1,1,3/7/2025 11:05:30 AM
2/7/2025 12:00:00 PM,2/7/2025 7:00:00 AM,800,296.5,141.2,108.2,254.0,800.0,0.0,0.91,6.0,28.3,2.8,25.6,1,3/7/2025 11:05:30 AM
2/7/2025 1:00:00 PM,2/7/2025 8:00:00 AM,800,288.9,223.1,119.2,168.8,800.0,0.0,0.89,6.0,28.3,0.9,27.6,1,3/7/2025 11:05:30 AM
2/7/2025 2:00:00 PM,2/7/2025 9:00:00 AM,525,217.5,198.0,66.8,42.2,525.0,0.0,0.91,6.0,28.3,8.1,32.8,1,3/7/2025 11:05:30 AM
2/7/2025 3:00:00 PM,2/7/2025 10:00:00 AM,525,225.6,178.0,59.1,62.1,525.0,0.0,0.90,6.0,28.3,5.1,29.3,1,3/7/2025 11:05:30 AM
2/7/2025 4:00:00 PM,2/7/2025 11:00:00 AM,525,225.7,174.7,58.8,65.6,525.0,0.0,0.90,6.0,28.3,9.5,30.1,1,3/7/2025 11:05:30 AM
2/7/2025 5:00:00 PM,2/7/2025 12:00:00 PM,525,185.5,174.7,96.2,68.4,525.0,0.0,0.84,6.0,28.3,9.9,36.1,1,3/7/2025 11:05:30 AM
2/7/2025 6:00:00 PM,2/7/2025 1:00:00 PM,525,185.5,51.3,96.2,191.7,525.0,0.0,0.88,6.0,28.3,4.9,38.1,1,3/7/2025 11:05:30 AM
2/7/2025 7:00:00 PM,2/7/2025 2:00:00 PM,525,185.5,21.6,96.3,221.4,525.0,0.0,0.86,6.0,28.3,9.0,40.4,1,3/7/2025 11:05:30 AM
2/7/2025 8:00:00 PM,2/7/2025 3:00:00 PM,525,185.6,21.6,96.1,221.4,525.0,0.0,0.92,6.0,28.3,7.0,35.7,1,3/7/2025 11:05:30 AM
2/7/2025 9:00:00 PM,2/7/2025 4:00:00 PM,800,274.8,61.7,143.8,319.6,800.0,0.0,0.89,6.0,28.3,5.8,35.0,1,3/7/2025 11:05:30 AM
2/7/2025 10:00:00 PM,2/7/2025 5:00:00 PM,800,276.8,141.2,146.0,236.0,800.0,0.0,0.90,6.0,28.3,5.3,22.5,1,3/7/2025 11:05:30 AM
2/7/2025 11:00:00 PM,2/7/2025 6:00:00 PM,800,277.6,223.1,146.9,152.3,800.0,0.0,0.92,6.0,28.3,4.8,32.5,1,3/7/2025 11:05:30 AM
2/8/2025 12:00:00 AM,2/7/2025 7:00:00 PM,800,278.0,230.2,135.7,156.0,800.0,0.0,0.91,6.0,28.3,4.6,30.2,1,3/7/2025 11:05:30 AM
2/8/2025 1:00:00 AM,2/7/2025 8:00:00 PM,800,271.9,133.6,156.0,238.1,800.0,0.0,0.93,6.0,28.3,3.9,29.3,1,3/7/2025 11:05:30 AM
2/8/2025 2:00:00 AM,2/7/2025 9:00:00 PM,800,272.9,133.6,152.6,240.6,800.0,0.0,0.91,6.0,28.3,4.3,29.6,1,3/7/2025 11:05:30 AM
2/8/2025 3:00:00 AM,2/7/2025 10:00:00 PM,800,272.9,150.0,151.6,225.3,800.0,0.0,0.87,6.0,28.3,7.9,36.1,1,3/7/2025 11:05:30 AM
2/8/2025 4:00:00 AM,2/7/2025 11:00:00 PM,800,272.3,202.7,153.6,171.1,800.0,0.0,0.90,6.0,28.3,5.7,30.2,1,3/7/2025 11:05:30 AM
2/8/2025 5:00:00 AM,2/8/2025 12:00:00 AM,525,190.5,200.0,92.3,42.0,525.0,0.0,0.90,6.0,28.2,9.6,34.9,1,3/7/2025 11:05:30 AM
2/8/2025 6:00:00 AM,2/8/2025 1:00:00 AM,525,190.5,82.7,92.3,159.3,525.0,0.0,0.91,6.0,28.2,5.8,33.9,1,3/7/2025 11:05:30 AM
2/8/2025 7:00:00 AM,2/8/2025 2:00:00 AM,525,209.7,82.7,73.4,159.2,525.0,0.0,0.88,6.0,28.2,7.4,35.1,1,3/7/2025 11:05:30 AM
2/8/2025 8:00:00 AM,2/8/2025 3:00:00 AM,525,209.7,110.4,73.4,131.3,525.0,0.0,0.88,6.0,28.2,8.3,35.5,1,3/7/2025 11:05:30 AM
2/8/2025 9:00:00 AM,2/8/2025 4:00:00 AM,800,272.5,80.4,146.4,300.7,800.0,0.0,0.90,6.0,28.2,5.9,27.4,1,3/7/2025 11:05:30 AM
2/8/2025 10:00:00 AM,2/8/2025 5:00:00 AM,800,272.5,103.9,146.6,277.1,800.0,0.0,0.91,6.0,28.2,4.9,33.0,1,3/7/2025 11:05:30 AM
2/8/2025 11:00:00 AM,2/8/2025 6:00:00 AM,800,273.0,183.3,147.7,196.0,800.0,0.0,0.91,6.0,28.2,2.3,27.2,1,3/7/2025 11:05:30 AM
2/8/2025 12:00:00 PM,2/8/2025 7:00:00 AM,800,287.7,199.7,130.0,182.4,800.0,0.0,0.90,6.0,28.2,4.7,28.3,1,3/7/2025 11:05:30 AM
2/8/2025 1:00:00 PM,2/8/2025 8:00:00 AM,800,273.7,216.4,147.2,162.7,800.0,0.0,0.90,6.0,28.2,4.3,28.1,1,3/7/2025 11:05:30 AM
2/8/2025 2:00:00 PM,2/8/2025 9:00:00 AM,525,187.4,220.9,92.5,26.0,527.0,0.0,0.94,6.0,28.2,7.8,33.6,1,3/7/2025 11:05:30 AM
2/8/2025 3:00:00 PM,2/8/2025 10:00:00 AM,525,187.4,161.2,63.9,114.2,526.8,0.0,0.90,6.0,28.2,7.0,35.8,1,3/7/2025 11:05:30 AM
2/8/2025 4:00:00 PM,2/8/2025 11:00:00 AM,525,187.4,87.2,96.7,153.5,525.0,0.0,0.93,6.0,28.2,7.3,40.5,1,3/7/2025 11:05:30 AM
2/8/2025 5:00:00 PM,2/8/2025 12:00:00 PM,525,185.7,56.1,98.5,184.6,525.0,0.0,0.90,6.0,28.2,7.6,35.7,1,3/7/2025 11:05:30 AM
2/8/2025 6:00:00 PM,2/8/2025 1:00:00 PM,525,185.7,56.1,98.5,184.6,525.0,0.0,0.93,6.0,28.2,5.9,38.9,1,3/7/2025 11:05:30 AM
2/8/2025 7:00:00 PM,2/8/2025 2:00:00 PM,525,185.7,133.5,98.5,107.0,525.0,0.0,0.93,6.0,28.2,2.7,25.4,1,3/7/2025 11:05:30 AM
2/8/2025 8:00:00 PM,2/8/2025 3:00:00 PM,525,215.1,118.3,70.3,121.0,525.0,0.0,0.92,6.0,28.2,6.2,22.9,1,3/7/2025 11:05:30 AM
2/8/2025 9:00:00 PM,2/8/2025 4:00:00 PM,800,270.4,41.7,150.2,337.7,800.0,0.0,0.83,6.0,28.2,3.2,13.1,1,3/7/2025 11:05:30 AM
2/8/2025 10:00:00 PM,2/8/2025 5:00:00 PM,800,272.4,168.0,147.5,211.9,800.0,0.0,0.92,6.0,28.2,5.2,27.2,1,3/7/2025 11:05:30 AM
2/8/2025 11:00:00 PM,2/8/2025 6:00:00 PM,800,289.7,222.6,108.3,179.1,800.0,0.0,0.93,6.0,28.2,3.1,30.9,1,3/7/2025 11:05:30 AM
2/9/2025 12:00:00 AM,2/8/2025 7:00:00 PM,800,271.7,217.3,150.8,160.2,800.0,0.0,0.92,6.0,28.2,3.5,28.4,1,3/7/2025 11:05:30 AM
2/9/2025 1:00:00 AM,2/8/2025 8:00:00 PM,800,271.4,217.3,150.1,161.2,800.0,0.0,0.91,6.0,28.2,5.4,27.7,1,3/7/2025 11:05:30 AM
2/9/2025 2:00:00 AM,2/8/2025 9:00:00 PM,800,272.6,217.3,149.9,160.1,800.0,0.0,0.90,6.0,28.2,3.0,30.1,1,3/7/2025 11:05:30 AM
2/9/2025 3:00:00 AM,2/8/2025 10:00:00 PM,800,270.5,251.8,149.5,128.1,800.0,0.0,0.90,6.0,28.2,6.6,25.2,1,3/7/2025 11:05:30 AM
2/9/2025 4:00:00 AM,2/8/2025 11:00:00 PM,800,270.0,251.8,149.6,128.5,800.0,0.0,0.88,6.0,28.2,6.4,28.1,1,3/7/2025 11:05:30 AM
2/9/2025 5:00:00 AM,2/9/2025 12:00:00 AM,525,196.4,103.6,88.6,136.6,525.0,0.0,0.90,6.0,28.3,8.5,22.4,1,3/7/2025 11:05:30 AM
2/9/2025 6:00:00 AM,2/9/2025 1:00:00 AM,525,195.9,132.6,89.9,106.8,525.0,0.0,0.90,6.0,28.3,6.6,28.6,1,3/7/2025 11:05:30 AM
2/9/2025 7:00:00 AM,2/9/2025 2:00:00 AM,525,214.4,118.1,71.2,121.3,525.0,0.0,0.90,6.0,28.3,4.8,31.6,1,3/7/2025 11:05:30 AM
2/9/2025 8:00:00 AM,2/9/2025 3:00:00 AM,525,214.5,118.1,70.8,121.5,525.0,0.0,0.88,6.0,28.3,6.4,28.1,1,3/7/2025 11:05:30 AM
2/9/2025 9:00:00 AM,2/9/2025 4:00:00 AM,800,266.1,148.2,142.5,243.1,800.0,0.0,0.88,6.0,28.3,4.3,28.4,1,3/7/2025 11:05:30 AM
2/9/2025 10:00:00 AM,2/9/2025 5:00:00 AM,800,266.0,148.2,143.4,242.4,800.0,0.0,0.88,6.0,28.3,6.6,43.6,1,3/7/2025 11:05:30 AM
2/9/2025 11:00:00 AM,2/9/2025 6:00:00 AM,800,266.3,167.5,144.8,221.4,800.0,0.0,0.91,6.0,28.3,4.7,28.1,1,3/7/2025 11:05:30 AM
2/9/2025 12:00:00 PM,2/9/2025 7:00:00 AM,800,275.1,169.2,133.8,221.8,800.0,0.0,0.90,6.0,28.3,4.7,29.9,1,3/7/2025 11:05:30 AM
2/9/2025 1:00:00 PM,2/9/2025 8:00:00 AM,800,267.3,169.2,147.9,215.5,800.0,0.0,0.90,6.0,28.3,4.7,32.5,1,3/7/2025 11:05:30 AM
2/9/2025 2:00:00 PM,2/9/2025 9:00:00 AM,525,185.3,169.2,99.9,70.5,525.0,0.0,0.91,6.0,28.3,8.3,30.1,1,3/7/2025 11:05:30 AM
2/9/2025 3:00:00 PM,2/9/2025 10:00:00 AM,525,185.3,169.2,99.9,70.4,525.0,0.0,0.91,6.0,28.3,7.3,27.0,1,3/7/2025 11:05:30 AM
2/9/2025 4:00:00 PM,2/9/2025 11:00:00 AM,525,185.3,61.0,99.9,178.7,525.0,0.0,0.92,6.0,28.3,4.0,22.1,1,3/7/2025 11:05:30 AM
2/9/2025 5:00:00 PM,2/9/2025 12:00:00 PM,525,183.7,61.0,101.9,178.7,525.0,0.0,0.86,6.0,28.3,6.8,30.1,1,3/7/2025 11:05:30 AM
2/9/2025 6:00:00 PM,2/9/2025 1:00:00 PM,525,183.7,61.0,101.9,178.6,525.0,0.0,0.90,6.0,28.3,7.1,28.7,1,3/7/2025 11:05:30 AM
2/9/2025 7:00:00 PM,2/9/2025 2:00:00 PM,525,183.7,61.0,101.9,178.6,525.0,0.0,0.92,6.0,28.3,8.4,26.6,1,3/7/2025 11:05:30 AM
2/9/2025 8:00:00 PM,2/9/2025 3:00:00 PM,525,212.6,61.0,73.9,177.5,525.0,0.0,0.90,6.0,28.3,5.0,32.9,1,3/7/2025 11:05:30 AM
2/9/2025 9:00:00 PM,2/9/2025 4:00:00 PM,800,264.3,104.5,153.0,278.2,800.0,0.0,0.90,6.0,28.3,8.8,32.9,1,3/7/2025 11:05:30 AM
2/9/2025 10:00:00 PM,2/9/2025 5:00:00 PM,800,266.5,170.8,151.7,211.1,800.0,0.0,0.89,6.0,28.3,4.6,32.4,1,3/7/2025 11:05:30 AM
2/9/2025 11:00:00 PM,2/9/2025 6:00:00 PM,800,272.1,213.3,143.4,171.6,800.0,0.0,0.90,6.0,28.3,1.7,28.2,1,3/7/2025 11:05:30 AM
2/10/2025 12:00:00 AM,2/9/2025 7:00:00 PM,800,266.2,213.3,154.2,166.6,800.0,0.0,0.91,6.0,28.3,6.3,29.4,1,3/7/2025 11:05:30 AM
2/10/2025 1:00:00 AM,2/9/2025 8:00:00 PM,800,266.1,213.3,155.2,165.6,800.0,0.0,0.91,6.0,28.3,4.4,24.9,1,3/7/2025 11:05:30 AM
2/10/2025 2:00:00 AM,2/9/2025 9:00:00 PM,800,266.9,161.4,153.8,217.6,800.0,0.0,0.92,6.0,28.3,5.0,30.9,1,3/7/2025 11:05:30 AM
2/10/2025 3:00:00 AM,2/9/2025 10:00:00 PM,800,266.8,225.7,153.1,154.2,800.0,0.0,0.91,6.0,28.3,5.5,27.8,1,3/7/2025 11:05:30 AM
2/10/2025 4:00:00 AM,2/9/2025 11:00:00 PM,800,267.0,211.0,150.2,171.8,800.0,0.0,0.91,6.0,28.3,6.4,29.1,1,3/7/2025 11:05:30 AM
2/10/2025 5:00:00 AM,2/10/2025 12:00:00 AM,525,188.6,91.3,96.3,148.8,525.0,0.0,0.90,6.0,28.2,10.4,28.1,1,3/7/2025 11:05:30 AM
2/10/2025 6:00:00 AM,2/10/2025 1:00:00 AM,525,195.9,105.8,89.7,133.4,525.0,0.0,0.88,6.0,28.2,8.8,32.0,1,3/7/2025 11:05:30 AM
2/10/2025 7:00:00 AM,2/10/2025 2:00:00 AM,525,214.6,105.8,70.8,133.6,525.0,0.0,0.89,6.0,28.2,5.8,33.9,1,3/7/2025 11:05:30 AM
2/10/2025 8:00:00 AM,2/10/2025 3:00:00 AM,525,214.6,105.8,71.1,133.2,525.0,0.0,0.89,6.0,28.2,7.6,33.5,1,3/7/2025 11:05:30 AM
2/10/2025 9:00:00 AM,2/10/2025 4:00:00 AM,800,265.3,133.0,139.6,262.1,800.0,0.0,0.91,6.0,28.2,4.6,33.7,1,3/7/2025 11:05:30 AM
2/10/2025 10:00:00 AM,2/10/2025 5:00:00 AM,800,265.3,147.6,142.0,245.2,800.0,0.0,0.90,6.0,28.2,5.8,29.3,1,3/7/2025 11:05:30 AM
2/10/2025 11:00:00 AM,2/10/2025 6:00:00 AM,800,265.5,121.1,144.3,268.8,800.0,0.0,0.92,6.0,28.2,3.2,31.1,1,3/7/2025 11:05:30 AM
2/10/2025 12:00:00 PM,2/10/2025 7:00:00 AM,800,273.9,206.3,123.2,196.3,800.0,0.0,0.92,6.0,28.2,5.4,27.7,1,3/7/2025 11:05:30 AM
2/10/2025 1:00:00 PM,2/10/2025 8:00:00 AM,800,266.3,206.3,136.5,191.0,800.0,0.0,0.91,6.0,28.2,1.1,21.3,1,3/7/2025 11:05:30 AM
2/10/2025 2:00:00 PM,2/10/2025 9:00:00 AM,525,183.9,204.9,96.2,60.2,545.5,0.0,0.94,6.0,28.2,7.0,31.0,1,3/7/2025 11:05:30 AM
2/10/2025 3:00:00 PM,2/10/2025 10:00:00 AM,525,191.6,223.8,94.1,15.4,525.0,0.0,0.92,6.0,28.2,8.1,31.2,1,3/7/2025 11:05:30 AM
2/10/2025 4:00:00 PM,2/10/2025 11:00:00 AM,525,191.6,167.7,94.1,71.5,525.0,0.0,0.91,6.0,28.2,6.4,33.9,1,3/7/2025 11:05:30 AM
2/10/2025 5:00:00 PM,2/10/2025 12:00:00 PM,525,188.9,75.8,97.1,163.1,525.0,0.0,0.92,6.0,28.2,6.6,24.7,1,3/7/2025 11:05:30 AM
2/10/2025 6:00:00 PM,2/10/2025 1:00:00 PM,525,181.6,66.7,105.6,171.0,525.0,0.0,0.86,6.0,28.2,4.5,32.9,1,3/7/2025 11:05:30 AM
2/10/2025 7:00:00 PM,2/10/2025 2:00:00 PM,525,182.9,66.7,104.1,171.4,525.0,0.0,0.89,6.0,28.2,3.8,27.7,1,3/7/2025 11:05:30 AM
2/10/2025 8:00:00 PM,2/10/2025 3:00:00 PM,525,209.1,66.7,77.4,172.1,525.0,0.0,0.86,6.0,28.2,11.7,30.8,1,3/7/2025 11:05:30 AM
2/10/2025 9:00:00 PM,2/10/2025 4:00:00 PM,800,255.1,150.9,146.1,247.7,800.0,0.0,0.87,6.0,28.2,11.4,31.4,1,3/7/2025 11:05:30 AM
2/10/2025 10:00:00 PM,2/10/2025 5:00:00 PM,800,276.1,131.6,141.4,250.8,800.0,0.0,0.87,6.0,28.2,4.8,31.5,1,3/7/2025 11:05:30 AM
2/10/2025 11:00:00 PM,2/10/2025 6:00:00 PM,800,280.3,213.5,131.6,174.9,800.0,0.0,0.88,6.0,28.2,7.0,38.5,1,3/7/2025 11:05:30 AM
2/11/2025 12:00:00 AM,2/10/2025 7:00:00 PM,800,274.8,213.5,152.2,159.1,800.0,0.0,0.90,6.0,28.2,6.1,31.0,1,3/7/2025 11:05:30 AM
2/11/2025 1:00:00 AM,2/10/2025 8:00:00 PM,800,275.0,213.5,138.4,172.8,800.0,0.0,0.91,6.0,28.2,6.4,32.2,1,3/7/2025 11:05:30 AM
2/11/2025 2:00:00 AM,2/10/2025 9:00:00 PM,800,272.9,171.8,151.7,203.7,800.0,0.0,0.90,6.0,28.2,7.3,31.2,1,3/7/2025 11:05:30 AM
2/11/2025 3:00:00 AM,2/10/2025 10:00:00 PM,800,273.0,239.4,150.4,137.0,800.0,0.0,0.90,6.0,28.2,6.1,35.6,1,3/7/2025 11:05:30 AM
2/11/2025 4:00:00 AM,2/10/2025 11:00:00 PM,800,272.5,176.3,145.4,205.8,800.0,0.0,0.90,6.0,28.2,6.4,30.0,1,3/7/2025 11:05:30 AM
2/11/2025 5:00:00 AM,2/11/2025 12:00:00 AM,525,198.9,80.2,87.9,158.2,525.0,0.0,0.87,6.0,28.2,11.1,27.0,1,3/7/2025 11:05:30 AM
2/11/2025 6:00:00 AM,2/11/2025 1:00:00 AM,525,198.7,80.2,88.1,157.9,525.0,0.0,0.88,6.0,28.2,8.1,32.3,1,3/7/2025 11:05:30 AM
2/11/2025 7:00:00 AM,2/11/2025 2:00:00 AM,525,211.5,80.2,74.0,159.7,525.0,0.0,0.87,6.0,28.2,9.5,32.9,1,3/7/2025 11:05:30 AM
2/11/2025 8:00:00 AM,2/11/2025 3:00:00 AM,525,215.6,80.2,69.5,159.8,525.0,0.0,0.88,6.0,28.2,7.1,35.2,1,3/7/2025 11:05:30 AM
2/11/2025 9:00:00 AM,2/11/2025 4:00:00 AM,800,255.2,80.2,139.0,325.7,800.0,0.0,0.88,6.0,28.2,5.7,27.1,1,3/7/2025 11:05:30 AM
2/11/2025 10:00:00 AM,2/11/2025 5:00:00 AM,800,255.1,12.5,144.6,387.9,800.0,0.0,0.90,6.0,28.2,4.3,32.9,1,3/7/2025 11:05:30 AM
2/11/2025 11:00:00 AM,2/11/2025 6:00:00 AM,800,255.4,90.0,148.1,306.7,800.0,0.0,0.90,6.0,28.2,6.7,21.5,1,3/7/2025 11:05:30 AM
2/11/2025 12:00:00 PM,2/11/2025 7:00:00 AM,800,263.3,171.9,136.7,227.8,800.0,0.0,0.91,6.0,28.2,4.8,28.4,1,3/7/2025 11:05:30 AM
2/11/2025 1:00:00 PM,2/11/2025 8:00:00 AM,800,252.3,171.9,152.8,223.0,800.0,0.0,0.91,6.0,28.2,4.3,34.6,1,3/7/2025 11:05:30 AM
2/11/2025 2:00:00 PM,2/11/2025 9:00:00 AM,525,185.8,90.0,102.0,146.8,525.0,0.0,0.89,6.0,28.2,8.5,22.2,1,3/7/2025 11:05:30 AM
2/11/2025 3:00:00 PM,2/11/2025 10:00:00 AM,525,192.6,90.0,94.0,148.1,525.0,0.0,0.89,6.0,28.2,8.6,31.4,1,3/7/2025 11:05:30 AM
2/11/2025 4:00:00 PM,2/11/2025 11:00:00 AM,525,184.2,109.5,102.9,128.2,525.0,0.0,0.88,6.0,28.2,8.4,25.3,1,3/7/2025 11:05:30 AM
2/11/2025 5:00:00 PM,2/11/2025 12:00:00 PM,525,182.7,51.8,104.2,186.0,525.0,0.0,0.89,6.0,28.2,7.7,31.5,1,3/7/2025 11:05:30 AM
2/11/2025 6:00:00 PM,2/11/2025 1:00:00 PM,525,182.7,51.8,104.0,186.3,525.0,0.0,0.89,6.0,28.2,9.4,32.5,1,3/7/2025 11:05:30 AM
2/11/2025 7:00:00 PM,2/11/2025 2:00:00 PM,525,183.0,51.8,104.0,186.0,525.0,0.0,0.89,6.0,28.2,5.7,29.5,1,3/7/2025 11:05:30 AM
2/11/2025 8:00:00 PM,2/11/2025 3:00:00 PM,525,208.5,51.8,77.7,186.9,525.0,0.0,0.88,6.0,28.2,6.7,34.5,1,3/7/2025 11:05:30 AM
2/11/2025 9:00:00 PM,2/11/2025 4:00:00 PM,800,294.9,254.1,79.6,171.0,800.0,0.0,0.89,6.0,28.2,4.8,32.2,1,3/7/2025 11:05:30 AM
2/11/2025 10:00:00 PM,2/11/2025 5:00:00 PM,800,279.5,150.2,132.6,237.6,800.0,0.0,0.90,6.0,28.2,6.9,27.8,1,3/7/2025 11:05:30 AM
2/11/2025 11:00:00 PM,2/11/2025 6:00:00 PM,800,277.9,232.1,142.4,147.5,800.0,0.0,0.91,6.0,28.2,6.9,24.4,1,3/7/2025 11:05:30 AM
2/12/2025 12:00:00 AM,2/11/2025 7:00:00 PM,800,272.5,232.1,150.1,145.2,800.0,0.0,0.92,6.0,28.2,4.3,38.6,1,3/7/2025 11:05:30 AM
2/12/2025 1:00:00 AM,2/11/2025 8:00:00 PM,800,272.6,223.9,147.0,156.1,800.0,0.0,0.92,6.0,28.2,5.0,28.0,1,3/7/2025 11:05:30 AM
2/12/2025 2:00:00 AM,2/11/2025 9:00:00 PM,800,273.5,220.6,151.3,154.4,800.0,0.0,0.93,6.0,28.2,3.7,30.7,1,3/7/2025 11:05:30 AM
2/12/2025 3:00:00 AM,2/11/2025 10:00:00 PM,800,273.5,244.7,147.3,134.4,800.0,0.0,0.89,6.0,28.2,7.1,27.5,1,3/7/2025 11:05:30 AM
2/12/2025 4:00:00 AM,2/11/2025 11:00:00 PM,800,279.8,119.4,135.5,265.6,800.0,0.0,0.88,6.0,28.2,6.3,35.7,1,3/7/2025 11:05:30 AM
2/12/2025 5:00:00 AM,2/12/2025 12:00:00 AM,525,197.7,141.9,86.5,98.7,525.0,0.0,0.89,6.0,28.3,12.0,31.8,1,3/7/2025 11:05:30 AM
2/12/2025 6:00:00 AM,2/12/2025 1:00:00 AM,525,197.6,116.6,86.8,123.9,525.0,0.0,0.92,6.0,28.3,5.0,29.8,1,3/7/2025 11:05:30 AM
2/12/2025 7:00:00 AM,2/12/2025 2:00:00 AM,525,216.9,116.6,67.7,123.5,525.0,0.0,0.88,6.0,28.3,11.4,31.9,1,3/7/2025 11:05:30 AM
2/12/2025 8:00:00 AM,2/12/2025 3:00:00 AM,525,216.9,80.1,67.8,160.3,525.0,0.0,0.91,6.0,28.3,7.6,31.3,1,3/7/2025 11:05:30 AM
2/12/2025 9:00:00 AM,2/12/2025 4:00:00 AM,800,272.8,80.1,137.1,309.9,800.0,0.0,0.90,6.0,28.3,4.4,28.1,1,3/7/2025 11:05:30 AM
2/12/2025 10:00:00 AM,2/12/2025 5:00:00 AM,800,272.8,80.1,144.5,302.8,800.0,0.0,0.89,6.0,28.3,3.6,28.0,1,3/7/2025 11:05:30 AM
2/12/2025 11:00:00 AM,2/12/2025 6:00:00 AM,800,273.1,98.1,141.6,287.3,800.0,0.0,0.90,6.0,28.3,2.2,28.8,1,3/7/2025 11:05:30 AM
2/12/2025 12:00:00 PM,2/12/2025 7:00:00 AM,800,281.8,180.0,136.9,201.1,800.0,0.0,0.91,6.0,28.3,4.2,28.2,1,3/7/2025 11:05:30 AM
2/12/2025 1:00:00 PM,2/12/2025 8:00:00 AM,800,258.7,180.0,153.8,207.2,800.0,0.0,0.90,6.0,28.3,6.3,32.6,1,3/7/2025 11:05:30 AM
2/12/2025 2:00:00 PM,2/12/2025 9:00:00 AM,525,182.9,148.5,91.1,114.1,536.5,0.0,0.95,6.0,28.3,2.7,35.5,1,3/7/2025 11:05:30 AM
2/12/2025 3:00:00 PM,2/12/2025 10:00:00 AM,525,190.5,202.5,96.5,35.7,525.0,0.0,0.89,6.0,28.3,5.6,30.6,1,3/7/2025 11:05:30 AM
2/12/2025 4:00:00 PM,2/12/2025 11:00:00 AM,525,190.3,18.2,96.4,220.2,525.0,0.0,0.90,6.0,28.3,3.2,25.3,1,3/7/2025 11:05:30 AM
2/12/2025 5:00:00 PM,2/12/2025 12:00:00 PM,525,190.0,87.7,96.7,150.6,525.0,0.0,0.88,6.0,28.3,9.4,38.0,1,3/7/2025 11:05:30 AM
2/12/2025 6:00:00 PM,2/12/2025 1:00:00 PM,525,190.7,87.7,96.1,150.5,525.0,0.0,0.90,6.0,28.3,5.9,32.7,1,3/7/2025 11:05:30 AM
2/12/2025 7:00:00 PM,2/12/2025 2:00:00 PM,525,190.8,104.1,96.1,134.1,525.0,0.0,0.88,6.0,28.3,5.7,27.9,1,3/7/2025 11:05:30 AM
2/12/2025 8:00:00 PM,2/12/2025 3:00:00 PM,525,219.6,208.3,64.2,33.9,526.1,0.0,0.88,6.0,28.3,6.2,24.7,1,3/7/2025 11:05:30 AM
2/12/2025 9:00:00 PM,2/12/2025 4:00:00 PM,800,263.7,225.2,146.2,165.1,800.0,0.0,0.88,6.0,28.3,6.6,26.9,1,3/7/2025 11:05:30 AM
2/12/2025 10:00:00 PM,2/12/2025 5:00:00 PM,800,268.9,159.0,144.5,227.6,800.0,0.0,0.91,6.0,28.3,5.5,28.5,1,3/7/2025 11:05:30 AM
2/12/2025 11:00:00 PM,2/12/2025 6:00:00 PM,800,269.7,240.9,145.3,144.1,800.0,0.0,0.90,6.0,28.3,4.5,30.3,1,3/7/2025 11:05:30 AM
2/13/2025 12:00:00 AM,2/12/2025 7:00:00 PM,800,280.5,240.9,146.3,132.1,800.0,0.0,0.91,6.0,28.3,5.2,29.9,1,3/7/2025 11:05:30 AM
2/13/2025 1:00:00 AM,2/12/2025 8:00:00 PM,800,280.5,159.0,145.3,215.0,800.0,0.0,0.90,6.0,28.3,5.6,26.6,1,3/7/2025 11:05:30 AM
2/13/2025 2:00:00 AM,2/12/2025 9:00:00 PM,800,280.3,139.1,145.6,235.0,800.0,0.0,0.85,6.0,28.3,4.7,26.5,1,3/7/2025 11:05:30 AM
2/13/2025 3:00:00 AM,2/12/2025 10:00:00 PM,800,279.4,142.4,148.5,229.4,800.0,0.0,0.83,6.0,28.3,7.7,30.9,1,3/7/2025 11:05:30 AM
2/13/2025 4:00:00 AM,2/12/2025 11:00:00 PM,800,279.1,109.5,141.9,269.5,800.0,0.0,0.90,6.0,28.3,6.2,32.3,1,3/7/2025 11:05:30 AM
2/13/2025 5:00:00 AM,2/13/2025 12:00:00 AM,525,197.9,116.0,84.7,126.2,525.0,0.0,0.91,6.0,28.2,6.3,29.2,1,3/7/2025 11:05:30 AM
2/13/2025 6:00:00 AM,2/13/2025 1:00:00 AM,525,197.9,87.6,84.7,154.6,525.0,0.0,0.94,6.0,28.2,6.1,33.6,1,3/7/2025 11:05:30 AM
2/13/2025 7:00:00 AM,2/13/2025 2:00:00 AM,525,217.3,87.6,66.4,153.8,525.0,0.0,0.92,6.0,28.2,2.9,33.6,1,3/7/2025 11:05:30 AM
2/13/2025 8:00:00 AM,2/13/2025 3:00:00 AM,525,217.8,87.6,66.1,153.6,525.0,0.0,0.84,6.0,28.2,8.4,30.5,1,3/7/2025 11:05:30 AM
2/13/2025 9:00:00 AM,2/13/2025 4:00:00 AM,800,278.0,127.0,141.7,253.6,800.0,0.0,0.91,6.0,28.2,4.3,34.2,1,3/7/2025 11:05:30 AM
2/13/2025 10:00:00 AM,2/13/2025 5:00:00 AM,800,276.7,127.0,139.4,257.0,800.0,0.0,0.91,6.0,28.2,4.8,33.3,1,3/7/2025 11:05:30 AM
2/13/2025 11:00:00 AM,2/13/2025 6:00:00 AM,800,276.9,121.3,146.0,255.7,800.0,0.0,0.89,6.0,28.2,9.1,28.7,1,3/7/2025 11:05:30 AM
2/13/2025 12:00:00 PM,2/13/2025 7:00:00 AM,800,286.0,242.6,134.9,136.3,800.0,0.0,0.90,6.0,28.2,6.8,28.1,1,3/7/2025 11:05:30 AM
2/13/2025 1:00:00 PM,2/13/2025 8:00:00 AM,800,277.9,160.7,145.6,216.1,800.0,0.0,0.90,6.0,28.2,6.2,29.1,1,3/7/2025 11:05:30 AM
2/13/2025 2:00:00 PM,2/13/2025 9:00:00 AM,525,186.6,162.5,74.8,113.8,537.8,0.0,0.94,6.0,28.2,7.9,31.7,1,3/7/2025 11:05:30 AM
2/13/2025 3:00:00 PM,2/13/2025 10:00:00 AM,525,194.7,169.4,88.3,72.2,525.0,0.0,0.89,6.0,28.2,7.1,30.5,1,3/7/2025 11:05:30 AM
2/13/2025 4:00:00 PM,2/13/2025 11:00:00 AM,525,194.9,33.8,88.2,207.9,525.0,0.0,0.91,6.0,28.2,7.0,29.6,1,3/7/2025 11:05:30 AM
2/13/2025 5:00:00 PM,2/13/2025 12:00:00 PM,525,196.1,30.2,88.3,210.5,525.0,0.0,0.86,6.0,28.2,8.1,25.8,1,3/7/2025 11:05:30 AM
2/13/2025 6:00:00 PM,2/13/2025 1:00:00 PM,525,196.2,67.6,88.2,173.1,525.0,0.0,0.90,6.0,28.2,5.3,22.7,1,3/7/2025 11:05:30 AM
2/13/2025 7:00:00 PM,2/13/2025 2:00:00 PM,525,196.2,85.9,88.2,154.8,525.0,0.0,0.86,6.0,28.2,6.8,31.8,1,3/7/2025 11:05:30 AM
2/13/2025 8:00:00 PM,2/13/2025 3:00:00 PM,525,207.6,155.1,76.0,86.3,525.0,0.0,0.91,6.0,28.2,8.1,24.3,1,3/7/2025 11:05:30 AM
2/13/2025 9:00:00 PM,2/13/2025 4:00:00 PM,800,282.9,205.9,139.5,171.5,800.0,0.0,0.86,6.0,28.2,9.0,35.9,1,3/7/2025 11:05:30 AM
2/13/2025 10:00:00 PM,2/13/2025 5:00:00 PM,800,311.7,154.4,97.2,236.5,800.0,0.0,0.90,6.0,28.2,5.0,28.0,1,3/7/2025 11:05:30 AM
2/13/2025 11:00:00 PM,2/13/2025 6:00:00 PM,800,291.8,236.3,130.5,141.3,800.0,0.0,0.92,6.0,28.2,3.9,31.4,1,3/7/2025 11:05:30 AM
2/14/2025 12:00:00 AM,2/13/2025 7:00:00 PM,800,286.1,239.8,125.7,148.2,800.0,0.0,0.90,6.0,28.2,7.9,30.9,1,3/7/2025 11:05:30 AM
2/14/2025 1:00:00 AM,2/13/2025 8:00:00 PM,800,286.2,154.4,140.4,218.7,800.0,0.0,0.89,6.0,28.2,5.0,30.3,1,3/7/2025 11:05:30 AM
2/14/2025 2:00:00 AM,2/13/2025 9:00:00 PM,800,286.0,72.1,141.1,300.6,800.0,0.0,0.92,6.0,28.2,4.0,29.5,1,3/7/2025 11:05:30 AM
2/14/2025 3:00:00 AM,2/13/2025 10:00:00 PM,800,286.0,155.2,140.3,218.4,800.0,0.0,0.90,6.0,28.2,4.7,23.4,1,3/7/2025 11:05:30 AM
2/14/2025 4:00:00 AM,2/13/2025 11:00:00 PM,800,285.5,114.0,139.8,260.8,800.0,0.0,0.89,6.0,28.2,6.3,33.2,1,3/7/2025 11:05:30 AM
2/14/2025 5:00:00 AM,2/14/2025 12:00:00 AM,525,200.0,111.1,83.0,130.8,525.0,0.0,0.89,6.0,28.3,7.0,31.4,1,3/7/2025 11:05:30 AM
2/14/2025 6:00:00 AM,2/14/2025 1:00:00 AM,525,199.9,141.1,83.0,100.9,525.0,0.0,0.92,6.0,28.3,6.9,37.7,1,3/7/2025 11:05:30 AM
2/14/2025 7:00:00 AM,2/14/2025 2:00:00 AM,525,219.3,140.8,64.6,100.4,525.0,0.0,0.90,6.0,28.3,3.2,31.0,1,3/7/2025 11:05:30 AM
2/14/2025 8:00:00 AM,2/14/2025 3:00:00 AM,525,219.2,104.4,64.5,137.0,525.0,0.0,0.90,6.0,28.3,5.3,27.5,1,3/7/2025 11:05:30 AM
2/14/2025 9:00:00 AM,2/14/2025 4:00:00 AM,800,279.3,74.6,142.0,304.2,800.0,0.0,0.89,6.0,28.3,5.8,27.3,1,3/7/2025 11:05:30 AM
2/14/2025 10:00:00 AM,2/14/2025 5:00:00 AM,800,279.4,7.1,142.1,371.3,800.0,0.0,0.89,6.0,28.3,3.9,27.5,1,3/7/2025 11:05:30 AM
2/14/2025 11:00:00 AM,2/14/2025 6:00:00 AM,800,279.7,150.5,134.1,236.1,800.0,0.0,0.90,6.0,28.3,2.8,28.8,1,3/7/2025 11:05:30 AM
2/14/2025 12:00:00 PM,2/14/2025 7:00:00 AM,800,288.2,232.4,134.1,145.3,800.0,0.0,0.89,6.0,28.3,3.0,19.4,1,3/7/2025 11:05:30 AM
2/14/2025 1:00:00 PM,2/14/2025 8:00:00 AM,800,280.1,232.4,145.2,142.5,800.0,0.0,0.87,6.0,28.3,2.6,24.6,1,3/7/2025 11:05:30 AM
2/14/2025 2:00:00 PM,2/14/2025 9:00:00 AM,525,219.4,136.7,59.3,114.2,529.4,0.0,0.92,6.0,28.3,8.2,22.7,1,3/7/2025 11:05:30 AM
2/14/2025 3:00:00 PM,2/14/2025 10:00:00 AM,525,196.6,72.2,86.5,169.4,525.0,0.0,0.87,6.0,28.3,9.2,31.1,1,3/7/2025 11:05:30 AM
2/14/2025 4:00:00 PM,2/14/2025 11:00:00 AM,525,196.6,54.1,86.7,187.5,525.0,0.0,0.91,6.0,28.3,7.5,29.1,1,3/7/2025 11:05:30 AM
2/14/2025 5:00:00 PM,2/14/2025 12:00:00 PM,525,194.9,54.1,88.6,187.3,525.0,0.0,0.91,6.0,28.3,6.7,29.3,1,3/7/2025 11:05:30 AM
2/14/2025 6:00:00 PM,2/14/2025 1:00:00 PM,525,194.9,54.1,88.6,187.4,525.0,0.0,0.91,6.0,28.3,6.2,30.4,1,3/7/2025 11:05:30 AM
2/14/2025 7:00:00 PM,2/14/2025 2:00:00 PM,525,194.9,54.1,88.7,187.5,525.0,0.0,0.88,6.0,28.3,8.6,39.1,1,3/7/2025 11:05:30 AM
2/14/2025 8:00:00 PM,2/14/2025 3:00:00 PM,525,195.0,121.8,88.6,119.7,525.0,0.0,0.90,6.0,28.3,9.6,37.1,1,3/7/2025 11:05:30 AM
2/14/2025 9:00:00 PM,2/14/2025 4:00:00 PM,800,282.4,238.6,140.2,138.9,800.0,0.0,0.87,6.0,28.3,7.6,40.6,1,3/7/2025 11:05:30 AM
2/14/2025 10:00:00 PM,2/14/2025 5:00:00 PM,800,284.6,165.2,136.8,213.4,800.0,0.0,0.89,6.0,28.3,8.5,28.1,1,3/7/2025 11:05:30 AM
2/14/2025 11:00:00 PM,2/14/2025 6:00:00 PM,800,287.1,247.1,136.3,129.4,800.0,0.0,0.93,6.0,28.3,2.2,33.4,1,3/7/2025 11:05:30 AM
2/15/2025 12:00:00 AM,2/14/2025 7:00:00 PM,800,278.4,247.1,145.8,128.8,800.0,0.0,0.90,6.0,28.3,6.1,32.2,1,3/7/2025 11:05:30 AM
2/15/2025 1:00:00 AM,2/14/2025 8:00:00 PM,800,281.5,165.2,145.2,208.3,800.0,0.0,0.92,6.0,28.3,4.3,30.9,1,3/7/2025 11:05:30 AM
2/15/2025 2:00:00 AM,2/14/2025 9:00:00 PM,800,282.4,152.2,143.5,221.9,800.0,0.0,0.89,6.0,28.3,7.0,34.4,1,3/7/2025 11:05:30 AM
2/15/2025 3:00:00 AM,2/14/2025 10:00:00 PM,800,282.4,171.0,142.6,204.3,800.0,0.0,0.91,6.0,28.3,7.9,29.9,1,3/7/2025 11:05:30 AM
2/15/2025 4:00:00 AM,2/14/2025 11:00:00 PM,800,281.8,171.0,143.8,203.7,800.0,0.0,0.89,6.0,28.3,6.0,34.8,1,3/7/2025 11:05:30 AM
2/15/2025 5:00:00 AM,2/15/2025 12:00:00 AM,525,199.9,112.7,83.0,129.5,525.0,0.0,0.89,6.0,28.5,5.6,29.0,1,3/7/2025 11:05:30 AM
2/15/2025 6:00:00 AM,2/15/2025 1:00:00 AM,525,199.9,112.7,83.0,129.5,525.0,0.0,0.89,6.0,28.5,3.0,29.3,1,3/7/2025 11:05:30 AM
2/15/2025 7:00:00 AM,2/15/2025 2:00:00 AM,525,219.4,112.7,63.9,129.1,525.0,0.0,0.90,6.0,28.5,4.4,24.9,1,3/7/2025 11:05:30 AM
2/15/2025 8:00:00 AM,2/15/2025 3:00:00 AM,525,219.4,112.7,64.1,128.9,525.0,0.0,0.88,6.0,28.5,7.0,34.1,1,3/7/2025 11:05:30 AM
2/15/2025 9:00:00 AM,2/15/2025 4:00:00 AM,800,283.1,142.5,137.0,237.7,800.0,0.0,0.91,6.0,28.5,4.7,27.9,1,3/7/2025 11:05:30 AM
2/15/2025 10:00:00 AM,2/15/2025 5:00:00 AM,800,283.1,118.5,137.0,261.6,800.0,0.0,0.89,6.0,28.5,6.0,29.5,1,3/7/2025 11:05:30 AM
2/15/2025 11:00:00 AM,2/15/2025 6:00:00 AM,800,283.0,234.6,137.5,145.1,800.0,0.0,0.92,6.0,28.5,2.7,22.7,1,3/7/2025 11:05:30 AM
2/15/2025 12:00:00 PM,2/15/2025 7:00:00 AM,800,291.7,234.6,127.3,145.9,800.0,0.0,0.89,6.0,28.5,5.3,30.2,1,3/7/2025 11:05:30 AM
2/15/2025 1:00:00 PM,2/15/2025 8:00:00 AM,800,283.3,234.6,141.0,141.3,800.0,0.0,0.90,6.0,28.5,3.8,28.4,1,3/7/2025 11:05:30 AM
2/15/2025 2:00:00 PM,2/15/2025 9:00:00 AM,525,193.2,178.1,85.1,114.0,570.4,0.0,0.91,6.0,28.5,7.3,38.3,1,3/7/2025 11:05:30 AM
2/15/2025 3:00:00 PM,2/15/2025 10:00:00 AM,525,193.2,92.3,89.1,150.5,525.0,0.0,0.88,6.0,28.5,10.8,35.0,1,3/7/2025 11:05:30 AM
2/15/2025 4:00:00 PM,2/15/2025 11:00:00 AM,525,193.2,65.4,89.1,177.2,525.0,0.0,0.94,6.0,28.5,5.8,40.5,1,3/7/2025 11:05:30 AM
2/15/2025 5:00:00 PM,2/15/2025 12:00:00 PM,525,191.5,65.4,91.2,177.0,525.0,0.0,0.89,6.0,28.5,6.6,33.2,1,3/7/2025 11:05:30 AM
2/15/2025 6:00:00 PM,2/15/2025 1:00:00 PM,525,191.5,65.4,91.2,177.1,525.0,0.0,0.94,6.0,28.5,8.0,41.1,1,3/7/2025 11:05:30 AM
2/15/2025 7:00:00 PM,2/15/2025 2:00:00 PM,525,191.5,65.4,91.2,177.2,525.0,0.0,0.92,6.0,28.5,7.3,40.5,1,3/7/2025 11:05:30 AM
2/15/2025 8:00:00 PM,2/15/2025 3:00:00 PM,525,191.5,186.8,91.2,55.7,525.0,0.0,0.93,6.0,28.5,6.2,32.3,1,3/7/2025 11:05:30 AM
2/15/2025 9:00:00 PM,2/15/2025 4:00:00 PM,800,280.9,234.6,143.4,141.3,800.0,0.0,0.90,6.0,28.5,5.7,33.2,1,3/7/2025 11:05:30 AM
2/15/2025 10:00:00 PM,2/15/2025 5:00:00 PM,800,281.9,234.6,141.1,142.3,800.0,0.0,0.89,6.0,28.5,5.4,32.7,1,3/7/2025 11:05:30 AM
2/15/2025 11:00:00 PM,2/15/2025 6:00:00 PM,800,281.8,261.9,139.4,117.2,800.0,0.0,0.92,6.0,28.5,5.9,31.5,1,3/7/2025 11:05:30 AM
2/16/2025 12:00:00 AM,2/15/2025 7:00:00 PM,800,281.8,234.6,144.0,139.9,800.0,0.0,0.91,6.0,28.5,4.8,33.0,1,3/7/2025 11:05:30 AM
2/16/2025 1:00:00 AM,2/15/2025 8:00:00 PM,800,281.7,234.6,144.5,139.4,800.0,0.0,0.90,6.0,28.5,7.3,35.9,1,3/7/2025 11:05:30 AM
2/16/2025 2:00:00 AM,2/15/2025 9:00:00 PM,800,282.8,216.6,139.7,160.9,800.0,0.0,0.89,6.0,28.5,7.8,31.5,1,3/7/2025 11:05:30 AM
2/16/2025 3:00:00 AM,2/15/2025 10:00:00 PM,800,282.8,83.7,139.0,294.6,800.0,0.0,0.87,6.0,28.5,7.9,35.8,1,3/7/2025 11:05:30 AM
2/16/2025 4:00:00 AM,2/15/2025 11:00:00 PM,800,282.8,83.7,139.1,294.4,800.0,0.0,0.90,6.0,28.5,5.5,33.5,1,3/7/2025 11:05:30 AM
2/16/2025 5:00:00 AM,2/16/2025 12:00:00 AM,525,199.8,103.8,83.2,138.2,525.0,0.0,0.91,6.0,28.6,9.1,33.5,1,3/7/2025 11:05:30 AM
2/16/2025 6:00:00 AM,2/16/2025 1:00:00 AM,525,199.9,103.8,83.2,138.1,525.0,0.0,0.92,6.0,28.6,8.2,34.5,1,3/7/2025 11:05:30 AM
2/16/2025 7:00:00 AM,2/16/2025 2:00:00 AM,525,219.3,83.8,64.0,157.7,525.0,0.0,0.89,6.0,28.6,8.7,30.0,1,3/7/2025 11:05:30 AM
2/16/2025 8:00:00 AM,2/16/2025 3:00:00 AM,525,219.6,83.8,63.7,157.6,525.0,0.0,0.88,6.0,28.6,7.2,27.0,1,3/7/2025 11:05:30 AM
2/16/2025 9:00:00 AM,2/16/2025 4:00:00 AM,800,282.0,83.8,136.7,297.6,800.0,0.0,0.88,6.0,28.6,7.2,14.2,1,3/7/2025 11:05:30 AM
2/16/2025 10:00:00 AM,2/16/2025 5:00:00 AM,800,282.0,83.8,137.2,297.1,800.0,0.0,0.88,6.0,28.6,7.9,20.2,1,3/7/2025 11:05:30 AM
2/16/2025 11:00:00 AM,2/16/2025 6:00:00 AM,800,282.4,228.6,137.9,151.5,800.0,0.0,0.88,6.0,28.6,7.6,26.3,1,3/7/2025 11:05:30 AM
2/16/2025 12:00:00 PM,2/16/2025 7:00:00 AM,800,291.8,228.6,126.4,152.8,800.0,0.0,0.86,6.0,28.6,7.0,38.7,1,3/7/2025 11:05:30 AM
2/16/2025 1:00:00 PM,2/16/2025 8:00:00 AM,800,283.4,228.6,141.0,147.2,800.0,0.0,0.89,6.0,28.6,5.3,30.6,1,3/7/2025 11:05:30 AM
2/16/2025 2:00:00 PM,2/16/2025 9:00:00 AM,525,193.9,204.5,88.5,38.3,525.0,0.0,0.90,6.0,28.6,7.9,27.5,1,3/7/2025 11:05:30 AM
2/16/2025 3:00:00 PM,2/16/2025 10:00:00 AM,525,193.9,152.9,88.5,89.9,525.0,0.0,0.93,6.0,28.6,3.3,40.6,1,3/7/2025 11:05:30 AM
2/16/2025 4:00:00 PM,2/16/2025 11:00:00 AM,525,194.0,152.9,88.5,89.7,525.0,0.0,0.92,6.0,28.6,5.4,35.4,1,3/7/2025 11:05:30 AM
2/16/2025 5:00:00 PM,2/16/2025 12:00:00 PM,525,192.1,149.6,90.6,92.8,525.0,0.0,0.90,6.0,28.6,2.5,35.4,1,3/7/2025 11:05:30 AM
2/16/2025 6:00:00 PM,2/16/2025 1:00:00 PM,525,191.9,149.6,90.9,92.9,525.0,0.0,0.91,6.0,28.6,4.5,28.2,1,3/7/2025 11:05:30 AM
2/16/2025 7:00:00 PM,2/16/2025 2:00:00 PM,525,192.1,149.6,90.6,92.8,525.0,0.0,0.88,6.0,28.6,9.4,34.7,1,3/7/2025 11:05:30 AM
2/16/2025 8:00:00 PM,2/16/2025 3:00:00 PM,525,200.4,201.1,82.6,41.0,525.0,0.0,0.89,6.0,28.6,5.8,17.7,1,3/7/2025 11:05:30 AM
2/16/2025 9:00:00 PM,2/16/2025 4:00:00 PM,800,282.2,225.3,140.2,152.3,800.0,0.0,0.87,6.0,28.6,9.7,23.0,1,3/7/2025 11:05:30 AM
2/16/2025 10:00:00 PM,2/16/2025 5:00:00 PM,800,284.3,208.1,138.4,169.3,800.0,0.0,0.90,6.0,28.6,4.5,37.1,1,3/7/2025 11:05:30 AM
2/16/2025 11:00:00 PM,2/16/2025 6:00:00 PM,800,285.5,140.4,133.8,240.5,800.0,0.0,0.88,6.0,28.6,5.6,35.2,1,3/7/2025 11:05:30 AM
2/17/2025 12:00:00 AM,2/16/2025 7:00:00 PM,800,262.6,157.6,147.9,232.2,800.0,0.0,0.88,6.0,28.6,5.4,36.8,1,3/7/2025 11:05:30 AM
2/17/2025 1:00:00 AM,2/16/2025 8:00:00 PM,800,281.0,225.3,136.5,157.3,800.0,0.0,0.92,6.0,28.6,4.2,33.5,1,3/7/2025 11:05:30 AM
2/17/2025 2:00:00 AM,2/16/2025 9:00:00 PM,800,280.5,225.3,137.4,156.5,800.0,0.0,0.91,6.0,28.6,5.3,29.6,1,3/7/2025 11:05:30 AM
2/17/2025 3:00:00 AM,2/16/2025 10:00:00 PM,800,280.5,226.1,141.9,151.3,800.0,0.0,0.90,6.0,28.6,7.4,32.5,1,3/7/2025 11:05:30 AM
2/17/2025 4:00:00 AM,2/16/2025 11:00:00 PM,800,280.6,226.1,134.8,158.4,800.0,0.0,0.90,6.0,28.6,3.9,22.1,1,3/7/2025 11:05:30 AM
2/17/2025 5:00:00 AM,2/17/2025 12:00:00 AM,525,201.9,12.5,82.2,228.3,525.0,0.0,0.91,6.0,28.6,6.3,23.8,1,3/7/2025 11:05:30 AM
2/17/2025 6:00:00 AM,2/17/2025 1:00:00 AM,525,201.8,30.5,82.2,210.4,525.0,0.0,0.91,6.0,28.6,5.9,30.4,1,3/7/2025 11:05:30 AM
2/17/2025 7:00:00 AM,2/17/2025 2:00:00 AM,525,218.7,30.5,65.6,210.1,525.0,0.0,0.90,6.0,28.6,4.0,32.0,1,3/7/2025 11:05:30 AM
2/17/2025 8:00:00 AM,2/17/2025 3:00:00 AM,525,218.6,73.2,65.5,167.5,525.0,0.0,0.91,6.0,28.6,4.9,33.3,1,3/7/2025 11:05:30 AM
2/17/2025 9:00:00 AM,2/17/2025 4:00:00 AM,800,279.0,103.1,134.1,283.6,800.0,0.0,0.88,6.0,28.6,8.6,27.7,1,3/7/2025 11:05:30 AM
2/17/2025 10:00:00 AM,2/17/2025 5:00:00 AM,800,279.0,73.2,136.0,311.6,800.0,0.0,0.90,6.0,28.6,5.0,28.8,1,3/7/2025 11:05:30 AM
2/17/2025 11:00:00 AM,2/17/2025 6:00:00 AM,800,276.1,105.5,139.2,279.0,800.0,0.0,0.89,6.0,28.6,4.7,25.2,1,3/7/2025 11:05:30 AM
2/17/2025 12:00:00 PM,2/17/2025 7:00:00 AM,800,284.7,184.1,127.5,203.3,800.0,0.0,0.92,6.0,28.6,0.8,32.4,1,3/7/2025 11:05:30 AM
2/17/2025 1:00:00 PM,2/17/2025 8:00:00 AM,800,283.6,184.1,130.5,201.8,800.0,0.0,0.88,6.0,28.6,1.5,21.9,1,3/7/2025 11:05:30 AM
2/17/2025 2:00:00 PM,2/17/2025 9:00:00 AM,800,281.5,148.3,132.9,237.3,800.0,0.0,0.90,6.0,28.6,5.3,27.4,1,3/7/2025 11:05:30 AM
2/17/2025 3:00:00 PM,2/17/2025 10:00:00 AM,800,286.8,148.3,123.8,240.8,800.0,0.0,0.91,6.0,28.6,5.5,33.5,1,3/7/2025 11:05:30 AM
2/17/2025 4:00:00 PM,2/17/2025 11:00:00 AM,800,287.0,148.3,121.5,243.0,800.0,0.0,0.91,6.0,28.6,4.8,27.6,1,3/7/2025 11:05:30 AM
2/17/2025 5:00:00 PM,2/17/2025 12:00:00 PM,800,291.9,148.3,116.8,242.7,800.0,0.0,0.92,6.0,28.6,4.7,29.9,1,3/7/2025 11:05:30 AM
2/17/2025 6:00:00 PM,2/17/2025 1:00:00 PM,800,291.7,148.3,117.1,242.7,800.0,0.0,0.90,6.0,28.6,6.7,31.9,1,3/7/2025 11:05:30 AM
2/17/2025 7:00:00 PM,2/17/2025 2:00:00 PM,800,285.1,148.3,127.8,238.7,800.0,0.0,0.89,6.0,28.6,7.1,32.2,1,3/7/2025 11:05:30 AM
2/17/2025 8:00:00 PM,2/17/2025 3:00:00 PM,800,285.4,199.7,126.2,188.2,800.0,0.0,0.90,6.0,28.6,8.2,28.7,1,3/7/2025 11:05:30 AM
2/17/2025 9:00:00 PM,2/17/2025 4:00:00 PM,800,288.4,229.6,125.6,155.8,800.0,0.0,0.89,6.0,28.6,6.2,38.0,1,3/7/2025 11:05:30 AM
2/17/2025 10:00:00 PM,2/17/2025 5:00:00 PM,800,289.8,229.6,130.3,149.5,800.0,0.0,0.90,6.0,28.6,9.2,31.9,1,3/7/2025 11:05:30 AM
2/17/2025 11:00:00 PM,2/17/2025 6:00:00 PM,800,289.7,235.4,120.0,154.2,800.0,0.0,0.92,6.0,28.6,2.0,23.9,1,3/7/2025 11:05:30 AM
2/18/2025 12:00:00 AM,2/17/2025 7:00:00 PM,800,285.1,206.1,137.3,171.4,800.0,0.0,0.92,6.0,28.6,2.9,27.2,1,3/7/2025 11:05:30 AM
2/18/2025 1:00:00 AM,2/17/2025 8:00:00 PM,800,285.4,153.5,137.0,224.0,800.0,0.0,0.92,6.0,28.6,4.4,27.8,1,3/7/2025 11:05:30 AM
2/18/2025 2:00:00 AM,2/17/2025 9:00:00 PM,800,285.1,174.8,139.7,200.3,800.0,0.0,0.93,6.0,28.6,3.5,29.7,1,3/7/2025 11:05:30 AM
2/18/2025 3:00:00 AM,2/17/2025 10:00:00 PM,800,285.1,174.8,137.6,202.5,800.0,0.0,0.92,6.0,28.6,4.2,24.7,1,3/7/2025 11:05:30 AM
2/18/2025 4:00:00 AM,2/17/2025 11:00:00 PM,800,283.9,174.8,137.5,203.7,800.0,0.0,0.90,6.0,28.6,5.4,34.2,1,3/7/2025 11:05:30 AM
2/18/2025 5:00:00 AM,2/18/2025 12:00:00 AM,800,287.6,87.6,122.6,302.0,800.0,0.0,0.89,6.0,28.7,6.5,25.1,1,3/7/2025 11:05:30 AM
2/18/2025 6:00:00 AM,2/18/2025 1:00:00 AM,800,287.1,87.6,129.0,296.7,800.0,0.0,0.85,6.0,28.7,7.9,27.3,1,3/7/2025 11:05:30 AM
2/18/2025 7:00:00 AM,2/18/2025 2:00:00 AM,800,298.3,87.6,108.5,305.4,800.0,0.0,0.89,6.0,28.7,6.4,29.9,1,3/7/2025 11:05:30 AM
2/18/2025 8:00:00 AM,2/18/2025 3:00:00 AM,800,298.1,87.6,106.4,308.0,800.0,0.0,0.92,6.0,28.7,4.2,31.5,1,3/7/2025 11:05:30 AM
2/18/2025 9:00:00 AM,2/18/2025 4:00:00 AM,800,280.6,87.6,135.6,296.6,800.0,0.0,0.88,6.0,28.7,6.1,22.1,1,3/7/2025 11:05:30 AM
2/18/2025 10:00:00 AM,2/18/2025 5:00:00 AM,800,280.5,87.6,139.9,292.2,800.0,0.0,0.89,6.0,28.7,4.1,27.2,1,3/7/2025 11:05:30 AM
2/18/2025 11:00:00 AM,2/18/2025 6:00:00 AM,800,280.9,151.6,133.1,234.8,800.0,0.0,0.89,6.0,28.7,10.0,24.9,1,3/7/2025 11:05:30 AM
2/18/2025 12:00:00 PM,2/18/2025 7:00:00 AM,800,290.2,231.9,120.2,157.5,800.0,0.0,0.90,6.0,28.7,5.5,27.5,1,3/7/2025 11:05:30 AM
2/18/2025 1:00:00 PM,2/18/2025 8:00:00 AM,800,282.0,150.0,141.1,226.7,800.0,0.0,0.92,6.0,28.7,4.1,23.9,1,3/7/2025 11:05:30 AM
2/18/2025 2:00:00 PM,2/18/2025 9:00:00 AM,800,279.3,196.0,139.8,184.8,800.0,0.0,0.90,6.0,28.7,8.1,25.8,1,3/7/2025 11:05:30 AM
2/18/2025 3:00:00 PM,2/18/2025 10:00:00 AM,800,284.8,196.0,136.0,183.0,800.0,0.0,0.90,6.0,28.7,6.8,22.9,1,3/7/2025 11:05:30 AM
2/18/2025 4:00:00 PM,2/18/2025 11:00:00 AM,800,281.5,161.7,136.8,220.2,800.0,0.0,0.89,6.0,28.7,4.5,26.4,1,3/7/2025 11:05:30 AM
2/18/2025 5:00:00 PM,2/18/2025 12:00:00 PM,800,277.2,132.4,137.8,252.1,800.0,0.0,0.89,6.0,28.7,5.1,32.3,1,3/7/2025 11:05:30 AM
2/18/2025 6:00:00 PM,2/18/2025 1:00:00 PM,800,277.1,132.4,137.5,252.9,800.0,0.0,0.89,6.0,28.7,4.7,28.7,1,3/7/2025 11:05:30 AM
2/18/2025 7:00:00 PM,2/18/2025 2:00:00 PM,800,277.2,132.4,137.4,252.5,800.0,0.0,0.91,6.0,28.7,4.3,28.8,1,3/7/2025 11:05:30 AM
2/18/2025 8:00:00 PM,2/18/2025 3:00:00 PM,800,280.7,132.4,134.9,251.9,800.0,0.0,0.91,6.0,28.7,5.3,28.7,1,3/7/2025 11:05:30 AM
2/18/2025 9:00:00 PM,2/18/2025 4:00:00 PM,800,280.3,132.4,142.1,245.2,800.0,0.0,0.89,6.0,28.7,8.6,31.8,1,3/7/2025 11:05:30 AM
2/18/2025 10:00:00 PM,2/18/2025 5:00:00 PM,800,282.1,86.5,130.2,300.9,800.0,0.0,0.91,6.0,28.7,4.9,24.3,1,3/7/2025 11:05:30 AM
2/18/2025 11:00:00 PM,2/18/2025 6:00:00 PM,800,286.6,168.4,141.6,203.5,800.0,0.0,0.91,6.0,28.7,5.3,17.9,1,3/7/2025 11:05:30 AM
2/19/2025 12:00:00 AM,2/18/2025 7:00:00 PM,800,280.9,168.4,148.8,202.0,800.0,0.0,0.91,6.0,28.7,5.2,24.3,1,3/7/2025 11:05:30 AM
2/19/2025 1:00:00 AM,2/18/2025 8:00:00 PM,800,281.1,69.4,137.6,312.0,800.0,0.0,0.93,6.0,28.7,2.6,25.9,1,3/7/2025 11:05:30 AM
2/19/2025 2:00:00 AM,2/18/2025 9:00:00 PM,800,282.0,115.3,148.2,254.3,800.0,0.0,0.91,6.0,28.7,4.0,28.0,1,3/7/2025 11:05:30 AM
2/19/2025 3:00:00 AM,2/18/2025 10:00:00 PM,800,282.0,98.2,147.5,272.5,800.0,0.0,0.92,6.0,28.7,1.0,25.5,1,3/7/2025 11:05:30 AM
2/19/2025 4:00:00 AM,2/18/2025 11:00:00 PM,800,281.4,45.9,146.7,326.3,800.0,0.0,0.88,6.0,28.7,7.6,27.5,1,3/7/2025 11:05:30 AM
2/19/2025 5:00:00 AM,2/19/2025 12:00:00 AM,525,201.5,37.4,81.4,204.5,525.0,0.0,0.92,6.0,28.6,5.5,24.1,1,3/7/2025 11:05:30 AM
2/19/2025 6:00:00 AM,2/19/2025 1:00:00 AM,525,201.4,37.4,81.5,204.5,525.0,0.0,0.91,6.0,28.6,4.8,27.1,1,3/7/2025 11:05:30 AM
2/19/2025 7:00:00 AM,2/19/2025 2:00:00 AM,525,218.1,37.4,65.6,204.0,525.0,0.0,0.92,6.0,28.6,6.1,26.2,1,3/7/2025 11:05:30 AM
2/19/2025 8:00:00 AM,2/19/2025 3:00:00 AM,525,218.0,37.4,65.8,203.9,525.0,0.0,0.88,6.0,28.6,6.8,31.3,1,3/7/2025 11:05:30 AM
2/19/2025 9:00:00 AM,2/19/2025 4:00:00 AM,800,282.8,37.4,137.4,342.4,800.0,0.0,0.89,6.0,28.6,5.6,27.7,1,3/7/2025 11:05:30 AM
2/19/2025 10:00:00 AM,2/19/2025 5:00:00 AM,800,282.8,127.1,140.5,249.2,800.0,0.0,0.87,6.0,28.6,7.7,26.5,1,3/7/2025 11:05:30 AM
2/19/2025 11:00:00 AM,2/19/2025 6:00:00 AM,800,283.1,83.3,143.1,290.4,800.0,0.0,0.87,6.0,28.6,8.0,30.7,1,3/7/2025 11:05:30 AM
2/19/2025 12:00:00 PM,2/19/2025 7:00:00 AM,800,292.9,128.5,131.6,247.2,800.0,0.0,0.91,6.0,28.6,4.2,26.9,1,3/7/2025 11:05:30 AM
2/19/2025 1:00:00 PM,2/19/2025 8:00:00 AM,800,284.7,153.6,143.5,218.2,800.0,0.0,0.88,6.0,28.6,4.8,24.0,1,3/7/2025 11:05:30 AM
2/19/2025 2:00:00 PM,2/19/2025 9:00:00 AM,525,194.1,156.2,88.0,86.8,525.0,0.0,0.86,6.0,28.6,6.1,30.1,1,3/7/2025 11:05:30 AM
2/19/2025 3:00:00 PM,2/19/2025 10:00:00 AM,525,202.4,76.5,80.8,165.3,525.0,0.0,0.91,6.0,28.6,5.8,29.7,1,3/7/2025 11:05:30 AM
2/19/2025 4:00:00 PM,2/19/2025 11:00:00 AM,525,202.5,135.5,80.9,106.4,525.0,0.0,0.88,6.0,28.6,10.7,31.7,1,3/7/2025 11:05:30 AM
2/19/2025 5:00:00 PM,2/19/2025 12:00:00 PM,525,200.8,135.5,82.6,106.1,525.0,0.0,0.89,6.0,28.6,10.1,33.3,1,3/7/2025 11:05:30 AM
2/19/2025 6:00:00 PM,2/19/2025 1:00:00 PM,525,200.7,135.5,82.7,106.3,525.0,0.0,0.94,6.0,28.6,5.0,23.6,1,3/7/2025 11:05:30 AM
2/19/2025 7:00:00 PM,2/19/2025 2:00:00 PM,525,200.8,135.5,82.7,106.3,525.0,0.0,0.92,6.0,28.6,5.8,28.8,1,3/7/2025 11:05:30 AM
2/19/2025 8:00:00 PM,2/19/2025 3:00:00 PM,525,200.8,135.5,82.5,106.2,525.0,0.0,0.93,6.0,28.6,7.4,26.7,1,3/7/2025 11:05:30 AM
2/19/2025 9:00:00 PM,2/19/2025 4:00:00 PM,800,286.6,109.8,133.3,270.3,800.0,0.0,0.91,6.0,28.6,3.3,30.0,1,3/7/2025 11:05:30 AM
2/19/2025 10:00:00 PM,2/19/2025 5:00:00 PM,800,287.2,46.6,139.4,327.1,800.0,0.0,0.90,6.0,28.6,5.0,25.6,1,3/7/2025 11:05:30 AM
2/19/2025 11:00:00 PM,2/19/2025 6:00:00 PM,800,288.7,128.5,128.6,254.3,800.0,0.0,0.89,6.0,28.6,5.0,15.9,1,3/7/2025 11:05:30 AM
2/20/2025 12:00:00 AM,2/19/2025 7:00:00 PM,800,282.3,128.5,135.5,253.9,800.0,0.0,0.90,6.0,28.6,6.7,22.8,1,3/7/2025 11:05:30 AM
2/20/2025 1:00:00 AM,2/19/2025 8:00:00 PM,800,282.4,46.6,150.4,321.3,800.0,0.0,0.90,6.0,28.6,4.3,22.3,1,3/7/2025 11:05:30 AM
2/20/2025 2:00:00 AM,2/19/2025 9:00:00 PM,800,283.3,39.9,148.1,328.8,800.0,0.0,0.92,6.0,28.6,1.7,25.6,1,3/7/2025 11:05:30 AM
2/20/2025 3:00:00 AM,2/19/2025 10:00:00 PM,800,283.4,106.4,147.1,263.3,800.0,0.0,0.90,6.0,28.6,6.0,25.2,1,3/7/2025 11:05:30 AM
2/20/2025 4:00:00 AM,2/19/2025 11:00:00 PM,800,282.8,106.4,145.5,265.4,800.0,0.0,0.92,6.0,28.6,5.2,31.3,1,3/7/2025 11:05:30 AM
2/20/2025 5:00:00 AM,2/20/2025 12:00:00 AM,525,200.4,94.0,82.8,147.8,525.0,0.0,0.91,6.0,28.7,7.3,26.9,1,3/7/2025 11:05:30 AM
2/20/2025 6:00:00 AM,2/20/2025 1:00:00 AM,525,200.2,96.0,82.9,146.0,525.0,0.0,0.91,6.0,28.7,6.5,32.1,1,3/7/2025 11:05:30 AM
2/20/2025 7:00:00 AM,2/20/2025 2:00:00 AM,525,217.1,96.0,66.2,145.5,525.0,0.0,0.90,6.0,28.7,6.9,28.5,1,3/7/2025 11:05:30 AM
2/20/2025 8:00:00 AM,2/20/2025 3:00:00 AM,525,217.0,95.9,66.3,145.4,525.0,0.0,0.93,6.0,28.7,4.4,32.4,1,3/7/2025 11:05:30 AM
2/20/2025 9:00:00 AM,2/20/2025 4:00:00 AM,800,282.4,95.9,138.8,282.7,800.0,0.0,0.90,6.0,28.7,5.1,28.9,1,3/7/2025 11:05:30 AM
2/20/2025 10:00:00 AM,2/20/2025 5:00:00 AM,800,282.4,57.0,141.9,318.4,800.0,0.0,0.91,6.0,28.7,6.0,27.9,1,3/7/2025 11:05:30 AM
2/20/2025 11:00:00 AM,2/20/2025 6:00:00 AM,800,282.4,62.4,143.3,312.0,800.0,0.0,0.91,6.0,28.7,8.1,23.2,1,3/7/2025 11:05:30 AM
2/20/2025 12:00:00 PM,2/20/2025 7:00:00 AM,800,293.0,146.8,133.6,226.7,800.0,0.0,0.91,6.0,28.7,4.6,23.3,1,3/7/2025 11:05:30 AM
2/20/2025 1:00:00 PM,2/20/2025 8:00:00 AM,800,284.8,146.8,144.1,224.1,800.0,0.0,0.93,6.0,28.7,1.9,20.9,1,3/7/2025 11:05:30 AM
2/20/2025 2:00:00 PM,2/20/2025 9:00:00 AM,525,192.8,79.6,90.3,162.4,525.0,0.0,0.94,6.0,28.7,8.2,27.3,1,3/7/2025 11:05:30 AM
2/20/2025 3:00:00 PM,2/20/2025 10:00:00 AM,525,201.0,116.4,81.1,126.6,525.0,0.0,0.93,6.0,28.7,7.8,25.4,1,3/7/2025 11:05:30 AM
2/20/2025 4:00:00 PM,2/20/2025 11:00:00 AM,525,201.1,142.8,81.1,100.0,525.0,0.0,0.91,6.0,28.7,4.8,20.3,1,3/7/2025 11:05:30 AM
2/20/2025 5:00:00 PM,2/20/2025 12:00:00 PM,525,199.4,139.2,82.7,103.3,525.0,0.0,0.91,6.0,28.7,8.0,27.9,1,3/7/2025 11:05:30 AM
2/20/2025 6:00:00 PM,2/20/2025 1:00:00 PM,525,199.3,139.2,82.8,103.5,525.0,0.0,0.92,6.0,28.7,8.7,32.4,1,3/7/2025 11:05:30 AM
2/20/2025 7:00:00 PM,2/20/2025 2:00:00 PM,525,199.4,139.2,82.8,103.5,525.0,0.0,0.92,6.0,28.7,4.7,29.7,1,3/7/2025 11:05:30 AM
2/20/2025 8:00:00 PM,2/20/2025 3:00:00 PM,525,199.5,142.8,82.7,99.8,525.0,0.0,0.90,6.0,28.7,4.4,24.7,1,3/7/2025 11:05:30 AM
2/20/2025 9:00:00 PM,2/20/2025 4:00:00 PM,800,285.9,177.8,142.3,193.8,800.0,0.0,0.90,6.0,28.7,7.0,26.2,1,3/7/2025 11:05:30 AM
2/20/2025 10:00:00 PM,2/20/2025 5:00:00 PM,800,287.3,199.0,142.0,171.7,800.0,0.0,0.90,6.0,28.7,8.7,30.4,1,3/7/2025 11:05:30 AM
2/20/2025 11:00:00 PM,2/20/2025 6:00:00 PM,800,288.3,150.1,141.7,219.8,800.0,0.0,0.92,6.0,28.7,3.8,19.5,1,3/7/2025 11:05:30 AM
2/21/2025 12:00:00 AM,2/20/2025 7:00:00 PM,800,282.6,150.1,146.2,221.0,800.0,0.0,0.92,6.0,28.7,5.3,30.1,1,3/7/2025 11:05:30 AM
2/21/2025 1:00:00 AM,2/20/2025 8:00:00 PM,800,282.7,68.2,146.8,302.1,800.0,0.0,0.94,6.0,28.7,3.3,29.3,1,3/7/2025 11:05:30 AM
2/21/2025 2:00:00 AM,2/20/2025 9:00:00 PM,800,283.6,59.8,148.1,308.6,800.0,0.0,0.94,6.0,28.7,3.4,25.7,1,3/7/2025 11:05:30 AM
2/21/2025 3:00:00 AM,2/20/2025 10:00:00 PM,800,295.3,89.7,129.5,285.3,800.0,0.0,0.92,6.0,28.7,3.8,25.9,1,3/7/2025 11:05:30 AM
2/21/2025 4:00:00 AM,2/20/2025 11:00:00 PM,800,294.6,98.4,126.5,280.2,800.0,0.0,0.90,6.0,28.7,4.3,24.8,1,3/7/2025 11:05:30 AM
2/21/2025 5:00:00 AM,2/21/2025 12:00:00 AM,525,219.5,87.8,63.7,153.8,525.0,0.0,0.92,6.1,28.8,7.8,30.7,1,3/7/2025 11:05:30 AM
2/21/2025 6:00:00 AM,2/21/2025 1:00:00 AM,525,219.3,87.7,63.7,154.0,525.0,0.0,0.89,6.1,28.8,8.2,36.3,1,3/7/2025 11:05:30 AM
2/21/2025 7:00:00 AM,2/21/2025 2:00:00 AM,525,219.3,90.9,63.9,150.7,525.0,0.0,0.90,6.1,28.8,5.1,32.3,1,3/7/2025 11:05:30 AM
2/21/2025 8:00:00 AM,2/21/2025 3:00:00 AM,525,224.6,91.0,58.9,150.4,525.0,0.0,0.91,6.1,28.8,5.9,32.1,1,3/7/2025 11:05:30 AM
2/21/2025 9:00:00 AM,2/21/2025 4:00:00 AM,800,296.7,93.5,117.8,291.8,800.0,0.0,0.90,6.1,28.8,6.3,30.2,1,3/7/2025 11:05:30 AM
2/21/2025 10:00:00 AM,2/21/2025 5:00:00 AM,800,283.5,112.9,140.0,263.8,800.0,0.0,0.90,6.1,28.8,3.5,25.4,1,3/7/2025 11:05:30 AM
2/21/2025 11:00:00 AM,2/21/2025 6:00:00 AM,800,283.6,65.0,143.7,307.5,800.0,0.0,0.89,6.1,28.8,9.0,28.3,1,3/7/2025 11:05:30 AM
2/21/2025 12:00:00 PM,2/21/2025 7:00:00 AM,800,288.7,65.0,138.6,307.9,800.0,0.0,0.90,6.1,28.8,4.3,23.7,1,3/7/2025 11:05:30 AM
2/21/2025 1:00:00 PM,2/21/2025 8:00:00 AM,800,282.7,113.4,145.6,258.4,800.0,0.0,0.90,6.1,28.8,1.6,14.8,1,3/7/2025 11:05:30 AM
2/21/2025 2:00:00 PM,2/21/2025 9:00:00 AM,525,192.8,173.0,89.3,69.9,525.0,0.0,0.89,6.1,28.8,4.9,20.2,1,3/7/2025 11:05:30 AM
2/21/2025 3:00:00 PM,2/21/2025 10:00:00 AM,525,226.2,126.3,58.0,114.9,525.0,0.0,0.91,6.1,28.8,8.1,25.5,1,3/7/2025 11:05:30 AM
2/21/2025 4:00:00 PM,2/21/2025 11:00:00 AM,525,196.0,123.0,87.6,118.5,525.0,0.0,0.88,6.1,28.8,9.5,27.8,1,3/7/2025 11:05:30 AM
2/21/2025 5:00:00 PM,2/21/2025 12:00:00 PM,525,194.2,152.8,88.0,90.2,525.0,0.0,0.89,6.1,28.8,7.6,24.6,1,3/7/2025 11:05:30 AM
2/21/2025 6:00:00 PM,2/21/2025 1:00:00 PM,525,194.2,161.8,88.1,81.2,525.0,0.0,0.88,6.1,28.8,7.1,30.7,1,3/7/2025 11:05:30 AM
2/21/2025 7:00:00 PM,2/21/2025 2:00:00 PM,525,225.5,152.8,58.4,88.4,525.0,0.0,0.92,6.1,28.8,5.5,27.6,1,3/7/2025 11:05:30 AM
2/21/2025 8:00:00 PM,2/21/2025 3:00:00 PM,525,243.7,139.9,39.0,102.7,525.0,0.0,0.91,6.1,28.8,6.2,28.3,1,3/7/2025 11:05:30 AM
2/21/2025 9:00:00 PM,2/21/2025 4:00:00 PM,800,304.0,127.0,111.2,257.6,800.0,0.0,0.88,6.1,28.8,6.9,32.6,1,3/7/2025 11:05:30 AM
2/21/2025 10:00:00 PM,2/21/2025 5:00:00 PM,800,285.0,148.3,137.6,229.0,800.0,0.0,0.87,6.1,28.8,6.9,35.2,1,3/7/2025 11:05:30 AM
2/21/2025 11:00:00 PM,2/21/2025 6:00:00 PM,800,286.0,150.1,140.6,223.0,800.0,0.0,0.93,6.1,28.8,4.1,29.9,1,3/7/2025 11:05:30 AM
2/22/2025 12:00:00 AM,2/21/2025 7:00:00 PM,800,275.0,150.1,154.0,221.0,800.0,0.0,0.94,6.1,28.8,1.6,23.1,1,3/7/2025 11:05:30 AM
2/22/2025 1:00:00 AM,2/21/2025 8:00:00 PM,800,280.4,68.2,148.5,303.0,800.0,0.0,0.90,6.1,28.8,6.3,37.1,1,3/7/2025 11:05:30 AM
2/22/2025 2:00:00 AM,2/21/2025 9:00:00 PM,800,281.3,78.0,149.1,291.6,800.0,0.0,0.92,6.1,28.8,4.3,27.8,1,3/7/2025 11:05:30 AM
2/22/2025 3:00:00 AM,2/21/2025 10:00:00 PM,800,281.5,151.2,146.6,220.6,800.0,0.0,0.91,6.1,28.8,1.2,28.4,1,3/7/2025 11:05:30 AM
2/22/2025 4:00:00 AM,2/21/2025 11:00:00 PM,800,280.8,158.0,147.9,213.1,800.0,0.0,0.92,6.1,28.8,5.0,25.4,1,3/7/2025 11:05:30 AM
2/22/2025 5:00:00 AM,2/22/2025 12:00:00 AM,525,199.4,83.7,83.5,158.4,525.0,0.0,0.91,6.0,28.9,8.7,30.7,1,3/7/2025 11:05:30 AM
2/22/2025 6:00:00 AM,2/22/2025 1:00:00 AM,525,199.4,54.0,83.5,188.1,525.0,0.0,0.92,6.0,28.9,9.1,30.8,1,3/7/2025 11:05:30 AM
2/22/2025 7:00:00 AM,2/22/2025 2:00:00 AM,525,219.0,56.4,64.2,185.4,525.0,0.0,0.90,6.0,28.9,8.1,26.2,1,3/7/2025 11:05:30 AM
2/22/2025 8:00:00 AM,2/22/2025 3:00:00 AM,525,219.1,86.2,64.2,155.4,525.0,0.0,0.91,6.0,28.9,7.4,30.1,1,3/7/2025 11:05:30 AM
2/22/2025 9:00:00 AM,2/22/2025 4:00:00 AM,800,277.1,26.6,142.5,353.9,800.0,0.0,0.88,6.0,28.9,5.7,32.6,1,3/7/2025 11:05:30 AM
2/22/2025 10:00:00 AM,2/22/2025 5:00:00 AM,800,277.1,26.6,143.2,353.3,800.0,0.0,0.91,6.0,28.9,4.9,21.0,1,3/7/2025 11:05:30 AM
2/22/2025 11:00:00 AM,2/22/2025 6:00:00 AM,800,276.9,161.2,133.2,228.5,800.0,0.0,0.89,6.0,28.9,4.5,22.4,1,3/7/2025 11:05:30 AM
2/22/2025 12:00:00 PM,2/22/2025 7:00:00 AM,800,284.9,243.1,134.1,137.8,800.0,0.0,0.87,6.0,28.9,1.0,19.7,1,3/7/2025 11:05:30 AM
2/22/2025 1:00:00 PM,2/22/2025 8:00:00 AM,800,277.9,220.8,146.6,154.3,800.0,0.0,0.86,6.0,28.9,2.8,16.1,1,3/7/2025 11:05:30 AM
2/22/2025 2:00:00 PM,2/22/2025 9:00:00 AM,525,187.5,220.8,95.2,21.3,525.0,0.0,0.92,6.0,28.9,13.0,24.7,1,3/7/2025 11:05:30 AM
2/22/2025 3:00:00 PM,2/22/2025 10:00:00 AM,525,249.1,220.8,34.0,21.0,525.0,0.0,0.90,6.0,28.9,10.7,33.3,1,3/7/2025 11:05:30 AM
2/22/2025 4:00:00 PM,2/22/2025 11:00:00 AM,525,187.5,242.3,95.2,0.0,525.0,0.0,0.94,6.0,28.9,8.9,37.4,1,3/7/2025 11:05:30 AM
2/22/2025 5:00:00 PM,2/22/2025 12:00:00 PM,525,186.3,242.0,96.5,0.0,525.0,0.0,0.93,6.0,28.9,5.6,29.7,1,3/7/2025 11:05:30 AM
2/22/2025 6:00:00 PM,2/22/2025 1:00:00 PM,525,186.3,242.0,96.5,0.0,525.0,0.0,0.96,6.0,28.9,2.0,34.9,1,3/7/2025 11:05:30 AM
2/22/2025 7:00:00 PM,2/22/2025 2:00:00 PM,525,186.3,242.0,96.5,0.0,525.0,0.0,0.95,6.0,28.9,7.5,26.0,1,3/7/2025 11:05:30 AM
2/22/2025 8:00:00 PM,2/22/2025 3:00:00 PM,525,186.3,242.0,96.5,0.0,525.0,0.0,0.94,6.0,28.9,8.5,32.4,1,3/7/2025 11:05:30 AM
2/22/2025 9:00:00 PM,2/22/2025 4:00:00 PM,800,274.4,201.3,148.1,175.8,800.0,0.0,0.89,6.0,28.9,7.9,36.5,1,3/7/2025 11:05:30 AM
2/22/2025 10:00:00 PM,2/22/2025 5:00:00 PM,800,276.0,201.3,145.5,177.2,800.0,0.0,0.92,6.0,28.9,7.5,29.8,1,3/7/2025 11:05:30 AM
2/22/2025 11:00:00 PM,2/22/2025 6:00:00 PM,800,276.0,161.2,150.8,211.9,800.0,0.0,0.92,6.0,28.9,3.5,29.7,1,3/7/2025 11:05:30 AM
2/23/2025 12:00:00 AM,2/22/2025 7:00:00 PM,800,275.9,243.1,151.9,129.2,800.0,0.0,0.92,6.0,28.9,2.7,25.1,1,3/7/2025 11:05:30 AM
2/23/2025 1:00:00 AM,2/22/2025 8:00:00 PM,800,275.9,243.1,152.9,128.1,800.0,0.0,0.91,6.0,28.9,5.5,27.8,1,3/7/2025 11:05:30 AM
2/23/2025 2:00:00 AM,2/22/2025 9:00:00 PM,800,276.6,198.1,152.5,172.4,800.0,0.0,0.93,6.0,28.9,3.4,29.5,1,3/7/2025 11:05:30 AM
2/23/2025 3:00:00 AM,2/22/2025 10:00:00 PM,800,276.8,198.1,150.6,174.5,800.0,0.0,0.89,6.0,28.9,6.1,28.9,1,3/7/2025 11:05:30 AM
2/23/2025 4:00:00 AM,2/22/2025 11:00:00 PM,800,276.8,181.8,147.0,194.2,800.0,0.0,0.91,6.0,28.9,5.5,28.0,1,3/7/2025 11:05:30 AM
2/23/2025 5:00:00 AM,2/23/2025 12:00:00 AM,525,202.2,112.0,81.0,129.9,525.0,0.0,0.92,6.0,29.0,9.5,29.5,1,3/7/2025 11:05:30 AM
2/23/2025 6:00:00 AM,2/23/2025 1:00:00 AM,525,202.3,82.2,80.9,159.7,525.0,0.0,0.90,6.0,29.0,6.7,37.0,1,3/7/2025 11:05:30 AM
2/23/2025 7:00:00 AM,2/23/2025 2:00:00 AM,525,221.3,82.2,62.8,159.0,525.0,0.0,0.86,6.0,29.0,6.5,30.0,1,3/7/2025 11:05:30 AM
2/23/2025 8:00:00 AM,2/23/2025 3:00:00 AM,525,221.7,82.2,62.4,159.0,525.0,0.0,0.91,6.0,29.0,6.6,27.4,1,3/7/2025 11:05:30 AM
2/23/2025 9:00:00 AM,2/23/2025 4:00:00 AM,800,279.4,82.2,139.4,299.2,800.0,0.0,0.89,6.0,29.0,4.8,26.7,1,3/7/2025 11:05:30 AM
2/23/2025 10:00:00 AM,2/23/2025 5:00:00 AM,800,279.4,82.2,139.8,298.8,800.0,0.0,0.91,6.0,29.0,5.3,28.7,1,3/7/2025 11:05:30 AM
2/23/2025 11:00:00 AM,2/23/2025 6:00:00 AM,800,279.7,143.6,141.6,235.2,800.0,0.0,0.91,6.0,29.0,5.5,30.1,1,3/7/2025 11:05:30 AM
2/23/2025 12:00:00 PM,2/23/2025 7:00:00 AM,800,288.6,145.2,129.8,236.4,800.0,0.0,0.91,6.0,29.0,1.4,26.0,1,3/7/2025 11:05:30 AM
2/23/2025 1:00:00 PM,2/23/2025 8:00:00 AM,800,281.6,145.2,142.9,230.8,800.0,0.0,0.89,6.0,29.0,4.9,27.6,1,3/7/2025 11:05:30 AM
2/23/2025 2:00:00 PM,2/23/2025 9:00:00 AM,525,191.1,145.2,75.9,113.3,525.3,0.0,0.91,6.0,29.0,7.3,44.6,1,3/7/2025 11:05:30 AM
2/23/2025 3:00:00 PM,2/23/2025 10:00:00 AM,525,202.5,145.2,81.1,96.1,525.0,0.0,0.87,6.0,29.0,6.8,34.1,1,3/7/2025 11:05:30 AM
2/23/2025 4:00:00 PM,2/23/2025 11:00:00 AM,525,191.1,145.6,91.4,96.9,525.0,0.0,0.88,6.0,29.0,9.3,30.2,1,3/7/2025 11:05:30 AM
2/23/2025 5:00:00 PM,2/23/2025 12:00:00 PM,525,190.0,145.6,92.7,96.7,525.0,0.0,0.89,6.0,29.0,6.4,31.5,1,3/7/2025 11:05:30 AM
2/23/2025 6:00:00 PM,2/23/2025 1:00:00 PM,525,190.0,242.4,92.7,0.0,525.0,0.0,0.90,6.0,29.0,8.2,32.5,1,3/7/2025 11:05:30 AM
2/23/2025 7:00:00 PM,2/23/2025 2:00:00 PM,525,190.0,242.4,92.7,0.0,525.0,0.0,0.90,6.0,29.0,7.8,33.2,1,3/7/2025 11:05:30 AM
2/23/2025 8:00:00 PM,2/23/2025 3:00:00 PM,525,190.0,242.4,92.7,0.0,525.0,0.0,0.90,6.0,29.0,9.9,29.6,1,3/7/2025 11:05:30 AM
2/23/2025 9:00:00 PM,2/23/2025 4:00:00 PM,800,277.0,266.1,149.2,107.3,800.0,0.0,0.87,6.0,29.0,10.2,32.8,1,3/7/2025 11:05:30 AM
2/23/2025 10:00:00 PM,2/23/2025 5:00:00 PM,800,279.4,177.3,143.3,199.7,800.0,0.0,0.88,6.0,29.0,6.5,28.1,1,3/7/2025 11:05:30 AM
2/23/2025 11:00:00 PM,2/23/2025 6:00:00 PM,800,279.4,166.9,145.1,208.4,800.0,0.0,0.84,6.0,29.0,5.7,37.8,1,3/7/2025 11:05:30 AM
2/24/2025 12:00:00 AM,2/23/2025 7:00:00 PM,800,280.1,248.8,148.5,122.6,800.0,0.0,0.92,6.0,29.0,4.4,23.4,1,3/7/2025 11:05:30 AM
2/24/2025 1:00:00 AM,2/23/2025 8:00:00 PM,800,280.0,166.9,149.2,203.8,800.0,0.0,0.94,6.0,29.0,6.4,30.5,1,3/7/2025 11:05:30 AM
2/24/2025 2:00:00 AM,2/23/2025 9:00:00 PM,800,280.3,140.3,149.4,229.6,800.0,0.0,0.93,6.0,29.0,2.4,24.2,1,3/7/2025 11:05:30 AM
2/24/2025 3:00:00 AM,2/23/2025 10:00:00 PM,800,280.3,187.2,148.0,184.3,800.0,0.0,0.91,6.0,29.0,6.0,31.6,1,3/7/2025 11:05:30 AM
2/24/2025 4:00:00 AM,2/23/2025 11:00:00 PM,800,280.5,187.2,142.1,189.9,800.0,0.0,0.90,6.0,29.0,3.6,30.4,1,3/7/2025 11:05:30 AM
2/24/2025 5:00:00 AM,2/24/2025 12:00:00 AM,525,199.4,203.6,83.9,37.9,525.0,0.0,0.92,6.0,29.1,7.1,36.4,1,3/7/2025 11:05:30 AM
2/24/2025 6:00:00 AM,2/24/2025 1:00:00 AM,525,199.3,160.2,83.9,81.4,525.0,0.0,0.92,6.0,29.1,10.1,39.7,1,3/7/2025 11:05:30 AM
2/24/2025 7:00:00 AM,2/24/2025 2:00:00 AM,525,218.9,203.6,65.5,37.1,525.0,0.0,0.90,6.0,29.1,11.9,26.4,1,3/7/2025 11:05:30 AM
2/24/2025 8:00:00 AM,2/24/2025 3:00:00 AM,525,219.0,203.6,65.2,37.2,525.0,0.0,0.90,6.0,29.1,7.7,29.1,1,3/7/2025 11:05:30 AM
2/24/2025 9:00:00 AM,2/24/2025 4:00:00 AM,800,276.5,203.6,142.2,177.8,800.0,0.0,0.91,6.0,29.1,7.1,31.8,1,3/7/2025 11:05:30 AM
2/24/2025 10:00:00 AM,2/24/2025 5:00:00 AM,800,276.5,203.6,144.3,175.6,800.0,0.0,0.90,6.0,29.1,6.4,33.8,1,3/7/2025 11:05:30 AM
2/24/2025 11:00:00 AM,2/24/2025 6:00:00 AM,800,276.8,144.2,142.8,236.2,800.0,0.0,0.91,6.0,29.1,5.6,31.1,1,3/7/2025 11:05:30 AM
2/24/2025 12:00:00 PM,2/24/2025 7:00:00 AM,800,285.2,227.7,131.6,155.3,800.0,0.0,0.88,6.0,29.1,4.7,28.6,1,3/7/2025 11:05:30 AM
2/24/2025 1:00:00 PM,2/24/2025 8:00:00 AM,800,278.3,234.6,146.9,140.4,800.0,0.0,0.90,6.0,29.1,4.4,23.8,1,3/7/2025 11:05:30 AM
2/24/2025 2:00:00 PM,2/24/2025 9:00:00 AM,525,186.7,214.7,97.1,26.5,525.0,0.0,0.91,6.0,29.1,9.6,31.9,1,3/7/2025 11:05:30 AM
2/24/2025 3:00:00 PM,2/24/2025 10:00:00 AM,525,194.8,214.7,89.2,26.4,525.0,0.0,0.93,6.0,29.1,8.2,27.1,1,3/7/2025 11:05:30 AM
2/24/2025 4:00:00 PM,2/24/2025 11:00:00 AM,525,194.9,206.4,89.3,34.6,525.0,0.0,0.92,6.0,29.1,11.9,33.8,1,3/7/2025 11:05:30 AM
2/24/2025 5:00:00 PM,2/24/2025 12:00:00 PM,525,193.5,206.4,90.2,34.5,525.0,0.0,0.92,6.0,29.1,9.4,34.9,1,3/7/2025 11:05:30 AM
2/24/2025 6:00:00 PM,2/24/2025 1:00:00 PM,525,193.4,206.4,90.3,34.6,525.0,0.0,0.91,6.0,29.1,10.1,30.1,1,3/7/2025 11:05:30 AM
2/24/2025 7:00:00 PM,2/24/2025 2:00:00 PM,525,193.4,206.4,90.4,34.6,525.0,0.0,0.92,6.0,29.1,10.2,22.9,1,3/7/2025 11:05:30 AM
2/24/2025 8:00:00 PM,2/24/2025 3:00:00 PM,525,193.4,227.9,90.3,13.1,525.0,0.0,0.90,6.0,29.1,7.0,38.8,1,3/7/2025 11:05:30 AM
2/24/2025 9:00:00 PM,2/24/2025 4:00:00 PM,800,292.5,231.3,125.1,151.2,800.0,0.0,0.86,6.0,29.1,6.6,39.1,1,3/7/2025 11:05:30 AM
2/24/2025 10:00:00 PM,2/24/2025 5:00:00 PM,800,294.6,236.2,126.0,142.9,800.0,0.0,0.86,6.0,29.1,7.6,35.6,1,3/7/2025 11:05:30 AM
2/24/2025 11:00:00 PM,2/24/2025 6:00:00 PM,800,295.6,145.8,123.0,235.3,800.0,0.0,0.89,6.0,29.1,6.0,32.4,1,3/7/2025 11:05:30 AM
2/25/2025 12:00:00 AM,2/24/2025 7:00:00 PM,800,290.1,227.7,122.6,159.7,800.0,0.0,0.91,6.0,29.1,6.2,33.4,1,3/7/2025 11:05:30 AM
2/25/2025 1:00:00 AM,2/24/2025 8:00:00 PM,800,277.2,236.2,151.7,135.1,800.0,0.0,0.90,6.0,29.1,7.3,34.2,1,3/7/2025 11:05:30 AM
2/25/2025 2:00:00 AM,2/24/2025 9:00:00 PM,800,278.0,227.9,151.3,142.5,800.0,0.0,0.91,6.0,29.1,5.5,34.7,1,3/7/2025 11:05:30 AM
2/25/2025 3:00:00 AM,2/24/2025 10:00:00 PM,800,291.4,227.9,130.0,150.9,800.0,0.0,0.90,6.0,29.1,4.4,35.2,1,3/7/2025 11:05:30 AM
2/25/2025 4:00:00 AM,2/24/2025 11:00:00 PM,800,290.6,227.9,128.9,152.8,800.0,0.0,0.89,6.0,29.1,6.5,35.5,1,3/7/2025 11:05:30 AM
2/25/2025 5:00:00 AM,2/25/2025 12:00:00 AM,525,226.2,161.9,56.4,80.6,525.0,0.0,0.89,6.0,29.1,11.1,35.4,1,3/7/2025 11:05:30 AM
2/25/2025 6:00:00 AM,2/25/2025 1:00:00 AM,525,225.9,161.9,56.9,80.4,525.0,0.0,0.86,6.0,29.1,10.3,45.6,1,3/7/2025 11:05:30 AM
2/25/2025 7:00:00 AM,2/25/2025 2:00:00 AM,525,225.9,161.9,58.6,78.7,525.0,0.0,0.88,6.0,29.1,9.3,37.7,1,3/7/2025 11:05:30 AM
2/25/2025 8:00:00 AM,2/25/2025 3:00:00 AM,525,225.3,161.9,56.1,81.7,525.0,0.0,0.88,6.0,29.1,9.3,40.4,1,3/7/2025 11:05:30 AM
2/25/2025 9:00:00 AM,2/25/2025 4:00:00 AM,800,279.8,147.2,98.4,274.7,800.0,0.0,0.89,6.0,29.1,7.8,36.0,1,3/7/2025 11:05:30 AM
2/25/2025 10:00:00 AM,2/25/2025 5:00:00 AM,800,278.5,139.0,104.4,277.9,800.0,0.0,0.86,6.0,29.1,7.3,33.8,1,3/7/2025 11:05:30 AM
2/25/2025 11:00:00 AM,2/25/2025 6:00:00 AM,800,278.9,170.5,111.6,239.0,800.0,0.0,0.89,6.0,29.1,6.3,21.0,1,3/7/2025 11:05:30 AM
2/25/2025 12:00:00 PM,2/25/2025 7:00:00 AM,800,278.1,252.4,129.8,139.6,800.0,0.0,0.89,6.0,29.1,2.5,26.2,1,3/7/2025 11:05:30 AM
2/25/2025 1:00:00 PM,2/25/2025 8:00:00 AM,800,277.5,311.9,135.3,75.2,800.0,0.0,0.90,6.0,29.1,5.0,21.8,1,3/7/2025 11:05:30 AM
2/25/2025 2:00:00 PM,2/25/2025 9:00:00 AM,525,211.0,213.0,45.6,59.7,529.5,0.0,0.91,6.0,29.1,11.3,30.3,1,3/7/2025 11:05:30 AM
2/25/2025 3:00:00 PM,2/25/2025 10:00:00 AM,525,239.3,243.0,42.9,0.0,525.1,0.0,0.90,6.0,29.1,8.2,32.9,1,3/7/2025 11:05:30 AM
2/25/2025 4:00:00 PM,2/25/2025 11:00:00 AM,525,212.0,165.8,71.8,75.1,525.0,0.0,0.90,6.0,29.1,8.4,35.4,1,3/7/2025 11:05:30 AM
2/25/2025 5:00:00 PM,2/25/2025 12:00:00 PM,525,193.1,165.8,91.9,74.2,525.0,0.0,0.93,6.0,29.1,6.8,35.8,1,3/7/2025 11:05:30 AM
2/25/2025 6:00:00 PM,2/25/2025 1:00:00 PM,525,193.1,166.7,91.8,73.3,525.0,0.0,0.91,6.0,29.1,11.8,24.4,1,3/7/2025 11:05:30 AM
2/25/2025 7:00:00 PM,2/25/2025 2:00:00 PM,525,193.1,170.2,91.6,70.0,525.0,0.0,0.94,6.0,29.1,1.7,29.3,1,3/7/2025 11:05:30 AM
2/25/2025 8:00:00 PM,2/25/2025 3:00:00 PM,525,193.3,155.5,91.5,84.7,525.0,0.0,0.91,6.0,29.1,6.2,26.0,1,3/7/2025 11:05:30 AM
2/25/2025 9:00:00 PM,2/25/2025 4:00:00 PM,800,272.9,169.5,117.8,239.4,800.0,0.0,0.86,6.0,29.1,9.5,29.8,1,3/7/2025 11:05:30 AM
2/25/2025 10:00:00 PM,2/25/2025 5:00:00 PM,800,274.2,227.1,130.5,168.2,800.0,0.0,0.88,6.0,29.1,6.7,34.9,1,3/7/2025 11:05:30 AM
2/25/2025 11:00:00 PM,2/25/2025 6:00:00 PM,800,288.5,238.9,130.9,141.4,800.0,0.0,0.89,6.0,29.1,6.5,36.7,1,3/7/2025 11:05:30 AM
2/26/2025 12:00:00 AM,2/25/2025 7:00:00 PM,800,288.1,250.8,129.5,131.3,800.0,0.0,0.90,6.0,29.1,6.3,30.4,1,3/7/2025 11:05:30 AM
2/26/2025 1:00:00 AM,2/25/2025 8:00:00 PM,800,288.4,183.6,129.4,198.4,800.0,0.0,0.89,6.0,29.1,7.3,31.1,1,3/7/2025 11:05:30 AM
2/26/2025 2:00:00 AM,2/25/2025 9:00:00 PM,800,289.1,233.5,127.8,149.2,800.0,0.0,0.92,6.0,29.1,2.6,29.1,1,3/7/2025 11:05:30 AM
2/26/2025 3:00:00 AM,2/25/2025 10:00:00 PM,800,289.1,215.0,124.1,171.5,800.0,0.0,0.91,6.0,29.1,3.7,36.1,1,3/7/2025 11:05:30 AM
2/26/2025 4:00:00 AM,2/25/2025 11:00:00 PM,800,288.5,215.0,125.0,171.2,800.0,0.0,0.90,6.0,29.1,6.9,30.5,1,3/7/2025 11:05:30 AM
2/26/2025 5:00:00 AM,2/26/2025 12:00:00 AM,525,220.5,116.3,63.1,125.3,525.0,0.0,0.91,6.0,29.2,10.0,35.1,1,3/7/2025 11:05:30 AM
2/26/2025 6:00:00 AM,2/26/2025 1:00:00 AM,525,220.3,116.3,63.2,125.5,525.0,0.0,0.91,6.0,29.2,8.1,31.3,1,3/7/2025 11:05:30 AM
2/26/2025 7:00:00 AM,2/26/2025 2:00:00 AM,525,239.8,129.1,43.6,112.5,525.0,0.0,0.90,6.0,29.2,6.8,38.0,1,3/7/2025 11:05:30 AM
2/26/2025 8:00:00 AM,2/26/2025 3:00:00 AM,525,240.1,143.8,43.8,97.3,525.0,0.0,0.91,6.0,29.2,6.4,38.2,1,3/7/2025 11:05:30 AM
2/26/2025 9:00:00 AM,2/26/2025 4:00:00 AM,800,292.4,173.4,116.8,217.5,800.0,0.0,0.92,6.0,29.2,3.1,32.5,1,3/7/2025 11:05:30 AM
2/26/2025 10:00:00 AM,2/26/2025 5:00:00 AM,800,292.4,173.4,120.1,214.3,800.0,0.0,0.89,6.0,29.2,10.5,28.8,1,3/7/2025 11:05:30 AM
2/26/2025 11:00:00 AM,2/26/2025 6:00:00 AM,800,298.0,183.8,123.7,194.8,800.0,0.0,0.90,6.0,29.2,6.7,25.9,1,3/7/2025 11:05:30 AM
2/26/2025 12:00:00 PM,2/26/2025 7:00:00 AM,800,297.6,182.1,122.2,198.4,800.0,0.0,0.92,6.0,29.2,1.9,17.3,1,3/7/2025 11:05:30 AM
2/26/2025 1:00:00 PM,2/26/2025 8:00:00 AM,800,271.8,254.4,138.2,135.5,800.0,0.0,0.90,6.0,29.2,4.2,19.1,1,3/7/2025 11:05:30 AM
2/26/2025 2:00:00 PM,2/26/2025 9:00:00 AM,525,204.3,238.0,80.8,2.3,525.2,0.0,0.91,6.0,29.2,6.1,25.2,1,3/7/2025 11:05:30 AM
2/26/2025 3:00:00 PM,2/26/2025 10:00:00 AM,525,205.4,224.8,79.8,15.3,525.0,0.0,0.88,6.0,29.2,10.1,28.0,1,3/7/2025 11:05:30 AM
2/26/2025 4:00:00 PM,2/26/2025 11:00:00 AM,525,261.2,134.7,21.3,107.9,525.0,0.0,0.90,6.0,29.2,4.5,25.3,1,3/7/2025 11:05:30 AM
2/26/2025 5:00:00 PM,2/26/2025 12:00:00 PM,525,207.0,134.7,76.8,106.7,525.0,0.0,0.90,6.0,29.2,7.5,32.7,1,3/7/2025 11:05:30 AM
2/26/2025 6:00:00 PM,2/26/2025 1:00:00 PM,525,207.2,164.3,76.6,76.9,525.0,0.0,0.92,6.0,29.2,5.9,26.7,1,3/7/2025 11:05:30 AM
2/26/2025 7:00:00 PM,2/26/2025 2:00:00 PM,525,207.3,132.8,76.6,108.6,525.0,0.0,0.93,6.0,29.2,5.3,31.1,1,3/7/2025 11:05:30 AM
2/26/2025 8:00:00 PM,2/26/2025 3:00:00 PM,525,207.4,118.1,76.3,123.2,525.0,0.0,0.94,6.0,29.2,5.7,26.5,1,3/7/2025 11:05:30 AM
2/26/2025 9:00:00 PM,2/26/2025 4:00:00 PM,800,291.7,177.4,131.7,199.3,800.0,0.0,0.89,6.0,29.2,7.2,32.3,1,3/7/2025 11:05:30 AM
2/26/2025 10:00:00 PM,2/26/2025 5:00:00 PM,800,295.3,150.8,131.3,222.8,800.0,0.0,0.90,6.0,29.2,4.3,26.8,1,3/7/2025 11:05:30 AM
2/26/2025 11:00:00 PM,2/26/2025 6:00:00 PM,800,296.3,232.7,131.1,140.0,800.0,0.0,0.92,6.0,29.2,6.5,29.2,1,3/7/2025 11:05:30 AM
2/27/2025 12:00:00 AM,2/26/2025 7:00:00 PM,800,308.8,150.8,115.2,225.4,800.0,0.0,0.90,6.0,29.2,7.4,35.8,1,3/7/2025 11:05:30 AM
2/27/2025 1:00:00 AM,2/26/2025 8:00:00 PM,800,309.2,308.1,110.0,72.9,800.0,0.0,0.90,6.0,29.2,4.9,32.6,1,3/7/2025 11:05:30 AM
2/27/2025 2:00:00 AM,2/26/2025 9:00:00 PM,800,296.6,359.4,128.2,15.6,800.0,0.0,0.90,6.0,29.2,1.3,29.1,1,3/7/2025 11:05:30 AM
2/27/2025 3:00:00 AM,2/26/2025 10:00:00 PM,800,296.7,231.7,125.7,145.8,800.0,0.0,0.91,6.0,29.2,5.7,30.8,1,3/7/2025 11:05:30 AM
2/27/2025 4:00:00 AM,2/26/2025 11:00:00 PM,800,296.2,215.1,124.6,164.1,800.0,0.0,0.90,6.0,29.2,6.9,26.1,1,3/7/2025 11:05:30 AM
2/27/2025 5:00:00 AM,2/27/2025 12:00:00 AM,525,220.8,128.5,62.7,112.7,525.0,0.0,0.90,6.0,29.3,10.9,31.4,1,3/7/2025 11:05:30 AM
2/27/2025 6:00:00 AM,2/27/2025 1:00:00 AM,525,220.6,128.5,62.7,113.0,525.0,0.0,0.89,6.0,29.3,8.1,44.2,1,3/7/2025 11:05:30 AM
2/27/2025 7:00:00 AM,2/27/2025 2:00:00 AM,525,240.4,128.5,42.6,113.2,525.0,0.0,0.90,6.0,29.3,9.1,34.6,1,3/7/2025 11:05:30 AM
2/27/2025 8:00:00 AM,2/27/2025 3:00:00 AM,525,230.2,128.5,53.2,113.0,525.0,0.0,0.88,6.0,29.3,7.5,36.9,1,3/7/2025 11:05:30 AM
2/27/2025 9:00:00 AM,2/27/2025 4:00:00 AM,800,282.3,128.5,130.4,258.7,800.0,0.0,0.88,6.0,29.3,6.6,33.6,1,3/7/2025 11:05:30 AM
2/27/2025 10:00:00 AM,2/27/2025 5:00:00 AM,800,282.3,204.5,133.7,179.5,800.0,0.0,0.91,6.0,29.3,4.0,36.1,1,3/7/2025 11:05:30 AM
2/27/2025 11:00:00 AM,2/27/2025 6:00:00 AM,800,282.5,278.1,138.6,101.1,800.0,0.0,0.90,6.0,29.3,5.6,25.9,1,3/7/2025 11:05:30 AM
2/27/2025 12:00:00 PM,2/27/2025 7:00:00 AM,800,282.3,258.1,136.5,123.4,800.0,0.0,0.90,6.0,29.3,4.1,33.3,1,3/7/2025 11:05:30 AM
2/27/2025 1:00:00 PM,2/27/2025 8:00:00 AM,800,281.6,159.5,144.2,215.0,800.0,0.0,0.92,6.0,29.3,2.3,22.6,1,3/7/2025 11:05:30 AM
2/27/2025 2:00:00 PM,2/27/2025 9:00:00 AM,525,198.6,235.5,83.6,7.6,525.0,0.0,0.93,6.0,29.3,4.1,31.4,1,3/7/2025 11:05:30 AM
2/27/2025 3:00:00 PM,2/27/2025 10:00:00 AM,525,199.3,235.5,83.8,6.5,525.0,0.0,0.90,6.0,29.3,11.8,24.1,1,3/7/2025 11:05:30 AM
2/27/2025 4:00:00 PM,2/27/2025 11:00:00 AM,525,199.4,107.5,83.8,134.4,525.0,0.0,0.88,6.0,29.3,9.2,29.5,1,3/7/2025 11:05:30 AM
2/27/2025 5:00:00 PM,2/27/2025 12:00:00 PM,525,198.2,141.7,84.8,100.2,525.0,0.0,0.90,6.0,29.3,11.3,39.0,1,3/7/2025 11:05:30 AM
2/27/2025 6:00:00 PM,2/27/2025 1:00:00 PM,525,198.3,200.9,84.9,40.8,525.0,0.0,0.91,6.0,29.3,8.6,27.0,1,3/7/2025 11:05:30 AM
2/27/2025 7:00:00 PM,2/27/2025 2:00:00 PM,525,198.3,184.3,85.0,57.4,525.0,0.0,0.93,6.0,29.3,4.1,28.2,1,3/7/2025 11:05:30 AM
2/27/2025 8:00:00 PM,2/27/2025 3:00:00 PM,525,198.3,184.3,84.8,57.6,525.0,0.0,0.90,6.0,29.3,8.0,38.3,1,3/7/2025 11:05:30 AM
2/27/2025 9:00:00 PM,2/27/2025 4:00:00 PM,800,281.1,184.3,144.9,190.0,800.0,0.0,0.91,6.0,29.3,6.5,32.4,1,3/7/2025 11:05:30 AM
2/27/2025 10:00:00 PM,2/27/2025 5:00:00 PM,800,291.1,204.1,139.3,165.7,800.0,0.0,0.90,6.0,29.3,8.1,34.9,1,3/7/2025 11:05:30 AM
2/27/2025 11:00:00 PM,2/27/2025 6:00:00 PM,800,291.7,243.4,128.2,136.8,800.0,0.0,0.89,6.0,29.3,5.5,29.4,1,3/7/2025 11:05:30 AM
2/28/2025 12:00:00 AM,2/27/2025 7:00:00 PM,800,291.1,243.4,131.1,134.4,800.0,0.0,0.91,6.0,29.3,6.6,29.9,1,3/7/2025 11:05:30 AM
2/28/2025 1:00:00 AM,2/27/2025 8:00:00 PM,800,291.5,176.2,127.3,205.0,800.0,0.0,0.90,6.0,29.3,6.0,26.0,1,3/7/2025 11:05:30 AM
2/28/2025 2:00:00 AM,2/27/2025 9:00:00 PM,800,292.1,218.8,136.8,152.5,800.0,0.0,0.91,6.0,29.3,4.4,34.0,1,3/7/2025 11:05:30 AM
2/28/2025 3:00:00 AM,2/27/2025 10:00:00 PM,800,292.4,285.8,131.7,90.2,800.0,0.0,0.91,6.0,29.3,5.7,32.7,1,3/7/2025 11:05:30 AM
2/28/2025 4:00:00 AM,2/27/2025 11:00:00 PM,800,291.8,285.8,131.9,90.6,800.0,0.0,0.90,6.0,29.3,4.9,31.2,1,3/7/2025 11:05:30 AM
2/28/2025 5:00:00 AM,2/28/2025 12:00:00 AM,525,214.0,160.2,68.9,81.9,525.0,0.0,0.93,6.0,29.3,6.2,33.5,1,3/7/2025 11:05:30 AM
2/28/2025 6:00:00 AM,2/28/2025 1:00:00 AM,525,213.8,212.6,69.0,29.5,525.0,0.0,0.91,6.0,29.3,7.0,41.9,1,3/7/2025 11:05:30 AM
2/28/2025 7:00:00 AM,2/28/2025 2:00:00 AM,525,233.5,212.6,49.9,29.2,525.0,0.0,0.93,6.0,29.3,7.0,35.9,1,3/7/2025 11:05:30 AM
2/28/2025 8:00:00 AM,2/28/2025 3:00:00 AM,525,233.5,160.2,49.7,81.7,525.0,0.0,0.92,6.0,29.3,6.5,38.1,1,3/7/2025 11:05:30 AM
2/28/2025 9:00:00 AM,2/28/2025 4:00:00 AM,800,290.5,160.2,132.2,216.8,800.0,0.0,0.91,6.0,29.3,6.2,36.0,1,3/7/2025 11:05:30 AM
2/28/2025 10:00:00 AM,2/28/2025 5:00:00 AM,800,290.6,152.3,134.4,222.5,800.0,0.0,0.91,6.0,29.3,6.0,29.6,1,3/7/2025 11:05:30 AM
2/28/2025 11:00:00 AM,2/28/2025 6:00:00 AM,800,289.1,94.8,136.9,279.1,800.0,0.0,0.88,6.0,29.3,6.8,17.5,1,3/7/2025 11:05:30 AM
2/28/2025 12:00:00 PM,2/28/2025 7:00:00 AM,800,288.9,176.7,139.2,195.5,800.0,0.0,0.89,6.0,29.3,1.4,20.9,1,3/7/2025 11:05:30 AM
2/28/2025 1:00:00 PM,2/28/2025 8:00:00 AM,800,288.1,236.0,142.4,133.4,800.0,0.0,0.89,6.0,29.3,4.2,24.2,1,3/7/2025 11:05:30 AM
2/28/2025 2:00:00 PM,2/28/2025 9:00:00 AM,525,198.2,94.8,85.0,147.1,525.0,0.0,0.91,6.0,29.3,12.3,33.5,1,3/7/2025 11:05:30 AM
2/28/2025 3:00:00 PM,2/28/2025 10:00:00 AM,525,211.9,200.6,71.0,41.4,525.0,0.0,0.92,6.0,29.3,8.4,28.0,1,3/7/2025 11:05:30 AM
2/28/2025 4:00:00 PM,2/28/2025 11:00:00 AM,525,218.6,200.6,64.4,41.5,525.0,0.0,0.91,6.0,29.3,8.8,27.0,1,3/7/2025 11:05:30 AM
2/28/2025 5:00:00 PM,2/28/2025 12:00:00 PM,525,197.4,200.6,85.6,41.7,525.0,0.0,0.91,6.0,29.3,4.2,40.3,1,3/7/2025 11:05:30 AM
2/28/2025 6:00:00 PM,2/28/2025 1:00:00 PM,525,197.4,200.6,85.6,41.8,525.0,0.0,0.92,6.0,29.3,6.1,30.1,1,3/7/2025 11:05:30 AM
2/28/2025 7:00:00 PM,2/28/2025 2:00:00 PM,525,197.5,193.8,85.5,48.4,525.0,0.0,0.94,6.0,29.3,4.5,29.6,1,3/7/2025 11:05:30 AM
2/28/2025 8:00:00 PM,2/28/2025 3:00:00 PM,525,197.4,190.1,85.6,52.2,525.0,0.0,0.94,6.0,29.3,10.1,34.9,1,3/7/2025 11:05:30 AM
2/28/2025 9:00:00 PM,2/28/2025 4:00:00 PM,800,288.1,155.7,140.5,215.6,800.0,0.0,0.90,6.0,29.3,9.0,33.7,1,3/7/2025 11:05:30 AM
2/28/2025 10:00:00 PM,2/28/2025 5:00:00 PM,800,292.6,198.7,136.9,171.7,800.0,0.0,0.88,6.0,29.3,11.0,24.7,1,3/7/2025 11:05:30 AM
2/28/2025 11:00:00 PM,2/28/2025 6:00:00 PM,800,293.2,173.1,132.8,201.0,800.0,0.0,0.91,6.0,29.3,7.4,35.9,1,3/7/2025 11:05:30 AM
3/1/2025 12:00:00 AM,2/28/2025 7:00:00 PM,800,292.6,173.1,137.9,196.5,800.0,0.0,0.92,6.0,29.3,4.4,31.8,1,3/7/2025 11:05:30 AM
3/1/2025 1:00:00 AM,2/28/2025 8:00:00 PM,800,292.5,173.1,136.4,198.1,800.0,0.0,0.92,6.0,29.3,6.7,34.6,1,3/7/2025 11:05:30 AM
3/1/2025 2:00:00 AM,2/28/2025 9:00:00 PM,800,293.3,198.7,136.9,171.2,800.0,0.0,0.93,6.0,29.3,4.8,37.6,1,3/7/2025 11:05:30 AM
3/1/2025 3:00:00 AM,2/28/2025 10:00:00 PM,800,295.3,198.7,132.9,173.0,800.0,0.0,0.89,6.0,29.3,6.2,31.2,1,3/7/2025 11:05:30 AM
3/1/2025 4:00:00 AM,2/28/2025 11:00:00 PM,800,294.6,198.7,134.1,172.7,800.0,0.0,0.90,6.0,29.3,6.2,37.0,1,3/7/2025 11:05:30 AM
3/1/2025 5:00:00 AM,3/1/2025 12:00:00 AM,525,203.3,128.8,77.7,115.0,525.0,0.0,0.92,6.0,29.4,8.8,34.8,1,4/4/2025 10:05:47 AM
3/1/2025 6:00:00 AM,3/1/2025 1:00:00 AM,525,203.3,128.8,77.7,115.2,525.0,0.0,0.91,6.0,29.4,10.7,40.8,1,4/4/2025 10:05:47 AM
3/1/2025 7:00:00 AM,3/1/2025 2:00:00 AM,525,223.4,114.1,59.2,128.1,525.0,0.0,0.89,6.0,29.4,10.1,34.2,1,4/4/2025 10:05:47 AM
3/1/2025 8:00:00 AM,3/1/2025 3:00:00 AM,525,223.4,114.1,59.3,128.1,525.0,0.0,0.90,6.0,29.4,7.5,40.2,1,4/4/2025 10:05:46 AM
3/1/2025 9:00:00 AM,3/1/2025 4:00:00 AM,525,194.2,158.4,88.1,84.2,525.0,0.0,0.92,6.0,29.4,8.7,43.2,1,4/4/2025 10:05:46 AM
3/1/2025 10:00:00 AM,3/1/2025 5:00:00 AM,800,287.2,162.2,136.9,213.7,800.0,0.0,0.91,6.0,29.4,5.7,28.9,1,4/4/2025 10:05:46 AM
3/1/2025 11:00:00 AM,3/1/2025 6:00:00 AM,800,284.8,225.6,141.0,148.6,800.0,0.0,0.92,6.0,29.4,2.7,34.0,1,4/4/2025 10:05:46 AM
3/1/2025 12:00:00 PM,3/1/2025 7:00:00 AM,800,292.1,225.6,131.8,150.6,800.0,0.0,0.92,6.0,29.4,3.5,34.1,1,4/4/2025 10:05:46 AM
3/1/2025 1:00:00 PM,3/1/2025 8:00:00 AM,525,191.3,225.6,91.8,16.5,525.0,0.0,0.91,6.0,29.4,4.5,18.8,1,4/4/2025 10:05:46 AM
3/1/2025 2:00:00 PM,3/1/2025 9:00:00 AM,525,188.0,195.5,94.9,46.4,525.0,0.0,0.90,6.0,29.4,6.5,20.2,1,4/4/2025 10:05:46 AM
3/1/2025 3:00:00 PM,3/1/2025 10:00:00 AM,525,188.0,212.2,94.9,29.7,525.0,0.0,0.89,6.0,29.4,7.4,23.9,1,4/4/2025 10:05:46 AM
3/1/2025 4:00:00 PM,3/1/2025 11:00:00 AM,525,188.0,239.4,94.9,2.5,525.0,0.0,0.92,6.0,29.4,8.7,24.7,1,4/4/2025 10:05:46 AM
3/1/2025 5:00:00 PM,3/1/2025 12:00:00 PM,525,250.2,240.0,32.3,2.6,525.0,0.0,0.93,6.0,29.4,9.3,42.0,1,4/4/2025 10:05:46 AM
3/1/2025 6:00:00 PM,3/1/2025 1:00:00 PM,525,186.5,182.5,96.7,59.0,525.0,0.0,0.93,6.0,29.4,5.7,39.1,1,4/4/2025 10:05:46 AM
3/1/2025 7:00:00 PM,3/1/2025 2:00:00 PM,525,186.6,179.1,95.0,64.7,525.5,0.0,0.92,6.0,29.4,9.2,37.1,1,4/4/2025 10:05:46 AM
3/1/2025 8:00:00 PM,3/1/2025 3:00:00 PM,525,186.6,179.1,96.3,64.5,526.5,0.0,0.94,6.0,29.4,6.9,37.7,1,4/4/2025 10:05:47 AM
3/1/2025 9:00:00 PM,3/1/2025 4:00:00 PM,525,186.6,186.1,93.4,59.9,526.0,0.0,0.94,6.0,29.4,5.8,31.5,1,4/4/2025 10:05:47 AM
3/1/2025 10:00:00 PM,3/1/2025 5:00:00 PM,800,285.1,225.6,145.3,144.3,800.0,0.0,0.91,6.0,29.4,6.8,32.4,1,4/4/2025 10:05:47 AM
3/1/2025 11:00:00 PM,3/1/2025 6:00:00 PM,800,284.4,225.6,146.2,144.0,800.0,0.0,0.92,6.0,29.4,5.3,32.4,1,4/4/2025 10:05:47 AM
3/2/2025 12:00:00 AM,3/1/2025 7:00:00 PM,800,282.8,194.3,147.6,175.5,800.0,0.0,0.93,6.0,29.4,6.3,35.9,1,4/4/2025 10:05:47 AM
3/2/2025 1:00:00 AM,3/1/2025 8:00:00 PM,800,283.9,112.4,148.2,255.6,800.0,0.0,0.92,6.0,29.4,3.4,32.4,1,4/4/2025 10:05:47 AM
3/2/2025 2:00:00 AM,3/1/2025 9:00:00 PM,800,284.8,196.3,148.0,170.8,800.0,0.0,0.91,6.0,29.4,3.8,29.3,1,4/4/2025 10:05:47 AM
3/2/2025 3:00:00 AM,3/1/2025 10:00:00 PM,800,288.0,205.4,142.3,164.3,800.0,0.0,0.91,6.0,29.4,5.0,31.6,1,4/4/2025 10:05:47 AM
3/2/2025 4:00:00 AM,3/1/2025 11:00:00 PM,800,287.3,135.7,142.9,234.2,800.0,0.0,0.90,6.0,29.4,6.9,30.1,1,4/4/2025 10:05:47 AM
3/2/2025 5:00:00 AM,3/2/2025 12:00:00 AM,525,197.8,12.4,83.4,231.5,525.0,0.0,0.91,6.0,29.6,7.8,43.0,1,4/4/2025 10:05:47 AM
3/2/2025 6:00:00 AM,3/2/2025 1:00:00 AM,525,197.8,118.1,83.4,125.8,525.0,0.0,0.91,6.0,29.6,8.9,25.8,1,4/4/2025 10:05:47 AM
3/2/2025 7:00:00 AM,3/2/2025 2:00:00 AM,525,217.8,118.1,65.2,124.1,525.0,0.0,0.89,6.0,29.6,5.5,18.7,1,4/4/2025 10:05:47 AM
3/2/2025 8:00:00 AM,3/2/2025 3:00:00 AM,525,217.9,118.1,65.0,123.8,525.0,0.0,0.89,6.0,29.6,7.5,31.1,1,4/4/2025 10:05:47 AM
3/2/2025 9:00:00 AM,3/2/2025 4:00:00 AM,525,188.7,50.9,93.7,191.7,525.0,0.0,0.90,6.0,29.6,4.7,23.9,1,4/4/2025 10:05:47 AM
3/2/2025 10:00:00 AM,3/2/2025 5:00:00 AM,800,282.7,24.0,140.8,352.4,800.0,0.0,0.91,6.0,29.6,3.1,24.0,1,4/4/2025 10:05:46 AM
3/2/2025 11:00:00 AM,3/2/2025 6:00:00 AM,800,279.7,18.5,141.7,360.1,800.0,0.0,0.88,6.0,29.6,3.0,21.2,1,4/4/2025 10:05:46 AM
3/2/2025 12:00:00 PM,3/2/2025 7:00:00 AM,800,290.4,109.6,131.7,268.1,800.0,0.0,0.91,6.0,29.6,2.7,24.3,1,4/4/2025 10:05:46 AM
3/2/2025 1:00:00 PM,3/2/2025 8:00:00 AM,525,217.0,200.4,66.7,40.9,525.0,0.0,0.92,6.0,29.6,3.9,25.8,1,4/4/2025 10:05:46 AM
3/2/2025 2:00:00 PM,3/2/2025 9:00:00 AM,525,200.9,105.0,81.9,137.2,525.0,0.0,0.92,6.0,29.6,8.7,22.7,1,4/4/2025 10:05:46 AM
3/2/2025 3:00:00 PM,3/2/2025 10:00:00 AM,525,181.1,105.0,101.8,136.9,525.0,0.0,0.91,6.0,29.6,6.3,30.3,1,4/4/2025 10:05:46 AM
3/2/2025 4:00:00 PM,3/2/2025 11:00:00 AM,525,192.7,106.7,89.0,136.3,525.0,0.0,0.92,6.0,29.6,4.9,27.2,1,4/4/2025 10:05:46 AM
3/2/2025 5:00:00 PM,3/2/2025 12:00:00 PM,525,179.5,106.7,103.5,135.0,525.0,0.0,0.91,6.0,29.6,6.5,35.2,1,4/4/2025 10:05:46 AM
3/2/2025 6:00:00 PM,3/2/2025 1:00:00 PM,525,179.5,236.4,103.5,5.3,525.0,0.0,0.92,6.0,29.6,2.8,39.0,1,4/4/2025 10:05:46 AM
3/2/2025 7:00:00 PM,3/2/2025 2:00:00 PM,525,179.5,236.6,103.5,5.2,525.0,0.0,0.93,6.0,29.6,8.5,30.5,1,4/4/2025 10:05:46 AM
3/2/2025 8:00:00 PM,3/2/2025 3:00:00 PM,525,179.5,236.7,103.5,5.1,525.0,0.0,0.93,6.0,29.6,5.9,28.3,1,4/4/2025 10:05:47 AM
3/2/2025 9:00:00 PM,3/2/2025 4:00:00 PM,525,211.2,120.2,72.0,121.4,525.0,0.0,0.91,6.0,29.6,10.9,29.4,1,4/4/2025 10:05:47 AM
3/2/2025 10:00:00 PM,3/2/2025 5:00:00 PM,800,280.2,136.8,147.6,235.5,800.0,0.0,0.89,6.0,29.6,10.0,32.7,1,4/4/2025 10:05:47 AM
3/2/2025 11:00:00 PM,3/2/2025 6:00:00 PM,800,280.1,136.8,150.6,232.3,800.0,0.0,0.90,6.0,29.6,6.6,29.7,1,4/4/2025 10:05:47 AM
3/3/2025 12:00:00 AM,3/2/2025 7:00:00 PM,800,280.2,46.0,147.6,326.3,800.0,0.0,0.92,6.0,29.6,2.8,29.9,1,4/4/2025 10:05:47 AM
3/3/2025 1:00:00 AM,3/2/2025 8:00:00 PM,800,280.0,127.9,151.7,240.5,800.0,0.0,0.90,6.0,29.6,3.1,21.7,1,4/4/2025 10:05:47 AM
3/3/2025 2:00:00 AM,3/2/2025 9:00:00 PM,800,280.6,127.9,151.3,240.2,800.0,0.0,0.93,6.0,29.6,3.9,29.9,1,4/4/2025 10:05:47 AM
3/3/2025 3:00:00 AM,3/2/2025 10:00:00 PM,800,284.2,46.0,146.3,323.7,800.0,0.0,0.90,6.0,29.6,4.6,25.3,1,4/4/2025 10:05:47 AM
3/3/2025 4:00:00 AM,3/2/2025 11:00:00 PM,800,284.2,46.0,144.1,325.8,800.0,0.0,0.92,6.0,29.6,5.1,25.2,1,4/4/2025 10:05:47 AM
3/3/2025 5:00:00 AM,3/3/2025 12:00:00 AM,525,193.1,103.9,91.7,136.4,525.0,0.0,0.92,6.1,29.8,7.2,32.2,1,4/4/2025 10:05:47 AM
3/3/2025 6:00:00 AM,3/3/2025 1:00:00 AM,525,192.7,103.9,91.2,137.4,525.0,0.0,0.90,6.1,29.8,9.6,20.8,1,4/4/2025 10:05:47 AM
3/3/2025 7:00:00 AM,3/3/2025 2:00:00 AM,525,211.0,103.9,73.2,137.1,525.0,0.0,0.91,6.1,29.8,9.2,21.0,1,4/4/2025 10:05:47 AM
3/3/2025 8:00:00 AM,3/3/2025 3:00:00 AM,525,211.0,103.9,73.0,137.2,525.0,0.0,0.92,6.1,29.8,6.1,21.9,1,4/4/2025 10:05:47 AM
3/3/2025 9:00:00 AM,3/3/2025 4:00:00 AM,525,184.1,103.9,100.5,136.5,525.0,0.0,0.90,6.1,29.8,4.9,23.3,1,4/4/2025 10:05:47 AM
3/3/2025 10:00:00 AM,3/3/2025 5:00:00 AM,800,261.8,36.9,151.0,350.2,800.0,0.0,0.86,6.1,29.8,5.8,30.5,1,4/4/2025 10:05:47 AM
3/3/2025 11:00:00 AM,3/3/2025 6:00:00 AM,800,259.2,100.4,157.0,283.5,800.0,0.0,0.92,6.1,29.8,3.4,30.0,1,4/4/2025 10:05:47 AM
3/3/2025 12:00:00 PM,3/3/2025 7:00:00 AM,800,287.6,109.6,112.5,290.0,800.0,0.0,0.83,6.1,29.8,1.4,13.7,1,4/4/2025 10:05:47 AM
3/3/2025 1:00:00 PM,3/3/2025 8:00:00 AM,525,174.0,109.6,112.4,129.1,525.0,0.0,0.92,6.1,29.8,9.5,25.6,1,4/4/2025 10:05:47 AM
3/3/2025 2:00:00 PM,3/3/2025 9:00:00 AM,525,195.1,105.3,89.3,135.2,525.0,0.0,0.90,6.1,29.8,7.4,27.3,1,4/4/2025 10:05:47 AM
3/3/2025 3:00:00 PM,3/3/2025 10:00:00 AM,525,177.0,105.3,107.2,135.8,525.0,0.0,0.90,6.1,29.8,7.9,28.2,1,4/4/2025 10:05:47 AM
3/3/2025 4:00:00 PM,3/3/2025 11:00:00 AM,525,177.4,105.3,106.2,136.5,525.0,0.0,0.87,6.1,29.8,8.7,21.9,1,4/4/2025 10:05:46 AM
3/3/2025 5:00:00 PM,3/3/2025 12:00:00 PM,525,183.6,119.4,100.8,121.2,525.0,0.0,0.87,6.1,29.8,12.0,28.7,1,4/4/2025 10:05:46 AM
3/3/2025 6:00:00 PM,3/3/2025 1:00:00 PM,525,182.2,110.2,103.1,129.9,525.0,0.0,0.89,6.1,29.8,6.3,33.5,1,4/4/2025 10:05:46 AM
3/3/2025 7:00:00 PM,3/3/2025 2:00:00 PM,525,183.2,110.2,101.5,130.2,525.0,0.0,0.92,6.1,29.8,6.0,26.6,1,4/4/2025 10:05:46 AM
3/3/2025 8:00:00 PM,3/3/2025 3:00:00 PM,525,183.1,69.1,101.7,171.5,525.0,0.0,0.89,6.1,29.8,7.7,24.4,1,4/4/2025 10:05:46 AM
3/3/2025 9:00:00 PM,3/3/2025 4:00:00 PM,525,183.1,64.2,102.0,175.9,525.0,0.0,0.92,6.1,29.8,8.5,22.2,1,4/4/2025 10:05:46 AM
3/3/2025 10:00:00 PM,3/3/2025 5:00:00 PM,800,263.9,93.8,155.3,286.9,800.0,0.0,0.90,6.1,29.8,7.9,24.2,1,4/4/2025 10:05:46 AM
3/3/2025 11:00:00 PM,3/3/2025 6:00:00 PM,800,285.2,109.6,146.7,258.5,800.0,0.0,0.89,6.1,29.8,5.1,21.7,1,4/4/2025 10:05:46 AM
3/4/2025 12:00:00 AM,3/3/2025 7:00:00 PM,800,279.6,109.6,152.6,258.5,800.0,0.0,0.90,6.1,29.8,2.2,25.0,1,4/4/2025 10:05:47 AM
3/4/2025 1:00:00 AM,3/3/2025 8:00:00 PM,800,290.1,27.7,132.1,350.1,800.0,0.0,0.92,6.1,29.8,4.4,29.1,1,4/4/2025 10:05:47 AM
3/4/2025 2:00:00 AM,3/3/2025 9:00:00 PM,800,277.7,32.6,154.7,335.1,800.0,0.0,0.91,6.1,29.8,2.2,25.5,1,4/4/2025 10:05:47 AM
3/4/2025 3:00:00 AM,3/3/2025 10:00:00 PM,800,281.4,99.6,147.6,271.1,800.0,0.0,0.91,6.1,29.8,5.3,23.3,1,4/4/2025 10:05:47 AM
3/4/2025 4:00:00 AM,3/3/2025 11:00:00 PM,800,280.9,99.6,146.8,272.5,800.0,0.0,0.92,6.1,29.8,5.7,29.8,1,4/4/2025 10:05:47 AM
3/4/2025 5:00:00 AM,3/4/2025 12:00:00 AM,525,196.6,117.7,86.6,124.0,525.0,0.0,0.92,6.1,29.9,5.6,25.4,1,4/4/2025 10:05:47 AM
3/4/2025 6:00:00 AM,3/4/2025 1:00:00 AM,525,196.4,117.7,86.6,124.0,525.0,0.0,0.91,6.1,29.9,5.2,31.7,1,4/4/2025 10:05:47 AM
3/4/2025 7:00:00 AM,3/4/2025 2:00:00 AM,525,216.1,117.7,67.5,123.7,525.0,0.0,0.92,6.1,29.9,6.9,23.7,1,4/4/2025 10:05:47 AM
3/4/2025 8:00:00 AM,3/4/2025 3:00:00 AM,525,216.1,119.5,67.7,121.6,525.0,0.0,0.90,6.1,29.9,6.3,30.4,1,4/4/2025 10:05:47 AM
3/4/2025 9:00:00 AM,3/4/2025 4:00:00 AM,525,194.8,121.3,88.2,120.5,525.0,0.0,0.94,6.1,29.9,8.7,34.2,1,4/4/2025 10:05:47 AM
3/4/2025 10:00:00 AM,3/4/2025 5:00:00 AM,800,283.2,54.2,142.3,320.0,800.0,0.0,0.92,6.1,29.9,3.4,28.1,1,4/4/2025 10:05:47 AM
3/4/2025 11:00:00 AM,3/4/2025 6:00:00 AM,800,280.1,133.4,149.4,237.0,800.0,0.0,0.91,6.1,29.9,6.9,29.8,1,4/4/2025 10:05:47 AM
3/4/2025 12:00:00 PM,3/4/2025 7:00:00 AM,800,304.9,127.9,116.8,250.5,800.0,0.0,0.89,6.1,29.9,3.9,19.5,1,4/4/2025 10:05:47 AM
3/4/2025 1:00:00 PM,3/4/2025 8:00:00 AM,525,213.1,187.1,71.4,53.5,525.0,0.0,0.94,6.1,29.9,5.4,30.2,1,4/4/2025 10:05:47 AM
3/4/2025 2:00:00 PM,3/4/2025 9:00:00 AM,525,208.7,105.2,75.6,135.4,525.0,0.0,0.93,6.1,29.9,11.8,37.4,1,4/4/2025 10:05:47 AM
3/4/2025 3:00:00 PM,3/4/2025 10:00:00 AM,525,217.0,113.2,67.5,127.5,525.0,0.0,0.94,6.1,29.9,8.5,33.1,1,4/4/2025 10:05:47 AM
3/4/2025 4:00:00 PM,3/4/2025 11:00:00 AM,525,200.1,113.2,84.0,127.6,525.0,0.0,0.93,6.1,29.9,10.9,19.7,1,4/4/2025 10:05:47 AM
3/4/2025 5:00:00 PM,3/4/2025 12:00:00 PM,525,198.3,114.0,86.2,126.7,525.0,0.0,0.90,6.1,29.9,5.7,36.3,1,4/4/2025 10:05:46 AM
3/4/2025 6:00:00 PM,3/4/2025 1:00:00 PM,525,198.2,114.0,86.3,126.7,525.0,0.0,0.93,6.1,29.9,8.6,36.3,1,4/4/2025 10:05:46 AM
3/4/2025 7:00:00 PM,3/4/2025 2:00:00 PM,525,198.3,114.0,86.2,126.7,525.0,0.0,0.94,6.1,29.9,7.1,39.7,1,4/4/2025 10:05:46 AM
3/4/2025 8:00:00 PM,3/4/2025 3:00:00 PM,525,197.4,114.0,86.8,126.5,525.0,0.0,0.92,6.1,29.9,8.8,30.1,1,4/4/2025 10:05:46 AM
3/4/2025 9:00:00 PM,3/4/2025 4:00:00 PM,525,198.3,118.1,86.2,122.6,525.0,0.0,0.93,6.1,29.9,6.4,39.2,1,4/4/2025 10:05:46 AM
3/4/2025 10:00:00 PM,3/4/2025 5:00:00 PM,800,283.7,115.6,137.5,263.2,800.0,0.0,0.91,6.1,29.9,8.7,29.3,1,4/4/2025 10:05:46 AM
3/4/2025 11:00:00 PM,3/4/2025 6:00:00 PM,800,287.5,138.3,141.7,232.6,800.0,0.0,0.92,6.1,29.9,7.0,28.0,1,4/4/2025 10:05:46 AM
3/5/2025 12:00:00 AM,3/4/2025 7:00:00 PM,800,282.0,138.3,147.2,232.4,800.0,0.0,0.92,6.1,29.9,2.0,27.5,1,4/4/2025 10:05:46 AM
3/5/2025 1:00:00 AM,3/4/2025 8:00:00 PM,800,285.3,115.6,145.8,253.1,800.0,0.0,0.92,6.1,29.9,2.9,26.7,1,4/4/2025 10:05:46 AM
3/5/2025 2:00:00 AM,3/4/2025 9:00:00 PM,800,286.3,119.5,144.9,249.3,800.0,0.0,0.87,6.1,29.9,3.7,25.0,1,4/4/2025 10:05:46 AM
3/5/2025 3:00:00 AM,3/4/2025 10:00:00 PM,800,290.3,102.9,134.5,272.4,800.0,0.0,0.87,6.1,29.9,6.6,27.0,1,4/4/2025 10:05:46 AM
3/5/2025 4:00:00 AM,3/4/2025 11:00:00 PM,800,289.7,102.9,133.7,273.7,800.0,0.0,0.91,6.1,29.9,5.4,37.0,1,4/4/2025 10:05:47 AM
3/5/2025 5:00:00 AM,3/5/2025 12:00:00 AM,525,198.4,99.2,84.4,142.8,525.0,0.0,0.93,6.2,30.0,6.3,38.7,1,4/4/2025 10:05:47 AM
3/5/2025 6:00:00 AM,3/5/2025 1:00:00 AM,525,198.3,101.1,84.4,141.0,525.0,0.0,0.90,6.2,30.0,8.2,33.9,1,4/4/2025 10:05:47 AM
3/5/2025 7:00:00 AM,3/5/2025 2:00:00 AM,525,215.8,115.8,65.6,128.1,525.6,0.0,0.92,6.2,30.0,5.8,37.1,1,4/4/2025 10:05:47 AM
3/5/2025 8:00:00 AM,3/5/2025 3:00:00 AM,525,215.8,119.5,67.2,122.4,525.0,0.0,0.92,6.2,30.0,5.0,30.0,1,4/4/2025 10:05:47 AM
3/5/2025 9:00:00 AM,3/5/2025 4:00:00 AM,525,197.2,119.5,85.6,122.5,525.0,0.0,0.93,6.2,30.0,4.4,35.1,1,4/4/2025 10:05:47 AM
3/5/2025 10:00:00 AM,3/5/2025 5:00:00 AM,800,286.1,149.7,138.1,225.8,800.0,0.0,0.89,6.2,30.0,5.0,22.8,1,4/4/2025 10:05:47 AM
3/5/2025 11:00:00 AM,3/5/2025 6:00:00 AM,800,305.5,175.7,115.8,202.9,800.0,0.0,0.88,6.2,30.0,8.8,35.6,1,4/4/2025 10:05:47 AM
3/5/2025 12:00:00 PM,3/5/2025 7:00:00 AM,800,296.0,257.6,132.0,114.3,800.0,0.0,0.86,6.2,30.0,5.8,27.8,1,4/4/2025 10:05:47 AM
3/5/2025 1:00:00 PM,3/5/2025 8:00:00 AM,525,196.0,214.2,85.2,29.7,525.0,0.0,0.91,6.2,30.0,7.7,34.8,1,4/4/2025 10:05:47 AM
3/5/2025 2:00:00 PM,3/5/2025 9:00:00 AM,525,191.8,115.6,91.5,125.7,525.0,0.0,0.93,6.2,30.0,9.2,35.0,1,4/4/2025 10:05:47 AM
3/5/2025 3:00:00 PM,3/5/2025 10:00:00 AM,525,199.8,115.6,83.6,126.0,525.0,0.0,0.90,6.2,30.0,9.2,34.8,1,4/4/2025 10:05:47 AM
3/5/2025 4:00:00 PM,3/5/2025 11:00:00 AM,525,199.8,113.7,83.6,127.9,525.0,0.0,0.93,6.2,30.0,7.5,33.1,1,4/4/2025 10:05:47 AM
3/5/2025 5:00:00 PM,3/5/2025 12:00:00 PM,525,198.4,113.7,86.0,126.9,525.0,0.0,0.91,6.2,30.0,5.5,26.8,1,4/4/2025 10:05:47 AM
3/5/2025 6:00:00 PM,3/5/2025 1:00:00 PM,525,198.4,97.9,85.9,142.5,525.0,0.0,0.91,6.2,30.0,6.3,15.3,1,4/4/2025 10:05:47 AM
3/5/2025 7:00:00 PM,3/5/2025 2:00:00 PM,525,198.1,97.9,82.8,146.2,525.0,0.0,0.94,6.2,30.0,8.2,34.5,1,4/4/2025 10:05:47 AM
3/5/2025 8:00:00 PM,3/5/2025 3:00:00 PM,525,198.1,85.1,85.2,156.3,525.0,0.0,0.90,6.2,30.0,2.7,27.0,1,4/4/2025 10:05:46 AM
3/5/2025 9:00:00 PM,3/5/2025 4:00:00 PM,525,198.1,85.1,85.2,156.3,525.0,0.0,0.91,6.2,30.0,7.0,28.9,1,4/4/2025 10:05:46 AM
3/5/2025 10:00:00 PM,3/5/2025 5:00:00 PM,800,287.4,85.1,140.0,287.4,800.0,0.0,0.90,6.2,30.0,10.5,28.1,1,4/4/2025 10:05:46 AM
3/5/2025 11:00:00 PM,3/5/2025 6:00:00 PM,800,288.0,123.6,140.2,248.1,800.0,0.0,0.90,6.2,30.0,5.6,32.1,1,4/4/2025 10:05:46 AM
3/6/2025 12:00:00 AM,3/5/2025 7:00:00 PM,800,279.6,123.6,146.7,249.7,800.0,0.0,0.93,6.2,30.0,5.7,29.5,1,4/4/2025 10:05:46 AM
3/6/2025 1:00:00 AM,3/5/2025 8:00:00 PM,800,279.8,144.2,144.6,231.3,800.0,0.0,0.92,6.2,30.0,5.0,28.6,1,4/4/2025 10:05:46 AM
3/6/2025 2:00:00 AM,3/5/2025 9:00:00 PM,800,280.8,136.8,143.7,238.6,800.0,0.0,0.89,6.2,30.0,5.2,25.2,1,4/4/2025 10:05:46 AM
3/6/2025 3:00:00 AM,3/5/2025 10:00:00 PM,800,284.6,134.3,133.1,248.0,800.0,0.0,0.92,6.2,30.0,2.1,33.8,1,4/4/2025 10:05:46 AM
3/6/2025 4:00:00 AM,3/5/2025 11:00:00 PM,800,284.0,134.3,133.0,248.6,800.0,0.0,0.92,6.2,30.0,4.1,36.3,1,4/4/2025 10:05:46 AM
3/6/2025 5:00:00 AM,3/6/2025 12:00:00 AM,525,197.6,129.5,85.5,112.3,525.0,0.0,0.93,6.2,30.0,9.0,41.8,1,4/4/2025 10:05:46 AM
3/6/2025 6:00:00 AM,3/6/2025 1:00:00 AM,525,197.5,129.5,86.2,111.7,525.0,0.0,0.90,6.2,30.0,8.0,40.2,1,4/4/2025 10:05:46 AM
3/6/2025 7:00:00 AM,3/6/2025 2:00:00 AM,525,214.6,129.5,69.3,111.7,525.0,0.0,0.93,6.2,30.0,8.1,39.7,1,4/4/2025 10:05:46 AM
3/6/2025 8:00:00 AM,3/6/2025 3:00:00 AM,525,214.5,129.5,69.8,111.3,525.0,0.0,0.90,6.2,30.0,6.6,43.0,1,4/4/2025 10:05:46 AM
3/6/2025 9:00:00 AM,3/6/2025 4:00:00 AM,525,196.8,125.9,86.9,115.5,525.0,0.0,0.94,6.2,30.0,6.4,41.7,1,4/4/2025 10:05:46 AM
3/6/2025 10:00:00 AM,3/6/2025 5:00:00 AM,800,282.6,133.2,140.6,243.6,800.0,0.0,0.92,6.2,30.0,6.4,33.4,1,4/4/2025 10:05:46 AM
3/6/2025 11:00:00 AM,3/6/2025 6:00:00 AM,800,276.2,51.5,122.3,349.7,800.0,0.0,0.93,6.2,30.0,4.0,27.0,1,4/4/2025 10:05:46 AM
3/6/2025 12:00:00 PM,3/6/2025 7:00:00 AM,800,290.8,133.4,133.2,242.5,800.0,0.0,0.91,6.2,30.0,5.5,33.1,1,4/4/2025 10:05:46 AM
3/6/2025 1:00:00 PM,3/6/2025 8:00:00 AM,525,195.4,133.4,85.9,110.0,525.0,0.0,0.95,6.2,30.0,1.9,30.6,1,4/4/2025 10:05:46 AM
3/6/2025 2:00:00 PM,3/6/2025 9:00:00 AM,525,221.6,101.4,63.3,138.4,525.0,0.0,0.91,6.2,30.0,7.8,27.6,1,4/4/2025 10:05:46 AM
3/6/2025 3:00:00 PM,3/6/2025 10:00:00 AM,525,230.5,103.7,54.1,136.8,525.0,0.0,0.87,6.2,30.0,2.0,35.2,1,4/4/2025 10:05:46 AM
3/6/2025 4:00:00 PM,3/6/2025 11:00:00 AM,525,230.5,87.2,54.2,153.2,525.0,0.0,0.91,6.2,30.0,3.0,29.8,1,4/4/2025 10:05:46 AM
3/6/2025 5:00:00 PM,3/6/2025 12:00:00 PM,525,247.0,96.4,36.8,145.1,525.0,0.0,0.90,6.2,30.0,8.5,38.8,1,4/4/2025 10:05:46 AM
3/6/2025 6:00:00 PM,3/6/2025 1:00:00 PM,525,246.9,98.2,36.8,143.5,525.0,0.0,0.91,6.2,30.0,7.4,29.5,1,4/4/2025 10:05:46 AM
3/6/2025 7:00:00 PM,3/6/2025 2:00:00 PM,525,247.1,98.2,36.6,143.2,525.0,0.0,0.90,6.2,30.0,5.8,29.5,1,4/4/2025 10:05:46 AM
3/6/2025 8:00:00 PM,3/6/2025 3:00:00 PM,525,247.0,109.3,36.7,132.2,525.0,0.0,0.90,6.2,30.0,9.0,27.4,1,4/4/2025 10:05:46 AM
3/6/2025 9:00:00 PM,3/6/2025 4:00:00 PM,525,216.9,109.3,67.4,131.7,525.0,0.0,0.89,6.2,30.0,5.6,16.3,1,4/4/2025 10:05:46 AM
3/6/2025 10:00:00 PM,3/6/2025 5:00:00 PM,800,302.0,110.4,120.6,266.7,800.0,0.0,0.90,6.2,30.0,6.0,27.3,1,4/4/2025 10:05:46 AM
3/6/2025 11:00:00 PM,3/6/2025 6:00:00 PM,800,312.5,133.2,93.8,260.2,800.0,0.0,0.92,6.2,30.0,6.3,24.0,1,4/4/2025 10:05:46 AM
3/7/2025 12:00:00 AM,3/6/2025 7:00:00 PM,800,285.3,133.2,135.5,245.8,800.0,0.0,0.88,6.2,30.0,5.5,35.2,1,4/4/2025 10:05:46 AM
3/7/2025 1:00:00 AM,3/6/2025 8:00:00 PM,800,285.5,51.3,132.9,330.1,800.0,0.0,0.90,6.2,30.0,4.7,29.2,1,4/4/2025 10:05:46 AM
3/7/2025 2:00:00 AM,3/6/2025 9:00:00 PM,800,286.6,51.3,130.8,330.9,800.0,0.0,0.90,6.2,30.0,5.5,31.3,1,4/4/2025 10:05:46 AM
3/7/2025 3:00:00 AM,3/6/2025 10:00:00 PM,800,290.2,51.3,128.1,330.4,800.0,0.0,0.92,6.2,30.0,3.9,34.0,1,4/4/2025 10:05:46 AM
3/7/2025 4:00:00 AM,3/6/2025 11:00:00 PM,800,289.7,51.3,128.0,331.1,800.0,0.0,0.90,6.2,30.0,5.0,30.0,1,4/4/2025 10:05:46 AM
3/7/2025 5:00:00 AM,3/7/2025 12:00:00 AM,525,198.0,111.2,84.9,130.5,525.0,0.0,0.90,6.2,30.1,10.1,35.0,1,4/4/2025 10:05:46 AM
3/7/2025 6:00:00 AM,3/7/2025 1:00:00 AM,525,197.9,102.0,84.9,139.8,525.0,0.0,0.90,6.2,30.1,8.6,34.1,1,4/4/2025 10:05:46 AM
3/7/2025 7:00:00 AM,3/7/2025 2:00:00 AM,525,215.9,92.8,67.3,148.8,525.0,0.0,0.89,6.2,30.1,6.2,28.5,1,4/4/2025 10:05:46 AM
3/7/2025 8:00:00 AM,3/7/2025 3:00:00 AM,525,216.0,83.6,67.6,157.7,525.0,0.0,0.88,6.2,30.1,7.8,37.2,1,4/4/2025 10:05:46 AM
3/7/2025 9:00:00 AM,3/7/2025 4:00:00 AM,525,197.5,83.6,83.4,160.2,525.0,0.0,0.88,6.2,30.1,3.5,19.7,1,4/4/2025 10:05:46 AM
3/7/2025 10:00:00 AM,3/7/2025 5:00:00 AM,800,288.2,33.3,134.8,343.5,800.0,0.0,0.87,6.2,30.1,2.8,21.9,1,4/4/2025 10:05:46 AM
3/7/2025 11:00:00 AM,3/7/2025 6:00:00 AM,800,284.9,111.6,138.7,264.6,800.0,0.0,0.88,6.2,30.1,2.1,21.3,1,4/4/2025 10:05:46 AM
3/7/2025 12:00:00 PM,3/7/2025 7:00:00 AM,800,296.7,111.6,129.2,262.6,800.0,0.0,0.84,6.2,30.1,1.8,19.7,1,4/4/2025 10:05:46 AM
3/7/2025 1:00:00 PM,3/7/2025 8:00:00 AM,525,245.1,29.7,38.8,211.1,525.0,0.0,0.90,6.2,30.1,10.9,27.4,1,4/4/2025 10:05:46 AM
3/7/2025 2:00:00 PM,3/7/2025 9:00:00 AM,525,192.2,88.9,91.6,152.3,525.0,0.0,0.88,6.2,30.1,6.9,29.7,1,4/4/2025 10:05:46 AM
3/7/2025 3:00:00 PM,3/7/2025 10:00:00 AM,525,199.2,88.9,86.2,150.8,525.0,0.0,0.90,6.2,30.1,14.2,26.8,1,4/4/2025 10:05:46 AM
3/7/2025 4:00:00 PM,3/7/2025 11:00:00 AM,525,197.8,113.5,87.3,126.3,525.0,0.0,0.91,6.2,30.1,6.9,36.3,1,4/4/2025 10:05:46 AM
3/7/2025 5:00:00 PM,3/7/2025 12:00:00 PM,525,195.4,102.5,89.0,137.9,525.0,0.0,0.92,6.2,30.1,9.8,28.4,1,4/4/2025 10:05:46 AM
3/7/2025 6:00:00 PM,3/7/2025 1:00:00 PM,525,190.0,102.5,94.7,137.8,525.0,0.0,0.89,6.2,30.1,7.3,22.0,1,4/4/2025 10:05:46 AM
3/7/2025 7:00:00 PM,3/7/2025 2:00:00 PM,525,190.6,102.5,93.8,138.3,525.0,0.0,0.91,6.2,30.1,8.2,35.0,1,4/4/2025 10:05:46 AM
3/7/2025 8:00:00 PM,3/7/2025 3:00:00 PM,525,190.6,102.5,93.9,138.1,525.0,0.0,0.92,6.2,30.1,6.4,41.5,1,4/4/2025 10:05:46 AM
3/7/2025 9:00:00 PM,3/7/2025 4:00:00 PM,525,224.4,18.6,57.8,224.4,525.0,0.0,0.88,6.2,30.1,7.3,32.9,1,4/4/2025 10:05:46 AM
3/7/2025 10:00:00 PM,3/7/2025 5:00:00 PM,800,306.9,18.6,112.2,362.0,800.0,0.0,0.90,6.2,30.1,4.6,35.3,1,4/4/2025 10:05:46 AM
3/7/2025 11:00:00 PM,3/7/2025 6:00:00 PM,800,307.2,100.5,111.3,280.8,800.0,0.0,0.91,6.2,30.1,5.7,36.2,1,4/4/2025 10:05:46 AM
3/8/2025 12:00:00 AM,3/7/2025 7:00:00 PM,800,265.3,100.5,151.7,282.6,800.0,0.0,0.90,6.2,30.1,5.8,28.4,1,4/4/2025 10:05:46 AM
3/8/2025 1:00:00 AM,3/7/2025 8:00:00 PM,800,265.5,18.6,152.9,363.2,800.0,0.0,0.92,6.2,30.1,4.8,34.7,1,4/4/2025 10:05:46 AM
3/8/2025 2:00:00 AM,3/7/2025 9:00:00 PM,800,266.4,77.9,156.1,299.6,800.0,0.0,0.90,6.2,30.1,2.6,31.9,1,4/4/2025 10:05:46 AM
3/8/2025 3:00:00 AM,3/7/2025 10:00:00 PM,800,269.7,85.7,151.0,293.6,800.0,0.0,0.90,6.2,30.1,4.1,24.1,1,4/4/2025 10:05:46 AM
3/8/2025 4:00:00 AM,3/7/2025 11:00:00 PM,800,288.5,85.7,116.3,309.7,800.0,0.0,0.89,6.2,30.1,4.3,33.3,1,4/4/2025 10:05:46 AM
3/8/2025 5:00:00 AM,3/8/2025 12:00:00 AM,525,220.8,61.0,62.9,180.2,525.0,0.0,0.87,6.2,30.2,12.1,29.5,1,4/4/2025 10:05:46 AM
3/8/2025 6:00:00 AM,3/8/2025 1:00:00 AM,525,191.2,61.0,91.9,180.8,525.0,0.0,0.91,6.2,30.2,9.0,33.1,1,4/4/2025 10:05:46 AM
3/8/2025 7:00:00 AM,3/8/2025 2:00:00 AM,525,210.1,68.9,73.1,173.2,525.0,0.0,0.87,6.2,30.2,9.0,33.9,1,4/4/2025 10:05:46 AM
3/8/2025 8:00:00 AM,3/8/2025 3:00:00 AM,525,210.2,70.5,73.8,170.5,525.0,0.0,0.89,6.2,30.2,7.5,32.5,1,4/4/2025 10:05:46 AM
3/8/2025 9:00:00 AM,3/8/2025 4:00:00 AM,525,190.5,70.5,93.1,170.8,525.0,0.0,0.90,6.2,30.2,8.2,34.0,1,4/4/2025 10:05:46 AM
3/8/2025 10:00:00 AM,3/8/2025 5:00:00 AM,800,268.1,70.5,144.5,317.0,800.0,0.0,0.91,6.2,30.2,8.6,31.1,1,4/4/2025 10:05:46 AM
3/8/2025 11:00:00 AM,3/8/2025 6:00:00 AM,800,265.0,5.1,148.5,381.4,800.0,0.0,0.93,6.2,30.2,5.7,41.5,1,4/4/2025 10:05:46 AM
3/8/2025 12:00:00 PM,3/8/2025 7:00:00 AM,800,274.7,5.1,135.3,385.0,800.0,0.0,0.91,6.2,30.2,3.5,27.7,1,4/4/2025 10:05:46 AM
3/8/2025 1:00:00 PM,3/8/2025 8:00:00 AM,525,189.4,64.3,94.4,176.9,525.0,0.0,0.94,6.2,30.2,7.8,40.7,1,4/4/2025 10:05:46 AM
3/8/2025 2:00:00 PM,3/8/2025 9:00:00 AM,525,185.4,69.9,98.3,171.5,525.0,0.0,0.91,6.2,30.2,6.5,36.9,1,4/4/2025 10:05:46 AM
3/8/2025 3:00:00 PM,3/8/2025 10:00:00 AM,525,189.5,69.9,90.9,174.6,525.0,0.0,0.89,6.2,30.2,8.0,35.8,1,4/4/2025 10:05:46 AM
3/8/2025 4:00:00 PM,3/8/2025 11:00:00 AM,525,189.5,69.9,90.9,174.5,525.0,0.0,0.90,6.2,30.2,5.6,32.9,1,4/4/2025 10:05:46 AM
3/8/2025 5:00:00 PM,3/8/2025 12:00:00 PM,525,189.5,69.9,93.1,172.4,525.0,0.0,0.90,6.2,30.2,5.2,29.2,1,4/4/2025 10:05:46 AM
3/8/2025 6:00:00 PM,3/8/2025 1:00:00 PM,525,189.5,69.9,93.1,172.4,525.0,0.0,0.90,6.2,30.2,4.4,31.5,1,4/4/2025 10:05:46 AM
3/8/2025 7:00:00 PM,3/8/2025 2:00:00 PM,525,189.5,134.3,93.1,107.9,525.0,0.0,0.89,6.2,30.2,8.5,31.1,1,4/4/2025 10:05:46 AM
3/8/2025 8:00:00 PM,3/8/2025 3:00:00 PM,525,189.5,134.3,93.1,108.1,525.0,0.0,0.90,6.2,30.2,7.9,31.1,1,4/4/2025 10:05:46 AM
3/8/2025 9:00:00 PM,3/8/2025 4:00:00 PM,525,189.5,73.0,93.1,169.2,525.0,0.0,0.88,6.2,30.2,8.1,41.8,1,4/4/2025 10:05:46 AM
3/8/2025 10:00:00 PM,3/8/2025 5:00:00 PM,800,280.2,76.5,143.3,300.0,800.0,0.0,0.88,6.2,30.2,9.1,33.0,1,4/4/2025 10:05:46 AM
3/8/2025 11:00:00 PM,3/8/2025 6:00:00 PM,800,280.2,8.6,143.8,367.3,800.0,0.0,0.90,6.2,30.2,6.8,39.0,1,4/4/2025 10:05:46 AM
3/9/2025 12:00:00 AM,3/8/2025 7:00:00 PM,800,280.2,66.7,144.9,308.1,800.0,0.0,0.92,6.2,30.2,2.4,27.1,1,4/4/2025 10:05:46 AM
3/9/2025 1:00:00 AM,3/8/2025 8:00:00 PM,800,274.8,66.7,156.1,302.4,800.0,0.0,0.92,6.2,30.2,3.6,30.8,1,4/4/2025 10:05:46 AM
3/9/2025 2:00:00 AM,3/8/2025 9:00:00 PM,800,274.8,12.1,156.1,356.8,800.0,0.0,0.91,6.2,30.2,4.6,34.1,1,4/4/2025 10:05:46 AM
3/9/2025 3:00:00 AM,3/8/2025 10:00:00 PM,800,278.3,12.1,148.8,361.1,800.0,0.0,0.89,6.2,30.2,3.9,26.4,1,4/4/2025 10:05:46 AM
3/9/2025 4:00:00 AM,3/8/2025 11:00:00 PM,800,278.3,79.1,151.4,291.6,800.0,0.0,0.90,6.2,30.2,5.8,27.3,1,4/4/2025 10:05:46 AM
3/9/2025 5:00:00 AM,3/9/2025 12:00:00 AM,525,192.8,75.5,89.7,167.3,525.0,0.0,0.90,6.2,30.3,8.4,32.1,1,4/4/2025 10:05:46 AM
3/9/2025 6:00:00 AM,3/9/2025 1:00:00 AM,525,192.8,75.5,89.7,167.4,525.0,0.0,0.89,6.2,30.3,4.8,32.9,1,4/4/2025 10:05:46 AM
3/9/2025 7:00:00 AM,3/9/2025 3:00:00 AM,525,213.0,75.5,69.7,167.0,525.0,0.0,0.91,6.2,30.3,10.2,39.1,1,4/4/2025 10:05:46 AM
3/9/2025 8:00:00 AM,3/9/2025 4:00:00 AM,525,206.3,8.6,76.3,233.9,525.0,0.0,0.93,6.2,30.3,6.5,34.9,1,4/4/2025 10:05:46 AM
3/9/2025 9:00:00 AM,3/9/2025 5:00:00 AM,800,278.3,8.6,145.1,368.3,800.0,0.0,0.91,6.2,30.3,5.9,27.0,1,4/4/2025 10:05:46 AM
3/9/2025 10:00:00 AM,3/9/2025 6:00:00 AM,800,275.2,8.6,149.6,366.6,800.0,0.0,0.91,6.2,30.3,7.0,31.9,1,4/4/2025 10:05:46 AM
3/9/2025 11:00:00 AM,3/9/2025 7:00:00 AM,800,285.1,8.6,136.9,369.3,800.0,0.0,0.88,6.2,30.3,4.6,23.9,1,4/4/2025 10:05:46 AM
3/9/2025 12:00:00 PM,3/9/2025 8:00:00 AM,525,183.7,150.8,98.8,92.0,525.0,0.0,0.89,6.2,30.3,2.9,20.6,1,4/4/2025 10:05:46 AM
3/9/2025 1:00:00 PM,3/9/2025 9:00:00 AM,525,179.8,138.3,100.9,106.0,525.0,0.0,0.85,6.2,30.3,6.0,22.3,1,4/4/2025 10:05:46 AM
3/9/2025 2:00:00 PM,3/9/2025 10:00:00 AM,525,179.8,138.3,100.9,106.0,525.0,0.0,0.87,6.2,30.3,8.9,26.0,1,4/4/2025 10:05:46 AM
3/9/2025 3:00:00 PM,3/9/2025 11:00:00 AM,525,199.1,138.3,83.5,104.2,525.0,0.0,0.92,6.2,30.3,9.5,30.0,1,4/4/2025 10:05:46 AM
3/9/2025 4:00:00 PM,3/9/2025 12:00:00 PM,525,187.6,138.3,94.9,104.4,525.0,0.0,0.91,6.2,30.3,6.1,34.3,1,4/4/2025 10:05:46 AM
3/9/2025 5:00:00 PM,3/9/2025 1:00:00 PM,525,179.8,95.9,100.9,148.5,525.0,0.0,0.90,6.2,30.3,9.2,38.8,1,4/4/2025 10:05:46 AM
3/9/2025 6:00:00 PM,3/9/2025 2:00:00 PM,525,179.8,92.5,100.9,151.9,525.0,0.0,0.89,6.2,30.3,5.0,38.6,1,4/4/2025 10:05:46 AM
3/9/2025 7:00:00 PM,3/9/2025 3:00:00 PM,525,179.8,92.5,100.9,151.8,525.0,0.0,0.88,6.2,30.3,7.1,33.4,1,4/4/2025 10:05:46 AM
3/9/2025 8:00:00 PM,3/9/2025 4:00:00 PM,525,179.8,92.5,100.9,151.9,525.0,0.0,0.91,6.2,30.3,7.9,33.4,1,4/4/2025 10:05:46 AM
3/9/2025 9:00:00 PM,3/9/2025 5:00:00 PM,800,276.1,92.5,152.3,279.3,800.0,0.0,0.88,6.2,30.3,8.4,30.1,1,4/4/2025 10:05:46 AM
3/9/2025 10:00:00 PM,3/9/2025 6:00:00 PM,800,276.1,92.5,152.1,279.3,800.0,0.0,0.90,6.2,30.3,9.2,30.0,1,4/4/2025 10:05:46 AM
3/9/2025 11:00:00 PM,3/9/2025 7:00:00 PM,800,276.1,8.6,151.8,363.7,800.0,0.0,0.88,6.2,30.3,6.0,24.4,1,4/4/2025 10:05:46 AM
3/10/2025 12:00:00 AM,3/9/2025 8:00:00 PM,800,275.9,63.2,156.8,304.2,800.0,0.0,0.90,6.2,30.3,4.0,28.4,1,4/4/2025 10:05:46 AM
3/10/2025 1:00:00 AM,3/9/2025 9:00:00 PM,800,275.8,8.6,157.1,358.6,800.0,0.0,0.89,6.2,30.3,1.7,27.6,1,4/4/2025 10:05:46 AM
3/10/2025 2:00:00 AM,3/9/2025 10:00:00 PM,800,279.3,69.6,149.5,301.7,800.0,0.0,0.89,6.2,30.3,6.3,32.3,1,4/4/2025 10:05:46 AM
3/10/2025 3:00:00 AM,3/9/2025 11:00:00 PM,800,279.3,69.6,147.3,304.1,800.0,0.0,0.91,6.2,30.3,6.1,28.1,1,4/4/2025 10:05:46 AM
3/10/2025 4:00:00 AM,3/10/2025 12:00:00 AM,525,192.7,76.4,89.8,166.2,525.0,0.0,0.88,6.2,30.2,9.3,39.6,1,4/4/2025 10:05:46 AM
3/10/2025 5:00:00 AM,3/10/2025 1:00:00 AM,525,192.7,76.4,89.8,166.1,525.0,0.0,0.88,6.2,30.2,9.9,32.0,1,4/4/2025 10:05:46 AM
3/10/2025 6:00:00 AM,3/10/2025 2:00:00 AM,525,212.4,76.4,70.7,165.4,525.0,0.0,0.90,6.2,30.2,6.7,27.1,1,4/4/2025 10:05:46 AM
3/10/2025 7:00:00 AM,3/10/2025 3:00:00 AM,525,212.5,76.4,70.5,165.4,525.0,0.0,0.88,6.2,30.2,8.5,30.3,1,4/4/2025 10:05:46 AM
3/10/2025 8:00:00 AM,3/10/2025 4:00:00 AM,525,183.6,76.4,99.2,165.7,525.0,0.0,0.91,6.2,30.2,7.7,23.0,1,4/4/2025 10:05:46 AM
3/10/2025 9:00:00 AM,3/10/2025 5:00:00 AM,800,274.6,124.6,150.6,250.1,800.0,0.0,0.86,6.2,30.2,4.5,21.9,1,4/4/2025 10:05:46 AM
3/10/2025 10:00:00 AM,3/10/2025 6:00:00 AM,800,271.5,12.1,152.8,363.9,800.0,0.0,0.87,6.2,30.2,6.7,26.1,1,4/4/2025 10:05:46 AM
3/10/2025 11:00:00 AM,3/10/2025 7:00:00 AM,800,281.2,94.0,140.0,285.3,800.0,0.0,0.89,6.2,30.2,5.8,26.8,1,4/4/2025 10:05:46 AM
3/10/2025 12:00:00 PM,3/10/2025 8:00:00 AM,525,180.1,206.5,102.4,35.8,525.0,0.0,0.92,6.2,30.2,5.0,30.5,1,4/4/2025 10:05:46 AM
3/10/2025 1:00:00 PM,3/10/2025 9:00:00 AM,525,175.9,64.3,107.0,177.7,525.0,0.0,0.90,6.2,30.2,9.1,30.0,1,4/4/2025 10:05:46 AM
3/10/2025 2:00:00 PM,3/10/2025 10:00:00 AM,525,184.2,66.5,99.1,175.2,525.0,0.0,0.90,6.2,30.2,7.1,34.6,1,4/4/2025 10:05:46 AM
3/10/2025 3:00:00 PM,3/10/2025 11:00:00 AM,525,237.4,64.0,46.2,177.7,525.0,0.0,0.87,6.2,30.2,8.9,36.5,1,4/4/2025 10:05:46 AM
3/10/2025 4:00:00 PM,3/10/2025 12:00:00 PM,525,189.3,64.0,95.1,176.7,525.0,0.0,0.91,6.2,30.2,9.3,26.5,1,4/4/2025 10:05:46 AM
3/10/2025 5:00:00 PM,3/10/2025 1:00:00 PM,525,189.3,64.0,95.1,176.7,525.0,0.0,0.91,6.2,30.2,8.2,35.7,1,4/4/2025 10:05:46 AM
3/10/2025 6:00:00 PM,3/10/2025 2:00:00 PM,525,189.3,64.0,95.1,176.7,525.0,0.0,0.91,6.2,30.2,5.9,24.9,1,4/4/2025 10:05:46 AM
3/10/2025 7:00:00 PM,3/10/2025 3:00:00 PM,525,189.3,64.0,94.1,177.3,525.0,0.0,0.90,6.2,30.2,10.3,29.0,1,4/4/2025 10:05:46 AM
3/10/2025 8:00:00 PM,3/10/2025 4:00:00 PM,525,189.5,66.5,93.6,175.5,525.0,0.0,0.90,6.2,30.2,7.9,30.5,1,4/4/2025 10:05:46 AM
3/10/2025 9:00:00 PM,3/10/2025 5:00:00 PM,800,279.0,64.3,148.8,307.9,800.0,0.0,0.89,6.2,30.2,7.1,22.5,1,4/4/2025 10:05:46 AM
3/10/2025 10:00:00 PM,3/10/2025 6:00:00 PM,800,278.1,117.1,154.3,250.8,800.0,0.0,0.90,6.2,30.2,5.3,26.5,1,4/4/2025 10:05:46 AM
3/10/2025 11:00:00 PM,3/10/2025 7:00:00 PM,800,276.5,87.0,155.0,281.7,800.0,0.0,0.89,6.2,30.2,6.2,27.9,1,4/4/2025 10:05:46 AM
3/11/2025 12:00:00 AM,3/10/2025 8:00:00 PM,800,276.6,146.8,156.0,220.8,800.0,0.0,0.91,6.2,30.2,3.9,30.4,1,4/4/2025 10:05:46 AM
3/11/2025 1:00:00 AM,3/10/2025 9:00:00 PM,800,276.5,101.6,153.2,268.9,800.0,0.0,0.90,6.2,30.2,3.3,31.3,1,4/4/2025 10:05:46 AM
3/11/2025 2:00:00 AM,3/10/2025 10:00:00 PM,800,281.3,99.2,147.1,272.6,800.0,0.0,0.87,6.2,30.2,4.0,27.3,1,4/4/2025 10:05:46 AM
3/11/2025 3:00:00 AM,3/10/2025 11:00:00 PM,800,280.9,99.2,146.7,273.6,800.0,0.0,0.89,6.2,30.2,7.0,31.6,1,4/4/2025 10:05:46 AM
3/11/2025 4:00:00 AM,3/11/2025 12:00:00 AM,525,188.5,69.3,94.0,173.4,525.0,0.0,0.87,6.2,29.9,9.5,33.6,1,4/4/2025 10:05:46 AM
3/11/2025 5:00:00 AM,3/11/2025 1:00:00 AM,525,188.5,69.3,94.0,173.6,525.0,0.0,0.87,6.2,29.9,11.1,38.8,1,4/4/2025 10:05:46 AM
3/11/2025 6:00:00 AM,3/11/2025 2:00:00 AM,525,208.4,68.4,74.0,173.9,525.0,0.0,0.89,6.2,29.9,9.5,38.2,1,4/4/2025 10:05:46 AM
3/11/2025 7:00:00 AM,3/11/2025 3:00:00 AM,525,208.7,68.4,73.8,174.0,525.0,0.0,0.91,6.2,29.9,7.0,31.5,1,4/4/2025 10:05:46 AM
3/11/2025 8:00:00 AM,3/11/2025 4:00:00 AM,525,179.4,68.4,102.9,174.5,525.0,0.0,0.90,6.2,29.9,10.2,37.7,1,4/4/2025 10:05:46 AM
3/11/2025 9:00:00 AM,3/11/2025 5:00:00 AM,800,273.7,104.7,153.4,268.2,800.0,0.0,0.90,6.2,29.9,7.4,29.5,1,4/4/2025 10:05:46 AM
3/11/2025 10:00:00 AM,3/11/2025 6:00:00 AM,800,269.5,5.1,157.9,367.6,800.0,0.0,0.90,6.2,29.9,6.6,26.0,1,4/4/2025 10:05:46 AM
3/11/2025 11:00:00 AM,3/11/2025 7:00:00 AM,800,279.0,87.0,146.5,287.7,800.0,0.0,0.89,6.2,29.9,5.6,32.4,1,4/4/2025 10:05:46 AM
3/11/2025 12:00:00 PM,3/11/2025 8:00:00 AM,525,176.4,5.1,106.0,237.5,525.0,0.0,0.93,6.2,29.9,5.5,27.5,1,4/4/2025 10:05:46 AM
3/11/2025 1:00:00 PM,3/11/2025 9:00:00 AM,525,210.4,64.2,73.6,177.1,525.0,0.0,0.92,6.2,29.9,5.3,31.1,1,4/4/2025 10:05:46 AM
3/11/2025 2:00:00 PM,3/11/2025 10:00:00 AM,525,217.7,112.7,66.1,128.7,525.0,0.0,0.86,6.2,29.9,7.0,22.7,1,4/4/2025 10:05:46 AM
3/11/2025 3:00:00 PM,3/11/2025 11:00:00 AM,525,216.0,109.5,68.0,131.5,525.0,0.0,0.92,6.2,29.9,9.6,29.1,1,4/4/2025 10:05:46 AM
3/11/2025 4:00:00 PM,3/11/2025 12:00:00 PM,525,216.6,112.7,67.5,128.1,525.0,0.0,0.93,6.2,29.9,10.7,31.9,1,4/4/2025 10:05:46 AM
3/11/2025 5:00:00 PM,3/11/2025 1:00:00 PM,525,216.6,112.7,67.4,128.3,525.0,0.0,0.92,6.2,29.9,6.2,36.5,1,4/4/2025 10:05:46 AM
3/11/2025 6:00:00 PM,3/11/2025 2:00:00 PM,525,186.5,112.7,97.6,128.5,525.0,0.0,0.92,6.2,29.9,7.7,32.2,1,4/4/2025 10:05:46 AM
3/11/2025 7:00:00 PM,3/11/2025 3:00:00 PM,525,186.5,112.7,97.6,128.5,525.0,0.0,0.90,6.2,29.9,8.2,36.7,1,4/4/2025 10:05:46 AM
3/11/2025 8:00:00 PM,3/11/2025 4:00:00 PM,525,186.5,123.2,96.6,118.7,525.0,0.0,0.90,6.2,29.9,8.2,35.5,1,4/4/2025 10:05:46 AM
3/11/2025 9:00:00 PM,3/11/2025 5:00:00 PM,800,274.9,115.1,150.1,259.5,800.0,0.0,0.89,6.2,29.9,6.6,34.5,1,4/4/2025 10:05:46 AM
3/11/2025 10:00:00 PM,3/11/2025 6:00:00 PM,800,275.3,15.6,152.3,356.5,800.0,0.0,0.85,6.2,29.9,7.4,34.0,1,4/4/2025 10:05:46 AM
3/11/2025 11:00:00 PM,3/11/2025 7:00:00 PM,800,269.8,97.5,157.7,274.9,800.0,0.0,0.90,6.2,29.9,6.0,29.5,1,4/4/2025 10:05:46 AM
3/12/2025 12:00:00 AM,3/11/2025 8:00:00 PM,800,270.0,97.5,161.1,271.4,800.0,0.0,0.90,6.2,29.9,4.2,23.3,1,4/4/2025 10:05:46 AM
3/12/2025 1:00:00 AM,3/11/2025 9:00:00 PM,800,268.2,82.1,162.7,286.8,800.0,0.0,0.89,6.2,29.9,8.0,24.7,1,4/4/2025 10:05:46 AM
3/12/2025 2:00:00 AM,3/11/2025 10:00:00 PM,800,273.2,111.8,150.9,264.3,800.0,0.0,0.87,6.2,29.9,5.3,32.5,1,4/4/2025 10:05:46 AM
3/12/2025 3:00:00 AM,3/11/2025 11:00:00 PM,800,272.4,111.8,153.2,262.9,800.0,0.0,0.89,6.2,29.9,5.8,31.9,1,4/4/2025 10:05:46 AM
3/12/2025 4:00:00 AM,3/12/2025 12:00:00 AM,525,187.9,99.2,94.3,143.5,525.0,0.0,0.88,6.2,29.9,9.9,26.4,1,4/4/2025 10:05:46 AM
3/12/2025 5:00:00 AM,3/12/2025 1:00:00 AM,525,187.8,99.2,94.3,143.5,525.0,0.0,0.90,6.2,29.9,5.2,32.0,1,4/4/2025 10:05:46 AM
3/12/2025 6:00:00 AM,3/12/2025 2:00:00 AM,525,211.0,99.2,71.2,143.4,525.0,0.0,0.89,6.2,29.9,4.9,33.8,1,4/4/2025 10:05:46 AM
3/12/2025 7:00:00 AM,3/12/2025 3:00:00 AM,525,211.0,99.2,72.0,142.7,525.0,0.0,0.89,6.2,29.9,6.2,24.2,1,4/4/2025 10:05:46 AM
3/12/2025 8:00:00 AM,3/12/2025 4:00:00 AM,525,181.6,99.2,101.6,142.5,525.0,0.0,0.89,6.2,29.9,9.8,20.6,1,4/4/2025 10:05:46 AM
3/12/2025 9:00:00 AM,3/12/2025 5:00:00 AM,800,274.8,218.4,136.2,170.2,800.0,0.0,0.89,6.2,29.9,5.0,27.8,1,4/4/2025 10:05:46 AM
3/12/2025 10:00:00 AM,3/12/2025 6:00:00 AM,800,271.8,112.3,148.2,267.4,800.0,0.0,0.89,6.2,29.9,6.3,28.6,1,4/4/2025 10:05:46 AM
3/12/2025 11:00:00 AM,3/12/2025 7:00:00 AM,800,281.4,112.3,136.5,269.5,800.0,0.0,0.92,6.2,29.9,5.6,28.3,1,4/4/2025 10:05:46 AM
3/12/2025 12:00:00 PM,3/12/2025 8:00:00 AM,525,178.7,143.0,105.2,98.2,525.0,0.0,0.93,6.2,29.9,8.7,24.4,1,4/4/2025 10:05:46 AM
3/12/2025 1:00:00 PM,3/12/2025 9:00:00 AM,525,182.3,100.3,101.9,140.2,525.0,0.0,0.91,6.2,29.9,6.4,27.8,1,4/4/2025 10:05:46 AM
3/12/2025 2:00:00 PM,3/12/2025 10:00:00 AM,525,187.5,91.6,95.4,150.2,525.0,0.0,0.91,6.2,29.9,10.1,35.2,1,4/4/2025 10:05:46 AM
3/12/2025 3:00:00 PM,3/12/2025 11:00:00 AM,525,193.4,30.4,89.7,211.4,525.0,0.0,0.90,6.2,29.9,7.8,29.1,1,4/4/2025 10:05:46 AM
3/12/2025 4:00:00 PM,3/12/2025 12:00:00 PM,525,193.4,30.4,89.7,211.4,525.0,0.0,0.90,6.2,29.9,7.2,34.2,1,4/4/2025 10:05:46 AM
3/12/2025 5:00:00 PM,3/12/2025 1:00:00 PM,525,187.5,30.4,96.3,210.7,525.0,0.0,0.92,6.2,29.9,5.5,23.0,1,4/4/2025 10:05:46 AM
3/12/2025 6:00:00 PM,3/12/2025 2:00:00 PM,525,219.1,30.4,64.4,211.0,525.0,0.0,0.88,6.2,29.9,7.8,27.2,1,4/4/2025 10:05:46 AM
3/12/2025 7:00:00 PM,3/12/2025 3:00:00 PM,525,217.0,30.4,66.4,210.9,525.0,0.0,0.90,6.2,29.9,4.1,37.9,1,4/4/2025 10:05:46 AM
3/12/2025 8:00:00 PM,3/12/2025 4:00:00 PM,525,187.0,70.5,96.3,170.9,525.0,0.0,0.89,6.2,29.9,8.1,32.7,1,4/4/2025 10:05:46 AM
3/12/2025 9:00:00 PM,3/12/2025 5:00:00 PM,800,277.6,70.5,146.5,305.4,800.0,0.0,0.90,6.2,29.9,6.5,31.5,1,4/4/2025 10:05:46 AM
3/12/2025 10:00:00 PM,3/12/2025 6:00:00 PM,800,277.6,30.4,147.0,345.2,800.0,0.0,0.88,6.2,29.9,5.5,31.0,1,4/4/2025 10:05:46 AM
3/12/2025 11:00:00 PM,3/12/2025 7:00:00 PM,800,271.7,112.3,152.1,263.9,800.0,0.0,0.89,6.2,29.9,4.2,25.5,1,4/4/2025 10:05:46 AM
3/13/2025 12:00:00 AM,3/12/2025 8:00:00 PM,800,270.9,112.3,147.7,269.1,800.0,0.0,0.93,6.2,29.9,1.7,27.2,1,4/4/2025 10:05:46 AM
3/13/2025 1:00:00 AM,3/12/2025 9:00:00 PM,800,270.3,90.1,148.4,291.3,800.0,0.0,0.92,6.2,29.9,3.6,34.8,1,4/4/2025 10:05:46 AM
3/13/2025 2:00:00 AM,3/12/2025 10:00:00 PM,800,273.5,93.8,142.1,290.6,800.0,0.0,0.92,6.2,29.9,4.0,26.6,1,4/4/2025 10:05:46 AM
3/13/2025 3:00:00 AM,3/12/2025 11:00:00 PM,800,273.6,93.8,137.9,294.7,800.0,0.0,0.92,6.2,29.9,5.6,25.9,1,4/4/2025 10:05:46 AM
3/13/2025 4:00:00 AM,3/13/2025 12:00:00 AM,525,193.7,99.4,89.7,142.4,525.0,0.0,0.91,6.2,29.9,9.8,31.0,1,4/4/2025 10:05:46 AM
3/13/2025 5:00:00 AM,3/13/2025 1:00:00 AM,525,193.7,99.4,89.7,142.5,525.0,0.0,0.91,6.2,29.9,9.0,39.4,1,4/4/2025 10:05:46 AM
3/13/2025 6:00:00 AM,3/13/2025 2:00:00 AM,525,213.2,99.4,69.4,142.8,525.0,0.0,0.93,6.2,29.9,4.1,30.1,1,4/4/2025 10:05:46 AM
3/13/2025 7:00:00 AM,3/13/2025 3:00:00 AM,525,213.7,99.4,69.3,142.6,525.0,0.0,0.91,6.2,29.9,7.1,25.5,1,4/4/2025 10:05:46 AM
3/13/2025 8:00:00 AM,3/13/2025 4:00:00 AM,525,185.1,99.4,97.9,142.5,525.0,0.0,0.92,6.2,29.9,7.1,32.1,1,4/4/2025 10:05:46 AM
3/13/2025 9:00:00 AM,3/13/2025 5:00:00 AM,800,272.6,255.6,145.8,126.2,800.0,0.0,0.90,6.2,29.9,6.6,34.9,1,4/4/2025 10:05:46 AM
3/13/2025 10:00:00 AM,3/13/2025 6:00:00 AM,800,269.5,123.0,153.2,254.3,800.0,0.0,0.90,6.2,29.9,6.7,33.0,1,4/4/2025 10:05:46 AM
3/13/2025 11:00:00 AM,3/13/2025 7:00:00 AM,800,279.0,123.0,145.0,253.0,800.0,0.0,0.91,6.2,29.9,7.0,30.9,1,4/4/2025 10:05:46 AM
3/13/2025 12:00:00 PM,3/13/2025 8:00:00 AM,525,181.5,280.7,65.1,0.0,527.1,0.0,0.95,6.2,29.9,6.0,30.3,1,4/4/2025 10:05:46 AM
3/13/2025 1:00:00 PM,3/13/2025 9:00:00 AM,525,177.6,41.1,106.3,200.3,525.0,0.0,0.90,6.2,29.9,9.4,32.9,1,4/4/2025 10:05:46 AM
3/13/2025 2:00:00 PM,3/13/2025 10:00:00 AM,525,185.4,41.1,98.0,200.5,525.0,0.0,0.95,6.2,29.9,2.1,36.5,1,4/4/2025 10:05:46 AM
3/13/2025 3:00:00 PM,3/13/2025 11:00:00 AM,525,178.1,110.9,105.0,131.0,525.0,0.0,0.92,6.2,29.9,5.4,19.3,1,4/4/2025 10:05:46 AM
3/13/2025 4:00:00 PM,3/13/2025 12:00:00 PM,525,178.2,106.6,104.7,135.5,525.0,0.0,0.92,6.2,29.9,3.1,30.8,1,4/4/2025 10:05:46 AM
3/13/2025 5:00:00 PM,3/13/2025 1:00:00 PM,525,178.2,106.6,104.7,135.6,525.0,0.0,0.91,6.2,29.9,6.4,33.0,1,4/4/2025 10:05:46 AM
3/13/2025 6:00:00 PM,3/13/2025 2:00:00 PM,525,216.1,108.4,67.9,132.8,525.0,0.0,0.89,6.2,29.9,8.1,25.1,1,4/4/2025 10:05:46 AM
3/13/2025 7:00:00 PM,3/13/2025 3:00:00 PM,525,216.1,108.4,67.9,132.9,525.0,0.0,0.92,6.2,29.9,6.0,32.5,1,4/4/2025 10:05:46 AM
3/13/2025 8:00:00 PM,3/13/2025 4:00:00 PM,525,237.7,110.9,45.2,131.2,525.0,0.0,0.91,6.2,29.9,8.2,34.8,1,4/4/2025 10:05:46 AM
3/13/2025 9:00:00 PM,3/13/2025 5:00:00 PM,800,271.8,110.9,156.7,260.5,800.0,0.0,0.90,6.2,29.9,8.1,26.8,1,4/4/2025 10:05:46 AM
3/13/2025 10:00:00 PM,3/13/2025 6:00:00 PM,800,273.4,41.1,156.6,329.0,800.0,0.0,0.92,6.2,29.9,5.2,22.2,1,4/4/2025 10:05:46 AM
3/13/2025 11:00:00 PM,3/13/2025 7:00:00 PM,800,268.4,123.0,164.1,244.6,800.0,0.0,0.92,6.2,29.9,2.2,25.5,1,4/4/2025 10:05:46 AM
3/14/2025 12:00:00 AM,3/13/2025 8:00:00 PM,800,268.7,123.0,164.4,244.0,800.0,0.0,0.92,6.2,29.9,8.6,27.9,1,4/4/2025 10:05:46 AM
3/14/2025 1:00:00 AM,3/13/2025 9:00:00 PM,800,265.5,41.1,165.7,327.5,800.0,0.0,0.93,6.2,29.9,2.6,27.6,1,4/4/2025 10:05:46 AM
3/14/2025 2:00:00 AM,3/13/2025 10:00:00 PM,800,268.7,144.8,157.4,229.2,800.0,0.0,0.92,6.2,29.9,2.6,30.5,1,4/4/2025 10:05:46 AM
3/14/2025 3:00:00 AM,3/13/2025 11:00:00 PM,800,269.2,144.8,157.1,229.2,800.0,0.0,0.91,6.2,29.9,5.0,31.5,1,4/4/2025 10:05:46 AM
3/14/2025 4:00:00 AM,3/14/2025 12:00:00 AM,525,187.8,128.7,94.9,113.7,525.0,0.0,0.92,6.2,30.0,7.4,36.0,1,4/4/2025 10:05:46 AM
3/14/2025 5:00:00 AM,3/14/2025 1:00:00 AM,525,187.8,132.3,94.9,110.0,525.0,0.0,0.90,6.2,30.0,7.0,31.3,1,4/4/2025 10:05:46 AM
3/14/2025 6:00:00 AM,3/14/2025 2:00:00 AM,525,207.0,132.3,76.1,109.8,525.0,0.0,0.91,6.2,30.0,8.5,33.0,1,4/4/2025 10:05:46 AM
3/14/2025 7:00:00 AM,3/14/2025 3:00:00 AM,525,206.9,115.8,76.0,126.3,525.0,0.0,0.91,6.2,30.0,4.9,27.1,1,4/4/2025 10:05:46 AM
3/14/2025 8:00:00 AM,3/14/2025 4:00:00 AM,525,177.2,115.8,105.4,126.4,525.0,0.0,0.94,6.2,30.0,4.1,31.4,1,4/4/2025 10:05:46 AM
3/14/2025 9:00:00 AM,3/14/2025 5:00:00 AM,800,266.8,258.1,156.6,118.6,800.0,0.0,0.91,6.2,30.0,4.3,26.7,1,4/4/2025 10:05:46 AM
3/14/2025 10:00:00 AM,3/14/2025 6:00:00 AM,800,263.7,121.2,164.0,251.1,800.0,0.0,0.91,6.2,30.0,2.8,29.9,1,4/4/2025 10:05:46 AM
3/14/2025 11:00:00 AM,3/14/2025 7:00:00 AM,800,273.0,121.2,153.3,252.7,800.0,0.0,0.91,6.2,30.0,5.9,38.2,1,4/4/2025 10:05:46 AM
3/14/2025 12:00:00 PM,3/14/2025 8:00:00 AM,525,185.3,92.2,97.5,149.8,525.0,0.0,0.92,6.2,30.0,11.0,35.8,1,4/4/2025 10:05:46 AM
3/14/2025 1:00:00 PM,3/14/2025 9:00:00 AM,525,185.3,92.2,97.5,149.8,525.0,0.0,0.92,6.2,30.0,8.8,31.6,1,4/4/2025 10:05:46 AM
3/14/2025 2:00:00 PM,3/14/2025 10:00:00 AM,525,185.8,92.2,96.8,150.1,525.0,0.0,0.89,6.2,30.0,6.1,33.4,1,4/4/2025 10:05:46 AM
3/14/2025 3:00:00 PM,3/14/2025 11:00:00 AM,525,178.8,161.8,103.9,80.5,525.0,0.0,0.91,6.2,30.0,11.1,23.7,1,4/4/2025 10:05:46 AM
3/14/2025 4:00:00 PM,3/14/2025 12:00:00 PM,525,179.1,161.8,103.7,80.4,525.0,0.0,0.91,6.2,30.0,5.7,30.0,1,4/4/2025 10:05:46 AM
3/14/2025 5:00:00 PM,3/14/2025 1:00:00 PM,525,178.3,158.5,104.7,83.4,525.0,0.0,0.90,6.2,30.0,8.6,36.3,1,4/4/2025 10:05:46 AM
3/14/2025 6:00:00 PM,3/14/2025 2:00:00 PM,525,178.3,163.6,104.7,78.3,525.0,0.0,0.91,6.2,30.0,5.0,32.9,1,4/4/2025 10:05:46 AM
3/14/2025 7:00:00 PM,3/14/2025 3:00:00 PM,525,216.5,163.6,67.7,77.0,525.0,0.0,0.90,6.2,30.0,10.2,32.9,1,4/4/2025 10:05:46 AM
3/14/2025 8:00:00 PM,3/14/2025 4:00:00 PM,525,178.4,163.6,104.1,78.7,525.0,0.0,0.92,6.2,30.0,9.2,33.2,1,4/4/2025 10:05:46 AM
3/14/2025 9:00:00 PM,3/14/2025 5:00:00 PM,800,273.3,163.6,151.6,211.2,800.0,0.0,0.90,6.2,30.0,6.3,26.1,1,4/4/2025 10:05:46 AM
3/14/2025 10:00:00 PM,3/14/2025 6:00:00 PM,800,276.1,94.0,152.3,277.6,800.0,0.0,0.92,6.2,30.0,2.3,24.2,1,4/4/2025 10:05:46 AM
3/14/2025 11:00:00 PM,3/14/2025 7:00:00 PM,800,271.0,175.9,156.0,197.2,800.0,0.0,0.91,6.2,30.0,5.2,31.9,1,4/4/2025 10:05:46 AM
3/15/2025 12:00:00 AM,3/14/2025 8:00:00 PM,800,270.0,175.9,160.2,193.7,800.0,0.0,0.92,6.2,30.0,5.2,35.7,1,4/4/2025 10:05:46 AM
3/15/2025 1:00:00 AM,3/14/2025 9:00:00 PM,800,270.8,175.9,158.1,195.4,800.0,0.0,0.93,6.2,30.0,4.0,33.5,1,4/4/2025 10:05:46 AM
3/15/2025 2:00:00 AM,3/14/2025 10:00:00 PM,800,274.1,134.5,155.4,236.1,800.0,0.0,0.93,6.2,30.0,3.5,31.5,1,4/4/2025 10:05:46 AM
3/15/2025 3:00:00 AM,3/14/2025 11:00:00 PM,800,274.1,132.7,155.4,238.0,800.0,0.0,0.90,6.2,30.0,9.4,31.2,1,4/4/2025 10:05:46 AM
3/15/2025 4:00:00 AM,3/15/2025 12:00:00 AM,525,189.8,116.0,91.3,127.9,525.0,0.0,0.91,6.2,30.1,7.4,33.3,1,4/4/2025 10:05:46 AM
3/15/2025 5:00:00 AM,3/15/2025 1:00:00 AM,525,189.8,116.0,91.3,127.9,525.0,0.0,0.87,6.2,30.1,5.2,26.4,1,4/4/2025 10:05:46 AM
3/15/2025 6:00:00 AM,3/15/2025 2:00:00 AM,525,209.5,116.0,72.9,126.7,525.0,0.0,0.90,6.2,30.1,7.0,36.7,1,4/4/2025 10:05:46 AM
3/15/2025 7:00:00 AM,3/15/2025 3:00:00 AM,525,209.8,116.0,72.6,126.7,525.0,0.0,0.90,6.2,30.1,6.3,39.4,1,4/4/2025 10:05:46 AM
3/15/2025 8:00:00 AM,3/15/2025 4:00:00 AM,525,181.9,116.0,100.1,126.9,525.0,0.0,0.92,6.2,30.1,5.9,35.2,1,4/4/2025 10:05:46 AM
3/15/2025 9:00:00 AM,3/15/2025 5:00:00 AM,800,275.2,131.0,148.5,245.5,800.0,0.0,0.90,6.2,30.1,6.0,31.6,1,4/4/2025 10:05:46 AM
3/15/2025 10:00:00 AM,3/15/2025 6:00:00 AM,800,272.1,114.0,153.2,260.9,800.0,0.0,0.92,6.2,30.1,5.6,31.8,1,4/4/2025 10:05:46 AM
3/15/2025 11:00:00 AM,3/15/2025 7:00:00 AM,800,281.4,41.1,141.6,335.6,800.0,0.0,0.92,6.2,30.1,5.2,38.6,1,4/4/2025 10:05:46 AM
3/15/2025 12:00:00 PM,3/15/2025 8:00:00 AM,525,177.9,41.1,104.4,201.4,525.0,0.0,0.91,6.2,30.1,8.1,40.4,1,4/4/2025 10:05:46 AM
3/15/2025 1:00:00 PM,3/15/2025 9:00:00 AM,525,174.8,41.1,107.8,201.3,525.0,0.0,0.92,6.2,30.1,4.9,36.3,1,4/4/2025 10:05:46 AM
3/15/2025 2:00:00 PM,3/15/2025 10:00:00 AM,525,174.8,41.1,107.8,201.3,525.0,0.0,0.88,6.2,30.1,12.5,32.9,1,4/4/2025 10:05:46 AM
3/15/2025 3:00:00 PM,3/15/2025 11:00:00 AM,525,174.8,107.2,107.8,135.2,525.0,0.0,0.88,6.2,30.1,7.9,25.4,1,4/4/2025 10:05:46 AM
3/15/2025 4:00:00 PM,3/15/2025 12:00:00 PM,525,173.0,107.2,109.9,135.1,525.0,0.0,0.90,6.2,30.1,9.3,35.3,1,4/4/2025 10:05:46 AM
3/15/2025 5:00:00 PM,3/15/2025 1:00:00 PM,525,173.0,107.2,109.9,135.2,525.0,0.0,0.91,6.2,30.1,5.1,37.9,1,4/4/2025 10:05:46 AM
3/15/2025 6:00:00 PM,3/15/2025 2:00:00 PM,525,173.0,107.2,109.9,135.1,525.0,0.0,0.91,6.2,30.1,8.6,40.5,1,4/4/2025 10:05:46 AM
3/15/2025 7:00:00 PM,3/15/2025 3:00:00 PM,525,212.1,110.8,71.7,130.4,525.0,0.0,0.93,6.2,30.1,6.1,46.2,1,4/4/2025 10:05:46 AM
3/15/2025 8:00:00 PM,3/15/2025 4:00:00 PM,525,173.0,114.0,109.9,128.3,525.0,0.0,0.91,6.2,30.1,6.9,34.1,1,4/4/2025 10:05:46 AM
3/15/2025 9:00:00 PM,3/15/2025 5:00:00 PM,800,271.1,114.0,156.5,258.0,800.0,0.0,0.91,6.2,30.1,6.0,36.8,1,4/4/2025 10:05:46 AM
3/15/2025 10:00:00 PM,3/15/2025 6:00:00 PM,800,270.9,70.8,158.0,299.9,800.0,0.0,0.93,6.2,30.1,5.0,35.5,1,4/4/2025 10:05:46 AM
3/15/2025 11:00:00 PM,3/15/2025 7:00:00 PM,800,270.9,123.0,156.9,248.7,800.0,0.0,0.91,6.2,30.1,6.3,38.1,1,4/4/2025 10:05:46 AM
3/16/2025 12:00:00 AM,3/15/2025 8:00:00 PM,800,270.7,123.0,158.2,247.7,800.0,0.0,0.91,6.2,30.1,4.9,34.7,1,4/4/2025 10:05:46 AM
3/16/2025 1:00:00 AM,3/15/2025 9:00:00 PM,800,267.3,192.7,162.4,177.6,800.0,0.0,0.92,6.2,30.1,3.8,37.5,1,4/4/2025 10:05:46 AM
3/16/2025 2:00:00 AM,3/15/2025 10:00:00 PM,800,270.7,134.6,154.2,240.5,800.0,0.0,0.89,6.2,30.1,5.6,32.9,1,4/4/2025 10:05:46 AM
3/16/2025 3:00:00 AM,3/15/2025 11:00:00 PM,800,270.6,132.8,154.2,242.6,800.0,0.0,0.89,6.2,30.1,7.0,36.5,1,4/4/2025 10:05:46 AM
3/16/2025 4:00:00 AM,3/16/2025 12:00:00 AM,525,188.5,114.2,93.5,128.8,525.0,0.0,0.90,6.2,30.2,6.1,30.3,1,4/4/2025 10:05:46 AM
3/16/2025 5:00:00 AM,3/16/2025 1:00:00 AM,525,188.5,114.2,93.5,128.8,525.0,0.0,0.90,6.2,30.2,7.8,35.6,1,4/4/2025 10:05:46 AM
3/16/2025 6:00:00 AM,3/16/2025 2:00:00 AM,525,209.4,114.2,72.9,128.4,525.0,0.0,0.93,6.2,30.2,5.1,35.7,1,4/4/2025 10:05:46 AM
3/16/2025 7:00:00 AM,3/16/2025 3:00:00 AM,525,209.7,114.2,72.6,128.5,525.0,0.0,0.92,6.2,30.2,7.2,41.3,1,4/4/2025 10:05:46 AM
3/16/2025 8:00:00 AM,3/16/2025 4:00:00 AM,525,182.0,116.0,100.1,126.9,525.0,0.0,0.93,6.2,30.2,8.8,31.3,1,4/4/2025 10:05:46 AM
3/16/2025 9:00:00 AM,3/16/2025 5:00:00 AM,800,274.9,116.0,148.5,260.6,800.0,0.0,0.90,6.2,30.2,6.8,35.7,1,4/4/2025 10:05:46 AM
3/16/2025 10:00:00 AM,3/16/2025 6:00:00 AM,800,271.8,84.3,154.0,289.7,800.0,0.0,0.90,6.2,30.2,7.0,31.7,1,4/4/2025 10:05:46 AM
3/16/2025 11:00:00 AM,3/16/2025 7:00:00 AM,800,281.0,84.3,143.3,291.4,800.0,0.0,0.90,6.2,30.2,8.9,27.3,1,4/4/2025 10:05:46 AM
3/16/2025 12:00:00 PM,3/16/2025 8:00:00 AM,525,178.0,84.3,104.6,158.2,525.0,0.0,0.92,6.2,30.2,5.6,34.6,1,4/4/2025 10:05:46 AM
3/16/2025 1:00:00 PM,3/16/2025 9:00:00 AM,525,178.0,84.3,104.6,158.2,525.0,0.0,0.91,6.2,30.2,6.4,25.7,1,4/4/2025 10:05:46 AM
3/16/2025 2:00:00 PM,3/16/2025 10:00:00 AM,525,178.0,95.4,104.6,147.2,525.0,0.0,0.92,6.2,30.2,2.4,29.1,1,4/4/2025 10:05:46 AM
3/16/2025 3:00:00 PM,3/16/2025 11:00:00 AM,525,174.7,190.1,108.0,52.2,525.0,0.0,0.88,6.2,30.2,7.3,28.7,1,4/4/2025 10:05:46 AM
3/16/2025 4:00:00 PM,3/16/2025 12:00:00 PM,525,173.1,190.1,98.8,63.2,525.0,0.0,0.88,6.2,30.2,3.0,37.8,1,4/4/2025 10:05:46 AM
3/16/2025 5:00:00 PM,3/16/2025 1:00:00 PM,525,173.1,190.1,109.9,52.0,525.0,0.0,0.89,6.2,30.2,11.0,33.9,1,4/4/2025 10:05:46 AM
3/16/2025 6:00:00 PM,3/16/2025 2:00:00 PM,525,192.3,190.1,90.6,52.0,525.0,0.0,0.91,6.2,30.2,5.5,40.0,1,4/4/2025 10:05:46 AM
3/16/2025 7:00:00 PM,3/16/2025 3:00:00 PM,525,209.7,79.3,74.3,161.7,525.0,0.0,0.88,6.2,30.2,7.7,33.6,1,4/4/2025 10:05:46 AM
3/16/2025 8:00:00 PM,3/16/2025 4:00:00 PM,525,173.1,84.3,109.9,157.9,525.0,0.0,0.89,6.2,30.2,11.4,35.9,1,4/4/2025 10:05:46 AM
3/16/2025 9:00:00 PM,3/16/2025 5:00:00 PM,800,268.6,84.3,160.9,286.4,800.0,0.0,0.88,6.2,30.2,6.0,39.0,1,4/4/2025 10:05:46 AM
3/16/2025 10:00:00 PM,3/16/2025 6:00:00 PM,800,268.5,166.2,160.5,205.0,800.0,0.0,0.90,6.2,30.2,4.1,32.3,1,4/4/2025 10:05:46 AM
3/16/2025 11:00:00 PM,3/16/2025 7:00:00 PM,800,268.5,134.0,158.1,239.3,800.0,0.0,0.90,6.2,30.2,5.7,31.3,1,4/4/2025 10:05:46 AM
3/17/2025 12:00:00 AM,3/16/2025 8:00:00 PM,800,268.4,148.7,161.5,221.5,800.0,0.0,0.92,6.2,30.2,6.2,37.6,1,4/4/2025 10:05:46 AM
3/17/2025 1:00:00 AM,3/16/2025 9:00:00 PM,800,269.4,175.8,159.2,195.6,800.0,0.0,0.92,6.2,30.2,7.4,39.2,1,4/4/2025 10:05:46 AM
3/17/2025 2:00:00 AM,3/16/2025 10:00:00 PM,800,272.8,103.1,152.1,271.7,800.0,0.0,0.91,6.2,30.2,5.8,40.1,1,4/4/2025 10:05:46 AM
3/17/2025 3:00:00 AM,3/16/2025 11:00:00 PM,800,272.8,101.3,152.1,273.4,800.0,0.0,0.90,6.2,30.2,7.0,31.0,1,4/4/2025 10:05:46 AM
3/17/2025 4:00:00 AM,3/17/2025 12:00:00 AM,525,190.2,154.0,92.3,88.8,525.0,0.0,0.94,6.3,30.1,5.8,44.9,1,4/4/2025 10:05:46 AM
3/17/2025 5:00:00 AM,3/17/2025 1:00:00 AM,525,190.2,110.9,92.3,131.7,525.0,0.0,0.91,6.3,30.1,7.0,28.1,1,4/4/2025 10:05:46 AM
3/17/2025 6:00:00 AM,3/17/2025 2:00:00 AM,525,209.7,154.0,73.2,88.3,525.0,0.0,0.90,6.3,30.1,7.1,38.5,1,4/4/2025 10:05:46 AM
3/17/2025 7:00:00 AM,3/17/2025 3:00:00 AM,525,209.7,154.0,73.2,88.4,525.0,0.0,0.92,6.3,30.1,6.1,41.2,1,4/4/2025 10:05:46 AM
3/17/2025 8:00:00 AM,3/17/2025 4:00:00 AM,525,182.5,154.0,99.1,89.7,525.0,0.0,0.93,6.3,30.1,7.4,27.0,1,4/4/2025 10:05:46 AM
3/17/2025 9:00:00 AM,3/17/2025 5:00:00 AM,800,272.3,148.0,149.8,229.8,800.0,0.0,0.89,6.3,30.1,7.9,36.7,1,4/4/2025 10:05:46 AM
3/17/2025 10:00:00 AM,3/17/2025 6:00:00 AM,800,269.3,41.4,152.8,336.5,800.0,0.0,0.91,6.3,30.1,6.1,20.6,1,4/4/2025 10:05:46 AM
3/17/2025 11:00:00 AM,3/17/2025 7:00:00 AM,800,278.1,123.3,143.5,255.0,800.0,0.0,0.93,6.3,30.1,4.8,37.1,1,4/4/2025 10:05:46 AM
3/17/2025 12:00:00 PM,3/17/2025 8:00:00 AM,525,178.6,123.3,103.6,119.7,525.0,0.0,0.83,6.3,30.1,6.6,30.1,1,4/4/2025 10:05:46 AM
3/17/2025 1:00:00 PM,3/17/2025 9:00:00 AM,525,175.6,41.4,106.9,201.4,525.0,0.0,0.89,6.3,30.1,8.2,24.0,1,4/4/2025 10:05:46 AM
3/17/2025 2:00:00 PM,3/17/2025 10:00:00 AM,525,183.5,35.9,97.9,207.7,525.0,0.0,0.92,6.3,30.1,6.3,26.3,1,4/4/2025 10:05:46 AM
3/17/2025 3:00:00 PM,3/17/2025 11:00:00 AM,525,183.5,85.9,97.9,157.8,525.0,0.0,0.89,6.3,30.1,7.4,24.5,1,4/4/2025 10:05:46 AM
3/17/2025 4:00:00 PM,3/17/2025 12:00:00 PM,525,181.7,87.8,99.8,155.6,525.0,0.0,0.89,6.3,30.1,6.9,24.1,1,4/4/2025 10:05:46 AM
3/17/2025 5:00:00 PM,3/17/2025 1:00:00 PM,525,181.7,87.8,99.8,155.6,525.0,0.0,0.91,6.3,30.1,4.4,32.0,1,4/4/2025 10:05:46 AM
3/17/2025 6:00:00 PM,3/17/2025 2:00:00 PM,525,181.7,87.8,99.8,155.6,525.0,0.0,0.89,6.3,30.1,5.2,32.6,1,4/4/2025 10:05:46 AM
3/17/2025 7:00:00 PM,3/17/2025 3:00:00 PM,525,220.6,87.8,63.3,153.3,525.0,0.0,0.90,6.3,30.1,3.6,32.4,1,4/4/2025 10:05:46 AM
3/17/2025 8:00:00 PM,3/17/2025 4:00:00 PM,525,191.7,89.6,89.0,154.8,525.0,0.0,0.89,6.3,30.1,5.6,24.7,1,4/4/2025 10:05:46 AM
3/17/2025 9:00:00 PM,3/17/2025 5:00:00 PM,800,277.1,89.6,152.4,280.7,800.0,0.0,0.88,6.3,30.1,7.3,29.9,1,4/4/2025 10:05:46 AM
3/17/2025 10:00:00 PM,3/17/2025 6:00:00 PM,800,278.3,89.6,153.8,278.2,800.0,0.0,0.89,6.3,30.1,6.5,22.0,1,4/4/2025 10:05:46 AM
3/17/2025 11:00:00 PM,3/17/2025 7:00:00 PM,800,272.8,121.4,160.9,244.9,800.0,0.0,0.92,6.3,30.1,7.0,29.5,1,4/4/2025 10:05:46 AM
3/18/2025 12:00:00 AM,3/17/2025 8:00:00 PM,800,273.0,121.4,160.8,244.5,800.0,0.0,0.91,6.3,30.1,2.5,19.8,1,4/4/2025 10:05:46 AM
3/18/2025 1:00:00 AM,3/17/2025 9:00:00 PM,800,274.1,10.6,158.6,356.5,800.0,0.0,0.90,6.3,30.1,6.2,31.4,1,4/4/2025 10:05:46 AM
3/18/2025 2:00:00 AM,3/17/2025 10:00:00 PM,800,277.2,84.6,152.6,285.9,800.0,0.0,0.89,6.3,30.1,9.2,32.3,1,4/4/2025 10:05:46 AM
3/18/2025 3:00:00 AM,3/17/2025 11:00:00 PM,800,276.9,84.6,151.0,287.7,800.0,0.0,0.90,6.3,30.1,7.1,32.9,1,4/4/2025 10:05:46 AM
3/18/2025 4:00:00 AM,3/18/2025 12:00:00 AM,525,190.7,110.7,89.9,133.5,525.0,0.0,0.90,6.3,30.1,9.8,25.6,1,4/4/2025 10:05:46 AM
3/18/2025 5:00:00 AM,3/18/2025 1:00:00 AM,525,190.7,110.7,89.9,133.7,525.0,0.0,0.88,6.3,30.1,10.2,26.3,1,4/4/2025 10:05:46 AM
3/18/2025 6:00:00 AM,3/18/2025 2:00:00 AM,525,210.3,110.7,72.0,131.8,525.0,0.0,0.92,6.3,30.1,5.8,38.5,1,4/4/2025 10:05:46 AM
3/18/2025 7:00:00 AM,3/18/2025 3:00:00 AM,525,210.5,105.6,71.8,136.9,525.0,0.0,0.92,6.3,30.1,8.3,34.3,1,4/4/2025 10:05:46 AM
3/18/2025 8:00:00 AM,3/18/2025 4:00:00 AM,525,181.7,107.5,100.0,135.3,525.0,0.0,0.90,6.3,30.1,9.9,31.7,1,4/4/2025 10:05:46 AM
3/18/2025 9:00:00 AM,3/18/2025 5:00:00 AM,800,275.4,107.5,151.0,266.0,800.0,0.0,0.89,6.3,30.1,3.2,23.0,1,4/4/2025 10:05:46 AM
3/18/2025 10:00:00 AM,3/18/2025 6:00:00 AM,800,272.6,152.9,157.6,216.5,800.0,0.0,0.92,6.3,30.1,3.2,23.8,1,4/4/2025 10:05:46 AM
3/18/2025 11:00:00 AM,3/18/2025 7:00:00 AM,800,281.6,122.0,143.6,252.4,800.0,0.0,0.90,6.3,30.1,1.7,26.1,1,4/4/2025 10:05:46 AM
3/18/2025 12:00:00 PM,3/18/2025 8:00:00 AM,525,178.0,122.0,104.2,120.3,525.0,0.0,0.89,6.3,30.1,4.4,23.6,1,4/4/2025 10:05:46 AM
3/18/2025 1:00:00 PM,3/18/2025 9:00:00 AM,525,174.9,47.1,107.6,195.3,525.0,0.0,0.89,6.3,30.1,5.2,27.5,1,4/4/2025 10:05:46 AM
3/18/2025 2:00:00 PM,3/18/2025 10:00:00 AM,525,183.1,90.2,98.7,152.8,525.0,0.0,0.90,6.3,30.1,4.2,37.0,1,4/4/2025 10:05:46 AM
3/18/2025 3:00:00 PM,3/18/2025 11:00:00 AM,525,183.1,62.5,98.7,180.5,525.0,0.0,0.89,6.3,30.1,6.9,34.8,1,4/4/2025 10:05:46 AM
3/18/2025 4:00:00 PM,3/18/2025 12:00:00 PM,525,181.2,60.6,101.0,182.3,525.0,0.0,0.89,6.3,30.1,6.1,26.5,1,4/4/2025 10:05:46 AM
3/18/2025 5:00:00 PM,3/18/2025 1:00:00 PM,525,181.2,60.6,101.0,182.2,525.0,0.0,0.91,6.3,30.1,6.3,35.0,1,4/4/2025 10:05:46 AM
3/18/2025 6:00:00 PM,3/18/2025 2:00:00 PM,525,181.2,17.6,101.0,225.3,525.0,0.0,0.87,6.3,30.1,6.1,31.8,1,4/4/2025 10:05:46 AM
3/18/2025 7:00:00 PM,3/18/2025 3:00:00 PM,525,223.1,53.3,60.6,187.9,525.0,0.0,0.90,6.3,30.1,5.9,26.3,1,4/4/2025 10:05:46 AM
3/18/2025 8:00:00 PM,3/18/2025 4:00:00 PM,525,183.7,55.1,98.1,188.1,525.0,0.0,0.88,6.3,30.1,4.1,34.4,1,4/4/2025 10:05:46 AM
3/18/2025 9:00:00 PM,3/18/2025 5:00:00 PM,800,279.2,55.1,147.2,318.8,800.0,0.0,0.88,6.3,30.1,9.8,28.9,1,4/4/2025 10:05:46 AM
3/18/2025 10:00:00 PM,3/18/2025 6:00:00 PM,800,285.5,124.8,140.7,249.0,800.0,0.0,0.90,6.3,30.1,7.0,30.2,1,4/4/2025 10:05:46 AM
3/18/2025 11:00:00 PM,3/18/2025 7:00:00 PM,800,273.9,87.0,157.3,282.0,800.0,0.0,0.89,6.3,30.1,5.5,23.9,1,4/4/2025 10:05:46 AM
3/19/2025 12:00:00 AM,3/18/2025 8:00:00 PM,800,274.1,87.0,156.5,282.4,800.0,0.0,0.79,6.3,30.1,1.4,21.5,1,4/4/2025 10:05:46 AM
3/19/2025 1:00:00 AM,3/18/2025 9:00:00 PM,800,275.1,5.1,155.7,364.4,800.0,0.0,0.90,6.3,30.1,8.3,32.1,1,4/4/2025 10:05:46 AM
3/19/2025 2:00:00 AM,3/18/2025 10:00:00 PM,800,278.2,76.2,152.6,293.3,800.0,0.0,0.90,6.3,30.1,6.0,33.1,1,4/4/2025 10:05:46 AM
3/19/2025 3:00:00 AM,3/18/2025 11:00:00 PM,800,277.8,76.2,150.0,296.7,800.0,0.0,0.88,6.3,30.1,6.5,29.0,1,4/4/2025 10:05:46 AM
3/19/2025 4:00:00 AM,3/19/2025 12:00:00 AM,525,195.7,69.2,86.5,173.6,525.0,0.0,0.90,6.4,30.1,8.6,42.3,1,4/4/2025 10:05:46 AM
3/19/2025 5:00:00 AM,3/19/2025 1:00:00 AM,525,195.7,69.2,86.5,173.7,525.0,0.0,0.90,6.4,30.1,8.8,25.5,1,4/4/2025 10:05:46 AM
3/19/2025 6:00:00 AM,3/19/2025 2:00:00 AM,525,212.9,69.2,69.8,173.4,525.0,0.0,0.88,6.4,30.1,11.4,33.0,1,4/4/2025 10:05:46 AM
3/19/2025 7:00:00 AM,3/19/2025 3:00:00 AM,525,213.0,69.2,69.6,173.3,525.0,0.0,0.86,6.4,30.1,10.1,33.0,1,4/4/2025 10:05:46 AM
3/19/2025 8:00:00 AM,3/19/2025 4:00:00 AM,525,186.5,69.2,95.7,173.7,525.0,0.0,0.91,6.4,30.1,12.7,27.8,1,4/4/2025 10:05:46 AM
3/19/2025 9:00:00 AM,3/19/2025 5:00:00 AM,800,275.0,69.2,149.5,306.1,800.0,0.0,0.88,6.4,30.1,8.6,31.5,1,4/4/2025 10:05:46 AM
3/19/2025 10:00:00 AM,3/19/2025 6:00:00 AM,800,271.9,117.9,156.3,253.8,800.0,0.0,0.90,6.4,30.1,8.2,36.6,1,4/4/2025 10:05:46 AM
3/19/2025 11:00:00 AM,3/19/2025 7:00:00 AM,800,278.7,87.0,147.9,286.4,800.0,0.0,0.92,6.4,30.1,6.0,35.7,1,4/4/2025 10:05:46 AM
3/19/2025 12:00:00 PM,3/19/2025 8:00:00 AM,525,181.0,87.0,102.0,155.1,525.0,0.0,0.93,6.4,30.1,3.4,25.0,1,4/4/2025 10:05:46 AM
3/19/2025 1:00:00 PM,3/19/2025 9:00:00 AM,525,178.8,48.6,104.2,193.7,525.0,0.0,0.92,6.4,30.1,8.0,27.7,1,4/4/2025 10:05:46 AM
3/19/2025 2:00:00 PM,3/19/2025 10:00:00 AM,525,184.7,48.6,98.1,193.9,525.0,0.0,0.91,6.4,30.1,9.1,36.5,1,4/4/2025 10:05:46 AM
3/19/2025 3:00:00 PM,3/19/2025 11:00:00 AM,525,184.7,48.6,98.1,193.6,525.0,0.0,0.88,6.4,30.1,8.5,31.5,1,4/4/2025 10:05:46 AM
3/19/2025 4:00:00 PM,3/19/2025 12:00:00 PM,525,182.9,48.6,99.8,193.6,525.0,0.0,0.90,6.4,30.1,9.7,35.3,1,4/4/2025 10:05:46 AM
3/19/2025 5:00:00 PM,3/19/2025 1:00:00 PM,525,182.9,48.6,99.8,193.8,525.0,0.0,0.91,6.4,30.1,9.4,30.4,1,4/4/2025 10:05:46 AM
3/19/2025 6:00:00 PM,3/19/2025 2:00:00 PM,525,182.9,48.6,99.8,193.7,525.0,0.0,0.90,6.4,30.1,8.4,29.9,1,4/4/2025 10:05:46 AM
3/19/2025 7:00:00 PM,3/19/2025 3:00:00 PM,525,222.1,48.6,62.0,192.1,525.0,0.0,0.88,6.4,30.1,6.7,29.4,1,4/4/2025 10:05:46 AM
3/19/2025 8:00:00 PM,3/19/2025 4:00:00 PM,525,182.9,48.6,99.8,193.7,525.0,0.0,0.90,6.4,30.1,8.7,18.7,1,4/4/2025 10:05:46 AM
3/19/2025 9:00:00 PM,3/19/2025 5:00:00 PM,800,275.7,5.1,149.8,369.5,800.0,0.0,0.89,6.4,30.1,5.0,30.8,1,4/4/2025 10:05:46 AM
3/19/2025 10:00:00 PM,3/19/2025 6:00:00 PM,800,279.3,117.9,149.5,253.1,800.0,0.0,0.90,6.4,30.1,4.7,29.7,1,4/4/2025 10:05:46 AM
3/19/2025 11:00:00 PM,3/19/2025 7:00:00 PM,800,275.1,87.0,159.3,278.9,800.0,0.0,0.91,6.4,30.1,5.7,29.4,1,4/4/2025 10:05:46 AM
3/20/2025 12:00:00 AM,3/19/2025 8:00:00 PM,800,275.4,87.0,156.1,281.6,800.0,0.0,0.91,6.4,30.1,4.3,31.1,1,4/4/2025 10:05:46 AM
3/20/2025 1:00:00 AM,3/19/2025 9:00:00 PM,800,276.3,1.8,154.1,367.8,800.0,0.0,0.89,6.4,30.1,7.6,28.5,1,4/4/2025 10:05:46 AM
3/20/2025 2:00:00 AM,3/19/2025 10:00:00 PM,800,279.8,69.2,148.9,302.1,800.0,0.0,0.89,6.4,30.1,7.0,31.4,1,4/4/2025 10:05:46 AM
3/20/2025 3:00:00 AM,3/19/2025 11:00:00 PM,800,279.4,69.2,147.8,303.2,800.0,0.0,0.87,6.4,30.1,5.3,35.9,1,4/4/2025 10:05:46 AM
3/20/2025 4:00:00 AM,3/20/2025 12:00:00 AM,525,194.5,69.0,87.9,173.7,525.0,0.0,0.90,6.3,30.1,5.7,21.9,1,4/4/2025 10:05:46 AM
3/20/2025 5:00:00 AM,3/20/2025 1:00:00 AM,525,194.3,69.0,87.9,173.6,525.0,0.0,0.93,6.3,30.1,6.4,37.5,1,4/4/2025 10:05:46 AM
3/20/2025 6:00:00 AM,3/20/2025 2:00:00 AM,525,211.4,69.0,71.3,173.4,525.0,0.0,0.93,6.3,30.1,3.9,34.4,1,4/4/2025 10:05:46 AM
3/20/2025 7:00:00 AM,3/20/2025 3:00:00 AM,525,211.5,69.0,71.1,173.5,525.0,0.0,0.92,6.3,30.1,3.7,36.4,1,4/4/2025 10:05:46 AM
3/20/2025 8:00:00 AM,3/20/2025 4:00:00 AM,525,183.8,69.0,98.3,173.7,525.0,0.0,0.90,6.3,30.1,11.2,34.1,1,4/4/2025 10:05:46 AM
3/20/2025 9:00:00 AM,3/20/2025 5:00:00 AM,800,275.9,72.3,150.9,301.0,800.0,0.0,0.88,6.3,30.1,7.2,29.6,1,4/4/2025 10:05:46 AM
3/20/2025 10:00:00 AM,3/20/2025 6:00:00 AM,800,272.9,118.0,157.6,251.5,800.0,0.0,0.89,6.3,30.1,7.3,24.1,1,4/4/2025 10:05:46 AM
3/20/2025 11:00:00 AM,3/20/2025 7:00:00 AM,800,280.5,87.0,148.0,284.3,800.0,0.0,0.91,6.3,30.1,6.5,34.1,1,4/4/2025 10:05:46 AM
3/20/2025 12:00:00 PM,3/20/2025 8:00:00 AM,525,196.4,87.0,86.0,155.5,525.0,0.0,0.91,6.3,30.1,7.7,30.8,1,4/4/2025 10:05:46 AM
3/20/2025 1:00:00 PM,3/20/2025 9:00:00 AM,525,193.6,5.1,88.7,237.4,525.0,0.0,0.92,6.3,30.1,5.6,36.3,1,4/4/2025 10:05:46 AM
3/20/2025 2:00:00 PM,3/20/2025 10:00:00 AM,525,194.4,40.0,88.7,202.1,525.0,0.0,0.89,6.3,30.1,13.0,33.7,1,4/4/2025 10:05:46 AM
3/20/2025 3:00:00 PM,3/20/2025 11:00:00 AM,525,176.9,48.3,106.5,192.9,525.0,0.0,0.89,6.3,30.1,9.6,37.8,1,4/4/2025 10:05:46 AM
3/20/2025 4:00:00 PM,3/20/2025 12:00:00 PM,525,174.6,113.0,109.8,127.6,525.0,0.0,0.91,6.3,30.1,10.1,35.6,1,4/4/2025 10:05:46 AM
3/20/2025 5:00:00 PM,3/20/2025 1:00:00 PM,525,174.6,113.0,109.8,127.6,525.0,0.0,0.92,6.3,30.1,8.9,35.2,1,4/4/2025 10:05:46 AM
3/20/2025 6:00:00 PM,3/20/2025 2:00:00 PM,525,175.2,118.6,108.5,122.7,525.0,0.0,0.89,6.3,30.1,8.9,33.8,1,4/4/2025 10:05:46 AM
3/20/2025 7:00:00 PM,3/20/2025 3:00:00 PM,525,217.3,118.6,66.5,122.6,525.0,0.0,0.90,6.3,30.1,7.6,35.1,1,4/4/2025 10:05:46 AM
3/20/2025 8:00:00 PM,3/20/2025 4:00:00 PM,525,178.6,161.8,103.8,80.8,525.0,0.0,0.92,6.3,30.1,5.1,21.9,1,4/4/2025 10:05:46 AM
3/20/2025 9:00:00 PM,3/20/2025 5:00:00 PM,800,271.5,52.6,154.3,321.3,800.0,0.0,0.87,6.3,30.1,9.7,21.4,1,4/4/2025 10:05:46 AM
3/20/2025 10:00:00 PM,3/20/2025 6:00:00 PM,800,272.8,12.2,157.7,357.2,800.0,0.0,0.89,6.3,30.1,4.5,29.1,1,4/4/2025 10:05:46 AM
3/20/2025 11:00:00 PM,3/20/2025 7:00:00 PM,800,268.1,87.0,161.1,283.4,800.0,0.0,0.88,6.3,30.1,6.6,27.1,1,4/4/2025 10:05:46 AM
3/21/2025 12:00:00 AM,3/20/2025 8:00:00 PM,800,268.5,87.0,164.0,280.4,800.0,0.0,0.91,6.3,30.1,5.5,34.7,1,4/4/2025 10:05:46 AM
3/21/2025 1:00:00 AM,3/20/2025 9:00:00 PM,800,269.3,1.9,162.0,366.9,800.0,0.0,0.91,6.3,30.1,6.3,32.3,1,4/4/2025 10:05:46 AM
3/21/2025 2:00:00 AM,3/20/2025 10:00:00 PM,800,285.8,69.0,135.4,309.6,800.0,0.0,0.88,6.3,30.1,6.1,32.0,1,4/4/2025 10:05:46 AM
3/21/2025 3:00:00 AM,3/20/2025 11:00:00 PM,800,285.2,69.0,137.2,308.7,800.0,0.0,0.90,6.3,30.1,5.6,36.0,1,4/4/2025 10:05:46 AM
3/21/2025 4:00:00 AM,3/21/2025 12:00:00 AM,525,209.2,68.6,73.5,174.0,525.0,0.0,0.89,6.3,30.1,4.9,25.8,1,4/4/2025 10:05:46 AM
3/21/2025 5:00:00 AM,3/21/2025 1:00:00 AM,525,209.0,75.6,73.7,167.0,525.0,0.0,0.91,6.3,30.1,6.3,40.1,1,4/4/2025 10:05:46 AM
3/21/2025 6:00:00 AM,3/21/2025 2:00:00 AM,525,208.9,75.6,73.6,167.1,525.0,0.0,0.90,6.3,30.1,5.4,29.8,1,4/4/2025 10:05:46 AM
3/21/2025 7:00:00 AM,3/21/2025 3:00:00 AM,525,208.8,75.6,73.5,167.3,525.0,0.0,0.92,6.3,30.1,1.1,30.8,1,4/4/2025 10:05:46 AM
3/21/2025 8:00:00 AM,3/21/2025 4:00:00 AM,525,198.6,75.6,83.7,167.4,525.0,0.0,0.91,6.3,30.1,4.4,24.9,1,4/4/2025 10:05:46 AM
3/21/2025 9:00:00 AM,3/21/2025 5:00:00 AM,800,270.2,114.6,153.4,262.1,800.0,0.0,0.87,6.3,30.1,3.2,27.4,1,4/4/2025 10:05:46 AM
3/21/2025 10:00:00 AM,3/21/2025 6:00:00 AM,800,267.2,87.0,161.7,284.2,800.0,0.0,0.88,6.3,30.1,4.7,27.9,1,4/4/2025 10:05:46 AM
3/21/2025 11:00:00 AM,3/21/2025 7:00:00 AM,800,275.6,87.0,148.7,288.8,800.0,0.0,0.89,6.3,30.1,5.9,30.7,1,4/4/2025 10:05:46 AM
3/21/2025 12:00:00 PM,3/21/2025 8:00:00 AM,525,170.5,5.1,113.2,236.0,525.0,0.0,0.92,6.3,30.1,1.3,28.4,1,4/4/2025 10:05:46 AM
3/21/2025 1:00:00 PM,3/21/2025 9:00:00 AM,525,167.6,55.0,116.2,186.2,525.0,0.0,0.89,6.3,30.1,8.9,28.1,1,4/4/2025 10:05:46 AM
3/21/2025 2:00:00 PM,3/21/2025 10:00:00 AM,525,174.7,112.6,108.8,129.0,525.0,0.0,0.91,6.3,30.1,5.7,31.4,1,4/4/2025 10:05:46 AM
3/21/2025 3:00:00 PM,3/21/2025 11:00:00 AM,525,209.5,109.3,70.5,136.0,525.1,0.0,0.84,6.3,30.1,9.8,20.5,1,4/4/2025 10:05:46 AM
3/21/2025 4:00:00 PM,3/21/2025 12:00:00 PM,525,177.9,127.0,104.5,115.8,525.0,0.0,0.90,6.3,30.1,10.6,30.6,1,4/4/2025 10:05:46 AM
3/21/2025 5:00:00 PM,3/21/2025 1:00:00 PM,525,177.9,127.0,104.4,115.7,525.0,0.0,0.88,6.3,30.1,5.2,36.4,1,4/4/2025 10:05:46 AM
3/21/2025 6:00:00 PM,3/21/2025 2:00:00 PM,525,177.9,127.0,104.6,115.7,525.0,0.0,0.88,6.3,30.1,2.3,31.7,1,4/4/2025 10:05:46 AM
3/21/2025 7:00:00 PM,3/21/2025 3:00:00 PM,525,216.0,127.0,67.6,114.2,525.0,0.0,0.86,6.3,30.1,9.0,31.0,1,4/4/2025 10:05:46 AM
3/21/2025 8:00:00 PM,3/21/2025 4:00:00 PM,525,177.9,130.3,104.4,112.4,525.0,0.0,0.88,6.3,30.1,6.7,32.9,1,4/4/2025 10:05:46 AM
3/21/2025 9:00:00 PM,3/21/2025 5:00:00 PM,800,271.3,85.7,154.8,288.1,800.0,0.0,0.86,6.3,30.1,3.8,33.9,1,4/4/2025 10:05:46 AM
3/21/2025 10:00:00 PM,3/21/2025 6:00:00 PM,800,271.8,165.9,155.2,207.3,800.0,0.0,0.92,6.3,30.1,4.2,31.6,1,4/4/2025 10:05:46 AM
3/21/2025 11:00:00 PM,3/21/2025 7:00:00 PM,800,267.6,103.1,157.7,271.4,800.0,0.0,0.90,6.3,30.1,6.0,26.1,1,4/4/2025 10:05:46 AM
3/22/2025 12:00:00 AM,3/21/2025 8:00:00 PM,800,267.9,103.1,158.9,270.1,800.0,0.0,0.89,6.3,30.1,4.2,29.1,1,4/4/2025 10:05:46 AM
3/22/2025 1:00:00 AM,3/21/2025 9:00:00 PM,800,268.7,134.0,158.3,238.7,800.0,0.0,0.87,6.3,30.1,5.7,31.2,1,4/4/2025 10:05:46 AM
3/22/2025 2:00:00 AM,3/21/2025 10:00:00 PM,800,272.2,88.0,152.4,287.4,800.0,0.0,0.87,6.3,30.1,5.4,27.9,1,4/4/2025 10:05:46 AM
3/22/2025 3:00:00 AM,3/21/2025 11:00:00 PM,800,271.6,88.0,152.3,288.0,800.0,0.0,0.86,6.3,30.1,6.8,32.2,1,4/4/2025 10:05:46 AM
3/22/2025 4:00:00 AM,3/22/2025 12:00:00 AM,525,190.2,75.8,91.9,166.9,525.0,0.0,0.88,6.3,30.1,4.1,22.1,1,4/4/2025 10:05:46 AM
3/22/2025 5:00:00 AM,3/22/2025 1:00:00 AM,525,190.2,8.9,91.9,233.6,525.0,0.0,0.88,6.3,30.1,6.3,28.9,1,4/4/2025 10:05:47 AM
3/22/2025 6:00:00 AM,3/22/2025 2:00:00 AM,525,209.6,75.8,72.7,166.8,525.0,0.0,0.92,6.3,30.1,4.8,34.0,1,4/4/2025 10:05:47 AM
3/22/2025 7:00:00 AM,3/22/2025 3:00:00 AM,525,249.6,75.8,33.4,166.4,525.0,0.0,0.86,6.3,30.1,6.6,32.4,1,4/4/2025 10:05:47 AM
3/22/2025 8:00:00 AM,3/22/2025 4:00:00 AM,525,180.2,75.8,100.9,168.0,525.0,0.0,0.88,6.3,30.1,7.3,35.2,1,4/4/2025 10:05:47 AM
3/22/2025 9:00:00 AM,3/22/2025 5:00:00 AM,800,270.8,51.7,150.6,326.9,800.0,0.0,0.88,6.3,30.1,6.0,28.7,1,4/4/2025 10:05:47 AM
3/22/2025 10:00:00 AM,3/22/2025 6:00:00 AM,800,267.9,55.0,155.4,321.6,800.0,0.0,0.92,6.3,30.1,3.9,35.4,1,4/4/2025 10:05:47 AM
3/22/2025 11:00:00 AM,3/22/2025 7:00:00 AM,800,275.9,12.1,144.2,367.6,800.0,0.0,0.89,6.3,30.1,5.0,36.8,1,4/4/2025 10:05:47 AM
3/22/2025 12:00:00 PM,3/22/2025 8:00:00 AM,525,175.6,55.0,106.1,188.0,525.0,0.0,0.90,6.3,30.1,7.3,38.0,1,4/4/2025 10:05:47 AM
3/22/2025 1:00:00 PM,3/22/2025 9:00:00 AM,525,172.6,55.0,109.4,187.8,525.0,0.0,0.90,6.3,30.1,4.5,27.1,1,4/4/2025 10:05:47 AM
3/22/2025 2:00:00 PM,3/22/2025 10:00:00 AM,525,172.6,55.0,109.4,188.0,525.0,0.0,0.87,6.3,30.1,9.0,28.9,1,4/4/2025 10:05:47 AM
3/22/2025 3:00:00 PM,3/22/2025 11:00:00 AM,525,172.6,52.6,109.4,190.2,525.0,0.0,0.90,6.3,30.1,5.8,30.0,1,4/4/2025 10:05:47 AM
3/22/2025 4:00:00 PM,3/22/2025 12:00:00 PM,525,170.8,52.6,111.8,190.0,525.0,0.0,0.89,6.3,30.1,6.7,31.5,1,4/4/2025 10:05:47 AM
3/22/2025 5:00:00 PM,3/22/2025 1:00:00 PM,525,170.8,52.6,111.8,190.1,525.0,0.0,0.87,6.3,30.1,10.1,27.8,1,4/4/2025 10:05:46 AM
3/22/2025 6:00:00 PM,3/22/2025 2:00:00 PM,525,190.1,52.6,92.3,189.8,525.0,0.0,0.90,6.3,30.1,9.2,30.6,1,4/4/2025 10:05:46 AM
3/22/2025 7:00:00 PM,3/22/2025 3:00:00 PM,525,209.6,52.6,74.3,188.3,525.0,0.0,0.88,6.3,30.1,6.6,21.9,1,4/4/2025 10:05:46 AM
3/22/2025 8:00:00 PM,3/22/2025 4:00:00 PM,525,183.3,55.0,97.5,189.2,525.0,0.0,0.90,6.3,30.1,5.7,38.1,1,4/4/2025 10:05:46 AM
3/22/2025 9:00:00 PM,3/22/2025 5:00:00 PM,800,267.7,55.0,160.8,316.5,800.0,0.0,0.89,6.3,30.1,7.3,32.7,1,4/4/2025 10:05:46 AM
3/22/2025 10:00:00 PM,3/22/2025 6:00:00 PM,800,266.5,167.9,162.4,203.0,800.0,0.0,0.91,6.3,30.1,6.8,32.5,1,4/4/2025 10:05:46 AM
3/22/2025 11:00:00 PM,3/22/2025 7:00:00 PM,800,267.6,179.6,158.5,194.3,800.0,0.0,0.91,6.3,30.1,5.8,37.5,1,4/4/2025 10:05:46 AM
3/23/2025 12:00:00 AM,3/22/2025 8:00:00 PM,800,267.5,66.7,158.9,306.9,800.0,0.0,0.90,6.3,30.1,2.4,30.5,1,4/4/2025 10:05:46 AM
3/23/2025 1:00:00 AM,3/22/2025 9:00:00 PM,800,268.5,8.9,161.2,361.1,800.0,0.0,0.88,6.3,30.1,7.6,31.5,1,4/4/2025 10:05:46 AM
3/23/2025 2:00:00 AM,3/22/2025 10:00:00 PM,800,272.0,243.6,153.0,131.1,800.0,0.0,0.90,6.3,30.1,4.5,31.8,1,4/4/2025 10:05:46 AM
3/23/2025 3:00:00 AM,3/22/2025 11:00:00 PM,800,271.9,130.7,153.2,243.7,800.0,0.0,0.91,6.3,30.1,5.0,34.5,1,4/4/2025 10:05:46 AM
3/23/2025 4:00:00 AM,3/23/2025 12:00:00 AM,525,188.5,111.2,94.0,131.3,525.0,0.0,0.93,6.3,30.3,3.3,35.2,1,4/4/2025 10:05:46 AM
3/23/2025 5:00:00 AM,3/23/2025 1:00:00 AM,525,188.5,111.2,94.0,131.4,525.0,0.0,0.90,6.3,30.3,9.8,30.5,1,4/4/2025 10:05:47 AM
3/23/2025 6:00:00 AM,3/23/2025 2:00:00 AM,525,208.0,111.2,74.2,131.2,525.0,0.0,0.87,6.3,30.3,7.6,31.2,1,4/4/2025 10:05:47 AM
3/23/2025 7:00:00 AM,3/23/2025 3:00:00 AM,525,208.0,111.2,74.1,131.5,525.0,0.0,0.89,6.3,30.3,7.7,32.2,1,4/4/2025 10:05:47 AM
3/23/2025 8:00:00 AM,3/23/2025 4:00:00 AM,525,178.2,111.2,103.8,131.5,525.0,0.0,0.91,6.3,30.3,8.3,27.7,1,4/4/2025 10:05:47 AM
3/23/2025 9:00:00 AM,3/23/2025 5:00:00 AM,800,268.8,86.8,152.4,291.8,800.0,0.0,0.90,6.3,30.3,6.2,24.3,1,4/4/2025 10:05:47 AM
3/23/2025 10:00:00 AM,3/23/2025 6:00:00 AM,800,265.7,88.2,157.8,288.0,800.0,0.0,0.90,6.3,30.3,5.8,24.3,1,4/4/2025 10:05:47 AM
3/23/2025 11:00:00 AM,3/23/2025 7:00:00 AM,800,274.0,45.5,148.8,331.6,800.0,0.0,0.91,6.3,30.3,3.4,28.6,1,4/4/2025 10:05:47 AM
3/23/2025 12:00:00 PM,3/23/2025 8:00:00 AM,525,173.7,98.5,108.9,144.1,525.0,0.0,0.92,6.3,30.3,2.2,27.4,1,4/4/2025 10:05:47 AM
3/23/2025 1:00:00 PM,3/23/2025 9:00:00 AM,525,170.8,98.5,110.2,145.5,525.0,0.0,0.89,6.3,30.3,2.2,31.9,1,4/4/2025 10:05:47 AM
3/23/2025 2:00:00 PM,3/23/2025 10:00:00 AM,525,170.8,98.5,110.2,145.5,525.0,0.0,0.87,6.3,30.3,7.2,34.6,1,4/4/2025 10:05:47 AM
3/23/2025 3:00:00 PM,3/23/2025 11:00:00 AM,525,190.2,65.2,92.4,177.3,525.0,0.0,0.90,6.3,30.3,10.2,24.4,1,4/4/2025 10:05:47 AM
3/23/2025 4:00:00 PM,3/23/2025 12:00:00 PM,525,169.1,65.2,112.4,178.6,525.0,0.0,0.90,6.3,30.3,6.8,33.0,1,4/4/2025 10:05:47 AM
3/23/2025 5:00:00 PM,3/23/2025 1:00:00 PM,525,169.1,74.5,112.4,169.3,525.0,0.0,0.90,6.3,30.3,6.4,24.3,1,4/4/2025 10:05:47 AM
3/23/2025 6:00:00 PM,3/23/2025 2:00:00 PM,525,169.1,74.5,112.4,169.3,525.0,0.0,0.85,6.3,30.3,9.1,34.0,1,4/4/2025 10:05:47 AM
3/23/2025 7:00:00 PM,3/23/2025 3:00:00 PM,525,207.8,74.5,76.1,166.3,525.0,0.0,0.89,6.3,30.3,6.9,35.8,1,4/4/2025 10:05:47 AM
3/23/2025 8:00:00 PM,3/23/2025 4:00:00 PM,525,169.1,74.5,112.4,169.3,525.0,0.0,0.89,6.3,30.3,11.7,32.7,1,4/4/2025 10:05:46 AM
3/23/2025 9:00:00 PM,3/23/2025 5:00:00 PM,800,266.2,94.3,163.9,275.9,800.0,0.0,0.89,6.3,30.3,5.1,33.4,1,4/4/2025 10:05:46 AM
3/23/2025 10:00:00 PM,3/23/2025 6:00:00 PM,800,266.1,231.3,164.4,138.3,800.0,0.0,0.90,6.3,30.3,8.4,29.8,1,4/4/2025 10:05:46 AM
3/23/2025 11:00:00 PM,3/23/2025 7:00:00 PM,800,266.0,158.4,166.2,209.3,800.0,0.0,0.92,6.3,30.3,3.7,27.9,1,4/4/2025 10:05:46 AM
3/24/2025 12:00:00 AM,3/23/2025 8:00:00 PM,800,266.0,100.1,165.9,267.9,800.0,0.0,0.92,6.3,30.3,3.1,29.1,1,4/4/2025 10:05:46 AM
3/24/2025 1:00:00 AM,3/23/2025 9:00:00 PM,800,267.2,159.4,162.5,210.6,800.0,0.0,0.91,6.3,30.3,4.2,24.4,1,4/4/2025 10:05:46 AM
3/24/2025 2:00:00 AM,3/23/2025 10:00:00 PM,800,270.6,129.2,157.8,242.4,800.0,0.0,0.91,6.3,30.3,4.9,32.4,1,4/4/2025 10:05:46 AM
3/24/2025 3:00:00 AM,3/23/2025 11:00:00 PM,800,270.6,129.2,155.9,243.8,800.0,0.0,0.89,6.3,30.3,5.7,33.1,1,4/4/2025 10:05:46 AM
3/24/2025 4:00:00 AM,3/24/2025 12:00:00 AM,525,188.6,109.9,93.7,132.7,525.0,0.0,0.91,6.4,30.4,5.6,29.9,1,4/4/2025 10:05:46 AM
3/24/2025 5:00:00 AM,3/24/2025 1:00:00 AM,525,188.6,109.9,93.7,132.4,525.0,0.0,0.90,6.4,30.4,8.3,41.9,1,4/4/2025 10:05:46 AM
3/24/2025 6:00:00 AM,3/24/2025 2:00:00 AM,525,208.0,109.9,74.6,132.3,525.0,0.0,0.93,6.4,30.4,5.7,36.8,1,4/4/2025 10:05:46 AM
3/24/2025 7:00:00 AM,3/24/2025 3:00:00 AM,525,208.0,109.9,74.3,132.7,525.0,0.0,0.90,6.4,30.4,7.9,34.7,1,4/4/2025 10:05:46 AM
3/24/2025 8:00:00 AM,3/24/2025 4:00:00 AM,525,179.4,109.9,102.7,132.8,525.0,0.0,0.91,6.4,30.4,10.6,36.9,1,4/4/2025 10:05:47 AM
3/24/2025 9:00:00 AM,3/24/2025 5:00:00 AM,800,270.4,95.5,153.4,280.1,800.0,0.0,0.87,6.4,30.4,5.7,27.1,1,4/4/2025 10:05:47 AM
3/24/2025 10:00:00 AM,3/24/2025 6:00:00 AM,800,270.8,158.6,155.3,214.8,800.0,0.0,0.91,6.4,30.4,4.7,40.2,1,4/4/2025 10:05:47 AM
3/24/2025 11:00:00 AM,3/24/2025 7:00:00 AM,800,279.6,100.2,142.8,277.1,800.0,0.0,0.91,6.4,30.4,2.7,26.1,1,4/4/2025 10:05:47 AM
3/24/2025 12:00:00 PM,3/24/2025 8:00:00 AM,525,180.0,100.2,102.0,142.6,525.0,0.0,0.93,6.4,30.4,5.0,35.5,1,4/4/2025 10:05:47 AM
3/24/2025 1:00:00 PM,3/24/2025 9:00:00 AM,525,177.2,45.6,105.1,197.0,525.0,0.0,0.89,6.4,30.4,4.6,39.2,1,4/4/2025 10:05:47 AM
3/24/2025 2:00:00 PM,3/24/2025 10:00:00 AM,525,185.4,42.0,96.9,200.3,525.0,0.0,0.93,6.4,30.4,4.3,23.0,1,4/4/2025 10:05:47 AM
3/24/2025 3:00:00 PM,3/24/2025 11:00:00 AM,525,185.4,39.6,96.9,202.9,525.0,0.0,0.88,6.4,30.4,9.9,36.3,1,4/4/2025 10:05:47 AM
3/24/2025 4:00:00 PM,3/24/2025 12:00:00 PM,525,183.6,157.0,98.6,85.3,525.0,0.0,0.92,6.4,30.4,6.8,35.8,1,4/4/2025 10:05:47 AM
3/24/2025 5:00:00 PM,3/24/2025 1:00:00 PM,525,183.6,146.8,98.6,95.4,525.0,0.0,0.88,6.4,30.4,5.5,33.3,1,4/4/2025 10:05:47 AM
3/24/2025 6:00:00 PM,3/24/2025 2:00:00 PM,525,183.1,100.7,98.6,142.0,525.0,0.0,0.91,6.4,30.4,6.5,31.5,1,4/4/2025 10:05:47 AM
3/24/2025 7:00:00 PM,3/24/2025 3:00:00 PM,525,222.5,100.7,60.7,140.8,525.0,0.0,0.90,6.4,30.4,10.4,29.6,1,4/4/2025 10:05:47 AM
3/24/2025 8:00:00 PM,3/24/2025 4:00:00 PM,525,183.1,103.2,98.6,139.7,525.0,0.0,0.89,6.4,30.4,11.5,29.2,1,4/4/2025 10:05:47 AM
3/24/2025 9:00:00 PM,3/24/2025 5:00:00 PM,800,272.3,182.8,153.1,192.1,800.0,0.0,0.90,6.4,30.4,7.7,30.2,1,4/4/2025 10:05:47 AM
3/24/2025 10:00:00 PM,3/24/2025 6:00:00 PM,800,272.7,159.3,154.4,213.5,800.0,0.0,0.88,6.4,30.4,10.4,24.9,1,4/4/2025 10:05:47 AM
3/24/2025 11:00:00 PM,3/24/2025 7:00:00 PM,800,267.4,96.6,161.8,274.2,800.0,0.0,0.91,6.4,30.4,5.3,28.6,1,4/4/2025 10:05:47 AM
3/25/2025 12:00:00 AM,3/24/2025 8:00:00 PM,800,267.8,209.6,162.8,159.6,800.0,0.0,0.91,6.4,30.4,7.0,30.4,1,4/4/2025 10:05:47 AM
3/25/2025 1:00:00 AM,3/24/2025 9:00:00 PM,800,268.6,101.4,160.1,269.8,800.0,0.0,0.91,6.4,30.4,6.2,30.2,1,4/4/2025 10:05:47 AM
3/25/2025 2:00:00 AM,3/24/2025 10:00:00 PM,800,268.7,126.1,156.8,248.1,800.0,0.0,0.92,6.4,30.4,2.9,29.0,1,4/4/2025 10:05:47 AM
3/25/2025 3:00:00 AM,3/24/2025 11:00:00 PM,800,268.3,126.1,155.1,250.0,800.0,0.0,0.89,6.4,30.4,4.0,27.5,1,4/4/2025 10:05:47 AM
3/25/2025 4:00:00 AM,3/25/2025 12:00:00 AM,525,182.4,132.1,100.6,110.3,525.0,0.0,0.92,6.4,30.3,8.6,37.5,1,4/4/2025 10:05:47 AM
3/25/2025 5:00:00 AM,3/25/2025 1:00:00 AM,525,181.9,132.1,100.9,110.3,525.0,0.0,0.92,6.4,30.3,10.0,37.9,1,4/4/2025 10:05:47 AM
3/25/2025 6:00:00 AM,3/25/2025 2:00:00 AM,525,208.6,132.1,73.9,110.4,525.0,0.0,0.92,6.4,30.3,6.1,36.3,1,4/4/2025 10:05:46 AM
3/25/2025 7:00:00 AM,3/25/2025 3:00:00 AM,525,201.1,132.1,81.8,110.1,525.0,0.0,0.90,6.4,30.3,8.5,31.2,1,4/4/2025 10:05:46 AM
3/25/2025 8:00:00 AM,3/25/2025 4:00:00 AM,525,173.4,132.1,109.1,110.7,525.0,0.0,0.94,6.4,30.3,5.2,40.2,1,4/4/2025 10:05:46 AM
3/25/2025 9:00:00 AM,3/25/2025 5:00:00 AM,800,268.6,132.1,152.3,247.3,800.0,0.0,0.90,6.4,30.3,3.6,28.4,1,4/4/2025 10:05:46 AM
3/25/2025 10:00:00 AM,3/25/2025 6:00:00 AM,800,269.0,58.6,154.7,318.2,800.0,0.0,0.89,6.4,30.3,4.3,27.7,1,4/4/2025 10:05:46 AM
3/25/2025 11:00:00 AM,3/25/2025 7:00:00 AM,800,277.7,113.2,143.4,266.1,800.0,0.0,0.88,6.4,30.3,1.9,19.7,1,4/4/2025 10:05:46 AM
3/25/2025 12:00:00 PM,3/25/2025 8:00:00 AM,525,183.1,113.2,100.7,128.5,525.0,0.0,0.91,6.4,30.3,6.3,26.3,1,4/4/2025 10:05:46 AM
3/25/2025 1:00:00 PM,3/25/2025 9:00:00 AM,525,171.7,116.1,111.9,125.6,525.0,0.0,0.88,6.4,30.3,2.7,25.2,1,4/4/2025 10:05:46 AM
3/25/2025 2:00:00 PM,3/25/2025 10:00:00 AM,525,192.5,101.4,91.1,140.4,525.0,0.0,0.92,6.4,30.3,6.8,33.3,1,4/4/2025 10:05:47 AM
3/25/2025 3:00:00 PM,3/25/2025 11:00:00 AM,525,211.7,99.0,70.2,144.1,525.0,0.0,0.92,6.4,30.3,5.9,25.0,1,4/4/2025 10:05:47 AM
3/25/2025 4:00:00 PM,3/25/2025 12:00:00 PM,525,212.5,99.0,70.4,143.1,525.0,0.0,0.93,6.4,30.3,6.3,29.7,1,4/4/2025 10:05:47 AM
3/25/2025 5:00:00 PM,3/25/2025 1:00:00 PM,525,212.5,142.3,70.4,99.9,525.0,0.0,0.92,6.4,30.3,3.5,34.6,1,4/4/2025 10:05:47 AM
3/25/2025 6:00:00 PM,3/25/2025 2:00:00 PM,525,202.4,142.3,81.1,99.4,525.0,0.0,0.91,6.4,30.3,9.2,28.3,1,4/4/2025 10:05:47 AM
3/25/2025 7:00:00 PM,3/25/2025 3:00:00 PM,525,233.8,142.3,48.6,100.5,525.0,0.0,0.89,6.4,30.3,9.2,23.0,1,4/4/2025 10:05:47 AM
3/25/2025 8:00:00 PM,3/25/2025 4:00:00 PM,525,195.1,142.3,88.5,99.6,525.0,0.0,0.89,6.4,30.3,7.4,35.2,1,4/4/2025 10:05:47 AM
3/25/2025 9:00:00 PM,3/25/2025 5:00:00 PM,800,288.4,83.7,126.6,301.3,800.0,0.0,0.92,6.4,30.3,5.4,25.0,1,4/4/2025 10:05:47 AM
3/25/2025 10:00:00 PM,3/25/2025 6:00:00 PM,800,285.3,40.4,132.1,342.4,800.0,0.0,0.91,6.4,30.3,4.9,28.7,1,4/4/2025 10:05:47 AM
3/25/2025 11:00:00 PM,3/25/2025 7:00:00 PM,800,281.0,40.4,138.3,340.3,800.0,0.0,0.91,6.4,30.3,3.8,28.9,1,4/4/2025 10:05:47 AM
3/26/2025 12:00:00 AM,3/25/2025 8:00:00 PM,800,281.3,95.0,140.0,283.8,800.0,0.0,0.93,6.4,30.3,3.1,29.0,1,4/4/2025 10:05:47 AM
3/26/2025 1:00:00 AM,3/25/2025 9:00:00 PM,800,283.1,91.7,135.6,289.4,800.0,0.0,0.92,6.4,30.3,5.0,36.9,1,4/4/2025 10:05:47 AM
3/26/2025 2:00:00 AM,3/25/2025 10:00:00 PM,800,283.2,104.7,134.2,278.3,800.0,0.0,0.93,6.4,30.3,5.9,24.2,1,4/4/2025 10:05:47 AM
3/26/2025 3:00:00 AM,3/25/2025 11:00:00 PM,800,283.1,104.7,131.3,281.1,800.0,0.0,0.91,6.4,30.3,6.4,27.8,1,4/4/2025 10:05:47 AM
3/26/2025 4:00:00 AM,3/26/2025 12:00:00 AM,525,217.0,130.4,65.8,112.0,525.0,0.0,0.90,6.4,30.3,5.1,31.7,1,4/4/2025 10:05:47 AM
3/26/2025 5:00:00 AM,3/26/2025 1:00:00 AM,525,209.3,130.4,74.4,111.1,525.0,0.0,0.92,6.4,30.3,6.8,40.9,1,4/4/2025 10:05:47 AM
3/26/2025 6:00:00 AM,3/26/2025 2:00:00 AM,525,209.3,130.4,74.4,111.2,525.0,0.0,0.92,6.4,30.3,7.4,35.6,1,4/4/2025 10:05:47 AM
3/26/2025 7:00:00 AM,3/26/2025 3:00:00 AM,525,209.3,130.4,74.2,111.4,525.0,0.0,0.95,6.4,30.3,6.9,38.8,1,4/4/2025 10:05:47 AM
3/26/2025 8:00:00 AM,3/26/2025 4:00:00 AM,525,200.6,130.4,83.2,110.8,525.0,0.0,0.95,6.4,30.3,5.1,34.2,1,4/4/2025 10:05:46 AM
3/26/2025 9:00:00 AM,3/26/2025 5:00:00 AM,800,279.0,62.8,134.2,324.2,800.0,0.0,0.91,6.4,30.3,4.0,36.3,1,4/4/2025 10:05:46 AM
3/26/2025 10:00:00 AM,3/26/2025 6:00:00 AM,800,279.4,124.3,137.4,259.3,800.0,0.0,0.90,6.4,30.3,4.2,20.7,1,4/4/2025 10:05:46 AM
3/26/2025 11:00:00 AM,3/26/2025 7:00:00 AM,800,263.2,124.3,137.0,275.7,800.0,0.0,0.92,6.4,30.3,2.9,30.3,1,4/4/2025 10:05:46 AM
3/26/2025 12:00:00 PM,3/26/2025 8:00:00 AM,525,191.1,89.1,91.8,153.2,525.0,0.0,0.91,6.4,30.3,5.3,28.7,1,4/4/2025 10:05:46 AM
3/26/2025 1:00:00 PM,3/26/2025 9:00:00 AM,525,191.0,48.6,91.6,193.9,525.0,0.0,0.89,6.4,30.3,12.1,31.6,1,4/4/2025 10:05:46 AM
3/26/2025 2:00:00 PM,3/26/2025 10:00:00 AM,525,202.9,48.6,78.5,195.0,525.0,0.0,0.91,6.4,30.3,4.6,37.4,1,4/4/2025 10:05:46 AM
3/26/2025 3:00:00 PM,3/26/2025 11:00:00 AM,525,202.9,46.1,78.5,197.6,525.0,0.0,0.89,6.4,30.3,4.6,29.8,1,4/4/2025 10:05:46 AM
3/26/2025 4:00:00 PM,3/26/2025 12:00:00 PM,525,201.6,46.1,79.7,197.6,525.0,0.0,0.90,6.4,30.3,8.2,34.4,1,4/4/2025 10:05:46 AM
3/26/2025 5:00:00 PM,3/26/2025 1:00:00 PM,525,201.9,46.1,78.9,198.0,525.0,0.0,0.89,6.4,30.3,7.8,37.4,1,4/4/2025 10:05:46 AM
3/26/2025 6:00:00 PM,3/26/2025 2:00:00 PM,525,202.0,46.1,79.1,197.9,525.0,0.0,0.90,6.4,30.3,8.5,31.8,1,4/4/2025 10:05:46 AM
3/26/2025 7:00:00 PM,3/26/2025 3:00:00 PM,525,224.2,55.4,56.8,188.6,525.0,0.0,0.87,6.4,30.3,5.9,30.5,1,4/4/2025 10:05:47 AM
3/26/2025 8:00:00 PM,3/26/2025 4:00:00 PM,525,194.4,55.4,88.1,187.0,525.0,0.0,0.86,6.4,30.3,8.2,35.0,1,4/4/2025 10:05:47 AM
3/26/2025 9:00:00 PM,3/26/2025 5:00:00 PM,800,266.4,57.8,131.0,344.9,800.0,0.0,0.84,6.4,30.3,8.0,36.4,1,4/4/2025 10:05:47 AM
3/26/2025 10:00:00 PM,3/26/2025 6:00:00 PM,800,287.1,145.9,124.9,241.8,800.0,0.0,0.87,6.4,30.3,8.7,30.6,1,4/4/2025 10:05:47 AM
3/26/2025 11:00:00 PM,3/26/2025 7:00:00 PM,800,277.1,33.0,142.7,347.3,800.0,0.0,0.88,6.4,30.3,7.1,33.1,1,4/4/2025 10:05:47 AM
3/27/2025 12:00:00 AM,3/26/2025 8:00:00 PM,800,281.4,87.6,138.2,292.9,800.0,0.0,0.91,6.4,30.3,3.9,33.0,1,4/4/2025 10:05:47 AM
3/27/2025 1:00:00 AM,3/26/2025 9:00:00 PM,800,274.4,84.3,136.4,305.1,800.0,0.0,0.91,6.4,30.3,5.4,34.1,1,4/4/2025 10:05:47 AM
3/27/2025 2:00:00 AM,3/26/2025 10:00:00 PM,800,275.1,97.4,133.9,293.2,800.0,0.0,0.90,6.4,30.3,6.9,40.0,1,4/4/2025 10:05:47 AM
3/27/2025 3:00:00 AM,3/26/2025 11:00:00 PM,800,274.2,96.2,137.8,291.9,800.0,0.0,0.89,6.4,30.3,6.3,29.1,1,4/4/2025 10:05:47 AM
3/27/2025 4:00:00 AM,3/27/2025 12:00:00 AM,525,213.8,77.1,68.4,165.6,525.0,0.0,0.92,6.5,30.4,5.1,24.2,1,4/4/2025 10:05:47 AM
3/27/2025 5:00:00 AM,3/27/2025 1:00:00 AM,525,207.8,33.5,75.8,207.8,525.0,0.0,0.90,6.5,30.4,6.6,27.2,1,4/4/2025 10:05:47 AM
3/27/2025 6:00:00 AM,3/27/2025 2:00:00 AM,525,207.7,104.1,75.9,137.3,525.0,0.0,0.91,6.5,30.4,6.5,38.6,1,4/4/2025 10:05:47 AM
3/27/2025 7:00:00 AM,3/27/2025 3:00:00 AM,525,214.0,33.5,68.8,208.7,525.0,0.0,0.94,6.5,30.4,5.7,34.1,1,4/4/2025 10:05:47 AM
3/27/2025 8:00:00 AM,3/27/2025 4:00:00 AM,525,205.4,33.5,78.5,207.5,525.0,0.0,0.87,6.5,30.4,6.4,24.0,1,4/4/2025 10:05:47 AM
3/27/2025 9:00:00 AM,3/27/2025 5:00:00 AM,800,275.3,88.1,127.9,309.0,800.0,0.0,0.89,6.5,30.4,2.6,32.0,1,4/4/2025 10:05:47 AM
3/27/2025 10:00:00 AM,3/27/2025 6:00:00 AM,800,271.7,59.8,139.2,329.5,800.0,0.0,0.87,6.5,30.4,1.8,22.1,1,4/4/2025 10:05:47 AM
3/27/2025 11:00:00 AM,3/27/2025 7:00:00 AM,800,259.6,59.8,135.7,344.5,800.0,0.0,0.90,6.5,30.4,4.6,25.9,1,4/4/2025 10:05:47 AM
3/27/2025 12:00:00 PM,3/27/2025 8:00:00 AM,525,190.9,59.8,91.9,182.3,525.0,0.0,0.85,6.5,30.4,5.5,19.3,1,4/4/2025 10:05:46 AM
3/27/2025 1:00:00 PM,3/27/2025 9:00:00 AM,525,216.6,48.7,64.1,195.7,525.0,0.0,0.89,6.5,30.4,10.2,29.9,1,4/4/2025 10:05:46 AM
3/27/2025 2:00:00 PM,3/27/2025 10:00:00 AM,525,201.3,69.2,79.3,174.9,525.0,0.0,0.86,6.5,30.4,9.2,36.6,1,4/4/2025 10:05:46 AM
3/27/2025 3:00:00 PM,3/27/2025 11:00:00 AM,525,201.3,66.8,79.2,177.5,525.0,0.0,0.88,6.5,30.4,8.2,30.1,1,4/4/2025 10:05:46 AM
3/27/2025 4:00:00 PM,3/27/2025 12:00:00 PM,525,200.2,66.8,81.2,176.8,525.0,0.0,0.88,6.5,30.4,8.9,33.7,1,4/4/2025 10:05:46 AM
3/27/2025 5:00:00 PM,3/27/2025 1:00:00 PM,525,200.2,46.2,81.1,197.4,525.0,0.0,0.89,6.5,30.4,8.4,38.5,1,4/4/2025 10:05:46 AM
3/27/2025 6:00:00 PM,3/27/2025 2:00:00 PM,525,200.3,46.2,81.4,197.2,525.0,0.0,0.90,6.5,30.4,8.3,41.4,1,4/4/2025 10:05:46 AM
3/27/2025 7:00:00 PM,3/27/2025 3:00:00 PM,525,199.6,46.2,82.4,196.8,525.0,0.0,0.88,6.5,30.4,8.9,36.9,1,4/4/2025 10:05:46 AM
3/27/2025 8:00:00 PM,3/27/2025 4:00:00 PM,525,200.8,46.2,81.2,196.8,525.0,0.0,0.82,6.5,30.4,11.4,30.6,1,4/4/2025 10:05:46 AM
3/27/2025 9:00:00 PM,3/27/2025 5:00:00 PM,800,258.1,48.7,142.2,351.1,800.0,0.0,0.88,6.5,30.4,7.1,38.5,1,4/4/2025 10:05:46 AM
3/27/2025 10:00:00 PM,3/27/2025 6:00:00 PM,800,277.4,236.1,136.6,149.7,800.0,0.0,0.90,6.5,30.4,6.8,36.7,1,4/4/2025 10:05:46 AM
3/27/2025 11:00:00 PM,3/27/2025 7:00:00 PM,800,274.1,134.2,135.9,256.1,800.0,0.0,0.91,6.5,30.4,4.7,34.6,1,4/4/2025 10:05:47 AM
3/28/2025 12:00:00 AM,3/27/2025 8:00:00 PM,800,258.9,134.2,162.0,245.1,800.0,0.0,0.93,6.5,30.4,2.4,26.0,1,4/4/2025 10:05:47 AM
3/28/2025 1:00:00 AM,3/27/2025 9:00:00 PM,800,259.9,76.3,161.3,302.6,800.0,0.0,0.90,6.5,30.4,9.3,28.9,1,4/4/2025 10:05:47 AM
3/28/2025 2:00:00 AM,3/27/2025 10:00:00 PM,800,259.6,144.1,160.2,236.1,800.0,0.0,0.90,6.5,30.4,6.1,34.1,1,4/4/2025 10:05:47 AM
3/28/2025 3:00:00 AM,3/27/2025 11:00:00 PM,800,259.9,144.1,158.2,237.8,800.0,0.0,0.89,6.5,30.4,6.9,32.0,1,4/4/2025 10:05:47 AM
3/28/2025 4:00:00 AM,3/28/2025 12:00:00 AM,525,195.2,173.3,88.6,67.6,525.0,0.0,0.93,6.5,30.5,7.2,24.7,1,4/4/2025 10:05:47 AM
3/28/2025 5:00:00 AM,3/28/2025 1:00:00 AM,525,193.6,173.3,90.9,67.1,525.0,0.0,0.93,6.5,30.5,4.4,31.2,1,4/4/2025 10:05:47 AM
3/28/2025 6:00:00 AM,3/28/2025 2:00:00 AM,525,211.9,173.3,71.8,67.9,525.0,0.0,0.94,6.5,30.5,7.4,40.4,1,4/4/2025 10:05:47 AM
3/28/2025 7:00:00 AM,3/28/2025 3:00:00 AM,525,212.2,173.3,71.4,67.8,525.0,0.0,0.91,6.5,30.5,9.2,28.0,1,4/4/2025 10:05:47 AM
3/28/2025 8:00:00 AM,3/28/2025 4:00:00 AM,525,185.1,173.3,99.2,67.3,525.0,0.0,0.93,6.5,30.5,6.1,41.0,1,4/4/2025 10:05:47 AM
3/28/2025 9:00:00 AM,3/28/2025 5:00:00 AM,800,264.3,173.3,150.8,211.6,800.0,0.0,0.88,6.5,30.5,9.6,37.0,1,4/4/2025 10:05:47 AM
3/28/2025 10:00:00 AM,3/28/2025 6:00:00 AM,800,264.1,75.1,154.5,306.3,800.0,0.0,0.89,6.5,30.5,6.1,31.7,1,4/4/2025 10:05:47 AM
3/28/2025 11:00:00 AM,3/28/2025 7:00:00 AM,800,272.0,129.7,145.5,253.0,800.0,0.0,0.90,6.5,30.5,3.5,37.4,1,4/4/2025 10:05:47 AM
3/28/2025 12:00:00 PM,3/28/2025 8:00:00 AM,525,185.8,129.7,98.8,110.8,525.0,0.0,0.92,6.5,30.5,6.7,21.9,1,4/4/2025 10:05:47 AM
3/28/2025 1:00:00 PM,3/28/2025 9:00:00 AM,525,181.0,75.1,103.4,165.3,525.0,0.0,0.93,6.5,30.5,7.8,28.1,1,4/4/2025 10:05:47 AM
3/28/2025 2:00:00 PM,3/28/2025 10:00:00 AM,525,216.2,75.1,66.4,167.2,525.0,0.0,0.89,6.5,30.5,10.0,32.5,1,4/4/2025 10:05:47 AM
3/28/2025 3:00:00 PM,3/28/2025 11:00:00 AM,525,206.4,114.5,76.8,127.2,525.0,0.0,0.90,6.5,30.5,10.4,40.0,1,4/4/2025 10:05:46 AM
3/28/2025 4:00:00 PM,3/28/2025 12:00:00 PM,525,204.7,188.6,79.1,52.7,525.0,0.0,0.90,6.5,30.5,7.9,34.6,1,4/4/2025 10:05:46 AM
3/28/2025 5:00:00 PM,3/28/2025 1:00:00 PM,525,203.9,188.6,79.9,52.5,525.0,0.0,0.88,6.5,30.5,9.2,23.7,1,4/4/2025 10:05:46 AM
3/28/2025 6:00:00 PM,3/28/2025 2:00:00 PM,525,203.8,86.0,80.2,155.1,525.0,0.0,0.89,6.5,30.5,6.6,20.9,1,4/4/2025 10:05:46 AM
3/28/2025 7:00:00 PM,3/28/2025 3:00:00 PM,525,227.3,86.0,54.7,156.9,525.0,0.0,0.88,6.5,30.5,10.7,30.4,1,4/4/2025 10:05:46 AM
3/28/2025 8:00:00 PM,3/28/2025 4:00:00 PM,525,203.5,64.7,81.2,175.7,525.0,0.0,0.90,6.5,30.5,7.8,30.8,1,4/4/2025 10:05:46 AM
3/28/2025 9:00:00 PM,3/28/2025 5:00:00 PM,800,282.2,68.7,129.9,319.4,800.0,0.0,0.90,6.5,30.5,5.3,31.6,1,4/4/2025 10:05:46 AM
3/28/2025 10:00:00 PM,3/28/2025 6:00:00 PM,800,282.3,159.6,132.7,225.2,800.0,0.0,0.90,6.5,30.5,5.9,28.2,1,4/4/2025 10:05:46 AM
3/28/2025 11:00:00 PM,3/28/2025 7:00:00 PM,800,265.3,159.6,156.5,218.5,800.0,0.0,0.91,6.5,30.5,5.6,35.9,1,4/4/2025 10:05:46 AM
3/29/2025 12:00:00 AM,3/28/2025 8:00:00 PM,800,266.2,159.6,153.2,220.9,800.0,0.0,0.91,6.5,30.5,6.7,34.4,1,4/4/2025 10:05:46 AM
3/29/2025 1:00:00 AM,3/28/2025 9:00:00 PM,800,266.0,154.7,157.0,222.4,800.0,0.0,0.91,6.5,30.5,5.2,32.6,1,4/4/2025 10:05:46 AM
3/29/2025 2:00:00 AM,3/28/2025 10:00:00 PM,800,269.0,179.1,150.6,201.0,800.0,0.0,0.90,6.5,30.5,2.6,34.1,1,4/4/2025 10:05:46 AM
3/29/2025 3:00:00 AM,3/28/2025 11:00:00 PM,800,268.5,179.1,150.5,201.7,800.0,0.0,0.90,6.5,30.5,5.1,46.3,1,4/4/2025 10:05:46 AM
3/29/2025 4:00:00 AM,3/29/2025 12:00:00 AM,525,196.2,123.5,88.1,117.5,525.0,0.0,0.93,6.5,30.7,0.8,32.6,1,4/4/2025 10:05:47 AM
3/29/2025 5:00:00 AM,3/29/2025 1:00:00 AM,525,194.5,123.5,89.6,117.7,525.0,0.0,0.93,6.5,30.7,8.5,44.8,1,4/4/2025 10:05:47 AM
3/29/2025 6:00:00 AM,3/29/2025 2:00:00 AM,525,218.6,123.5,65.3,117.2,525.0,0.0,0.90,6.5,30.7,6.7,30.7,1,4/4/2025 10:05:47 AM
3/29/2025 7:00:00 AM,3/29/2025 3:00:00 AM,525,219.1,123.5,64.5,117.5,525.0,0.0,0.89,6.5,30.7,6.6,40.1,1,4/4/2025 10:05:47 AM
3/29/2025 8:00:00 AM,3/29/2025 4:00:00 AM,525,187.2,123.5,97.4,116.9,525.0,0.0,0.90,6.5,30.7,6.7,42.6,1,4/4/2025 10:05:47 AM
3/29/2025 9:00:00 AM,3/29/2025 5:00:00 AM,800,286.3,55.7,123.6,334.5,800.0,0.0,0.90,6.5,30.7,5.0,34.9,1,4/4/2025 10:05:47 AM
3/29/2025 10:00:00 AM,3/29/2025 6:00:00 AM,800,281.4,41.7,134.2,342.9,800.0,0.0,0.90,6.5,30.7,6.2,33.9,1,4/4/2025 10:05:47 AM
3/29/2025 11:00:00 AM,3/29/2025 7:00:00 AM,800,290.5,44.1,122.4,343.1,800.0,0.0,0.89,6.5,30.7,6.1,29.9,1,4/4/2025 10:05:47 AM
3/29/2025 12:00:00 PM,3/29/2025 8:00:00 AM,525,182.6,44.1,102.3,196.1,525.0,0.0,0.90,6.5,30.7,7.7,30.0,1,4/4/2025 10:05:47 AM
3/29/2025 1:00:00 PM,3/29/2025 9:00:00 AM,525,178.0,23.7,105.2,218.0,525.0,0.0,0.87,6.5,30.7,7.6,30.5,1,4/4/2025 10:05:47 AM
3/29/2025 2:00:00 PM,3/29/2025 10:00:00 AM,525,180.4,23.7,104.1,216.7,525.0,0.0,0.85,6.5,30.7,4.7,29.2,1,4/4/2025 10:05:47 AM
3/29/2025 3:00:00 PM,3/29/2025 11:00:00 AM,525,180.4,240.1,104.8,0.1,525.1,0.0,0.93,6.5,30.7,8.9,35.0,1,4/4/2025 10:05:47 AM
3/29/2025 4:00:00 PM,3/29/2025 12:00:00 PM,525,178.6,239.8,106.4,0.2,525.0,0.0,0.94,6.5,30.7,7.2,29.8,1,4/4/2025 10:05:47 AM
3/29/2025 5:00:00 PM,3/29/2025 1:00:00 PM,525,211.9,240.8,72.5,0.2,525.1,0.0,0.92,6.5,30.7,11.2,20.1,1,4/4/2025 10:05:47 AM
3/29/2025 6:00:00 PM,3/29/2025 2:00:00 PM,525,211.8,240.8,72.5,0.2,525.0,0.0,0.92,6.5,30.7,8.0,35.9,1,4/4/2025 10:05:47 AM
3/29/2025 7:00:00 PM,3/29/2025 3:00:00 PM,525,232.6,128.0,50.7,113.9,525.0,0.0,0.89,6.5,30.7,4.4,28.4,1,4/4/2025 10:05:46 AM
3/29/2025 8:00:00 PM,3/29/2025 4:00:00 PM,525,180.2,128.0,105.3,111.3,525.0,0.0,0.89,6.5,30.7,6.9,20.5,1,4/4/2025 10:05:46 AM
3/29/2025 9:00:00 PM,3/29/2025 5:00:00 PM,800,286.6,23.7,124.4,365.2,800.0,0.0,0.90,6.5,30.7,7.1,31.7,1,4/4/2025 10:05:46 AM
3/29/2025 10:00:00 PM,3/29/2025 6:00:00 PM,800,283.3,20.9,127.4,368.6,800.0,0.0,0.91,6.5,30.7,6.2,40.5,1,4/4/2025 10:05:46 AM
3/29/2025 11:00:00 PM,3/29/2025 7:00:00 PM,800,273.2,75.5,142.5,309.0,800.0,0.0,0.90,6.5,30.7,6.5,38.5,1,4/4/2025 10:05:46 AM
3/30/2025 12:00:00 AM,3/29/2025 8:00:00 PM,800,275.6,75.5,140.5,308.0,800.0,0.0,0.92,6.5,30.7,4.6,41.5,1,4/4/2025 10:05:46 AM
3/30/2025 1:00:00 AM,3/29/2025 9:00:00 PM,800,277.0,72.3,138.9,311.9,800.0,0.0,0.92,6.5,30.7,3.5,34.4,1,4/4/2025 10:05:46 AM
3/30/2025 2:00:00 AM,3/29/2025 10:00:00 PM,800,280.2,85.5,133.5,301.0,800.0,0.0,0.89,6.5,30.7,7.3,32.2,1,4/4/2025 10:05:46 AM
3/30/2025 3:00:00 AM,3/29/2025 11:00:00 PM,800,280.1,85.5,134.5,300.2,800.0,0.0,0.90,6.5,30.7,7.4,33.4,1,4/4/2025 10:05:46 AM
3/30/2025 4:00:00 AM,3/30/2025 12:00:00 AM,525,199.5,62.8,85.5,177.3,525.0,0.0,0.91,6.5,30.8,8.8,38.2,1,4/4/2025 10:05:46 AM
3/30/2025 5:00:00 AM,3/30/2025 1:00:00 AM,525,199.7,62.8,85.5,177.0,525.0,0.0,0.89,6.5,30.8,8.7,34.0,1,4/4/2025 10:05:46 AM
3/30/2025 6:00:00 AM,3/30/2025 2:00:00 AM,525,217.2,62.8,67.5,177.4,525.0,0.0,0.89,6.5,30.8,7.6,41.2,1,4/4/2025 10:05:46 AM
3/30/2025 7:00:00 AM,3/30/2025 3:00:00 AM,525,217.6,62.8,66.5,178.0,525.0,0.0,0.89,6.5,30.8,9.2,18.2,1,4/4/2025 10:05:46 AM
3/30/2025 8:00:00 AM,3/30/2025 4:00:00 AM,525,220.9,62.8,64.2,177.1,525.0,0.0,0.90,6.5,30.8,5.6,21.8,1,4/4/2025 10:05:46 AM
3/30/2025 9:00:00 AM,3/30/2025 5:00:00 AM,800,284.1,62.8,129.0,324.0,800.0,0.0,0.87,6.5,30.8,10.0,30.2,1,4/4/2025 10:05:46 AM
3/30/2025 10:00:00 AM,3/30/2025 6:00:00 AM,800,281.0,80.2,133.7,304.8,800.0,0.0,0.90,6.5,30.8,5.0,30.6,1,4/4/2025 10:05:46 AM
3/30/2025 11:00:00 AM,3/30/2025 7:00:00 AM,800,289.9,43.8,122.4,343.7,800.0,0.0,0.89,6.5,30.8,5.4,31.5,1,4/4/2025 10:05:46 AM
3/30/2025 12:00:00 PM,3/30/2025 8:00:00 AM,525,185.3,43.8,99.7,196.1,525.0,0.0,0.92,6.5,30.8,6.8,40.5,1,4/4/2025 10:05:46 AM
3/30/2025 1:00:00 PM,3/30/2025 9:00:00 AM,525,182.3,129.8,102.6,110.1,525.0,0.0,0.87,6.5,30.8,7.0,25.1,1,4/4/2025 10:05:46 AM
3/30/2025 2:00:00 PM,3/30/2025 10:00:00 AM,525,181.9,127.9,103.1,112.1,525.0,0.0,0.90,6.5,30.8,6.3,38.3,1,4/4/2025 10:05:46 AM
3/30/2025 3:00:00 PM,3/30/2025 11:00:00 AM,525,181.9,126.5,103.1,113.5,525.0,0.0,0.91,6.5,30.8,8.1,34.7,1,4/4/2025 10:05:46 AM
3/30/2025 4:00:00 PM,3/30/2025 12:00:00 PM,525,180.0,239.4,105.1,0.6,525.0,0.0,0.94,6.5,30.8,9.1,45.3,1,4/4/2025 10:05:46 AM
3/30/2025 5:00:00 PM,3/30/2025 1:00:00 PM,525,215.6,239.4,68.5,1.3,525.0,0.0,0.95,6.5,30.8,2.9,27.1,1,4/4/2025 10:05:46 AM
3/30/2025 6:00:00 PM,3/30/2025 2:00:00 PM,525,215.5,239.4,68.7,1.4,525.0,0.0,0.93,6.5,30.8,10.4,33.6,1,4/4/2025 10:05:46 AM
3/30/2025 7:00:00 PM,3/30/2025 3:00:00 PM,525,215.4,239.4,68.6,1.4,525.0,0.0,0.90,6.5,30.8,6.7,19.7,1,4/4/2025 10:05:47 AM
3/30/2025 8:00:00 PM,3/30/2025 4:00:00 PM,525,180.0,165.3,105.4,74.3,525.0,0.0,0.92,6.5,30.8,9.8,28.9,1,4/4/2025 10:05:47 AM
3/30/2025 9:00:00 PM,3/30/2025 5:00:00 PM,800,276.3,74.9,145.3,303.4,800.0,0.0,0.90,6.5,30.8,5.6,30.4,1,4/4/2025 10:05:47 AM
3/30/2025 10:00:00 PM,3/30/2025 6:00:00 PM,800,276.2,78.6,145.6,299.4,800.0,0.0,0.91,6.5,30.8,7.2,27.7,1,4/4/2025 10:05:47 AM
3/30/2025 11:00:00 PM,3/30/2025 7:00:00 PM,800,276.8,78.6,144.6,300.0,800.0,0.0,0.89,6.5,30.8,5.9,28.6,1,4/4/2025 10:05:47 AM
3/31/2025 12:00:00 AM,3/30/2025 8:00:00 PM,800,276.7,78.6,144.7,299.7,800.0,0.0,0.92,6.5,30.8,3.4,30.6,1,4/4/2025 10:05:47 AM
3/31/2025 1:00:00 AM,3/30/2025 9:00:00 PM,800,278.1,53.3,140.5,328.1,800.0,0.0,0.92,6.5,30.8,4.7,32.8,1,4/4/2025 10:05:47 AM
3/31/2025 2:00:00 AM,3/30/2025 10:00:00 PM,800,281.0,53.3,134.8,330.7,800.0,0.0,0.91,6.5,30.8,7.1,27.4,1,4/4/2025 10:05:47 AM
3/31/2025 3:00:00 AM,3/30/2025 11:00:00 PM,800,281.2,120.9,132.6,264.9,800.0,0.0,0.88,6.5,30.8,8.3,35.6,1,4/4/2025 10:05:47 AM
3/31/2025 4:00:00 AM,3/31/2025 12:00:00 AM,525,196.3,99.9,87.5,141.1,525.0,0.0,0.88,6.5,30.9,9.1,41.9,1,4/4/2025 10:05:47 AM
3/31/2025 5:00:00 AM,3/31/2025 1:00:00 AM,525,194.0,99.9,90.7,140.4,525.0,0.0,0.90,6.5,30.9,7.0,42.9,1,4/4/2025 10:05:47 AM
3/31/2025 6:00:00 AM,3/31/2025 2:00:00 AM,525,209.9,99.9,74.5,140.8,525.0,0.0,0.90,6.5,30.9,6.0,26.9,1,4/4/2025 10:05:47 AM
3/31/2025 7:00:00 AM,3/31/2025 3:00:00 AM,525,210.1,99.9,74.1,140.7,525.0,0.0,0.90,6.5,30.9,8.6,33.6,1,4/4/2025 10:05:47 AM
3/31/2025 8:00:00 AM,3/31/2025 4:00:00 AM,525,185.0,99.9,100.4,139.6,525.0,0.0,0.93,6.5,30.9,8.4,39.1,1,4/4/2025 10:05:46 AM
3/31/2025 9:00:00 AM,3/31/2025 5:00:00 AM,800,259.4,32.2,152.0,356.7,800.0,0.0,0.90,6.5,30.9,4.4,33.4,1,4/4/2025 10:05:46 AM
3/31/2025 10:00:00 AM,3/31/2025 6:00:00 AM,800,256.2,70.0,160.0,313.7,800.0,0.0,0.90,6.5,30.9,5.9,37.5,1,4/4/2025 10:05:46 AM
3/31/2025 11:00:00 AM,3/31/2025 7:00:00 AM,800,263.7,237.3,149.7,149.3,800.0,0.0,0.91,6.5,30.9,6.0,31.9,1,4/4/2025 10:05:46 AM
3/31/2025 12:00:00 PM,3/31/2025 8:00:00 AM,525,180.9,269.5,89.2,0.2,539.7,0.0,0.94,6.5,30.9,6.9,36.4,1,4/4/2025 10:05:46 AM
3/31/2025 1:00:00 PM,3/31/2025 9:00:00 AM,525,178.0,269.5,77.9,0.2,525.5,0.0,0.93,6.5,30.9,7.3,48.7,1,4/4/2025 10:05:46 AM
3/31/2025 2:00:00 PM,3/31/2025 10:00:00 AM,525,186.1,145.4,99.5,94.2,525.0,0.0,0.90,6.5,30.9,10.8,43.5,1,4/4/2025 10:05:46 AM
3/31/2025 3:00:00 PM,3/31/2025 11:00:00 AM,525,195.4,147.3,89.8,92.9,525.0,0.0,0.92,6.5,30.9,6.9,37.6,1,4/4/2025 10:05:46 AM
3/31/2025 4:00:00 PM,3/31/2025 12:00:00 PM,525,182.2,121.1,103.5,118.5,525.0,0.0,0.94,6.5,30.9,7.0,25.1,1,4/4/2025 10:05:46 AM
3/31/2025 5:00:00 PM,3/31/2025 1:00:00 PM,525,180.1,122.5,105.3,117.3,525.0,0.0,0.92,6.5,30.9,8.7,39.2,1,4/4/2025 10:05:47 AM
3/31/2025 6:00:00 PM,3/31/2025 2:00:00 PM,525,180.3,122.5,105.2,117.2,525.0,0.0,0.92,6.5,30.9,5.9,31.1,1,4/4/2025 10:05:47 AM
3/31/2025 7:00:00 PM,3/31/2025 3:00:00 PM,525,210.6,122.5,74.3,117.8,525.0,0.0,0.90,6.5,30.9,9.4,49.3,1,4/4/2025 10:05:47 AM
3/31/2025 8:00:00 PM,3/31/2025 4:00:00 PM,525,184.1,122.5,101.1,117.3,525.0,0.0,0.92,6.5,30.9,6.3,26.9,1,4/4/2025 10:05:47 AM
3/31/2025 9:00:00 PM,3/31/2025 5:00:00 PM,800,265.5,177.1,141.8,215.7,800.0,0.0,0.92,6.5,30.9,4.6,26.6,1,4/4/2025 10:05:47 AM
3/31/2025 10:00:00 PM,3/31/2025 6:00:00 PM,800,264.4,177.1,152.2,206.0,800.0,0.0,0.92,6.5,30.9,3.3,27.5,1,4/4/2025 10:05:47 AM
3/31/2025 11:00:00 PM,3/31/2025 7:00:00 PM,800,259.4,177.1,161.4,202.4,800.0,0.0,0.90,6.5,30.9,6.6,33.6,1,4/4/2025 10:05:47 AM
4/1/2025 12:00:00 AM,3/31/2025 8:00:00 PM,800,259.8,177.1,161.7,201.7,800.0,0.0,0.90,6.5,30.9,3.3,24.9,1,4/4/2025 10:05:47 AM
4/1/2025 1:00:00 AM,3/31/2025 9:00:00 PM,800,261.1,154.1,153.6,231.1,800.0,0.0,0.90,6.5,30.9,6.6,30.7,1,4/4/2025 10:05:47 AM
4/1/2025 2:00:00 AM,3/31/2025 10:00:00 PM,800,262.7,209.5,152.3,175.5,800.0,0.0,0.90,6.5,30.9,6.8,29.3,1,4/4/2025 10:05:47 AM
4/1/2025 3:00:00 AM,3/31/2025 11:00:00 PM,800,262.6,209.5,147.4,180.3,800.0,0.0,0.87,6.5,30.9,2.0,35.0,1,4/4/2025 10:05:47 AM
4/1/2025 4:00:00 AM,4/1/2025 12:00:00 AM,525,190.4,112.6,94.5,127.7,525.0,0.0,0.89,6.5,31.0,6.0,28.9,1,5/2/2025 10:06:25 AM
4/1/2025 5:00:00 AM,4/1/2025 1:00:00 AM,525,190.3,112.6,94.6,127.7,525.0,0.0,0.89,6.5,31.0,5.5,28.8,1,5/2/2025 10:06:25 AM
4/1/2025 6:00:00 AM,4/1/2025 2:00:00 AM,525,207.3,112.6,76.5,128.6,525.0,0.0,0.87,6.5,31.0,5.3,34.2,1,5/2/2025 10:06:25 AM
4/1/2025 7:00:00 AM,4/1/2025 3:00:00 AM,525,207.4,112.6,77.0,128.0,525.0,0.0,0.89,6.5,31.0,5.9,38.9,1,5/2/2025 10:06:25 AM
4/1/2025 8:00:00 AM,4/1/2025 4:00:00 AM,525,181.7,112.6,103.5,127.0,525.0,0.0,0.91,6.5,31.0,8.8,41.9,1,5/2/2025 10:06:25 AM
4/1/2025 9:00:00 AM,4/1/2025 5:00:00 AM,800,260.3,137.6,143.6,258.6,800.0,0.0,0.89,6.5,31.0,5.5,21.9,1,5/2/2025 10:06:25 AM
4/1/2025 10:00:00 AM,4/1/2025 6:00:00 AM,800,252.1,70.0,160.8,316.9,800.0,0.0,0.89,6.5,31.0,8.2,31.3,1,5/2/2025 10:06:25 AM
4/1/2025 11:00:00 AM,4/1/2025 7:00:00 AM,800,279.8,124.6,114.4,281.5,800.0,0.0,0.91,6.5,31.0,3.3,32.5,1,5/2/2025 10:06:25 AM
4/1/2025 12:00:00 PM,4/1/2025 8:00:00 AM,525,175.9,178.0,107.8,63.5,525.0,0.0,0.91,6.5,31.0,5.5,31.8,1,5/2/2025 10:06:25 AM
4/1/2025 1:00:00 PM,4/1/2025 9:00:00 AM,525,173.3,167.5,110.7,73.1,525.0,0.0,0.89,6.5,31.0,9.7,37.2,1,5/2/2025 10:06:25 AM
4/1/2025 2:00:00 PM,4/1/2025 10:00:00 AM,525,181.8,151.9,100.3,90.9,525.0,0.0,0.90,6.5,31.0,11.0,30.4,1,5/2/2025 10:06:25 AM
4/1/2025 3:00:00 PM,4/1/2025 11:00:00 AM,525,182.1,151.9,99.6,91.2,525.0,0.0,0.91,6.5,31.0,6.5,32.6,1,5/2/2025 10:06:25 AM
4/1/2025 4:00:00 PM,4/1/2025 12:00:00 PM,525,189.2,166.6,95.1,73.9,525.0,0.0,0.91,6.5,31.0,6.1,34.4,1,5/2/2025 10:06:25 AM
4/1/2025 5:00:00 PM,4/1/2025 1:00:00 PM,525,189.3,151.9,95.0,88.7,525.0,0.0,0.91,6.5,31.0,7.0,30.0,1,5/2/2025 10:06:25 AM
4/1/2025 6:00:00 PM,4/1/2025 2:00:00 PM,525,189.4,151.9,95.2,88.5,525.0,0.0,0.90,6.5,31.0,5.4,40.6,1,5/2/2025 10:06:25 AM
4/1/2025 7:00:00 PM,4/1/2025 3:00:00 PM,525,218.6,151.9,62.3,92.3,525.0,0.0,0.91,6.5,31.0,7.4,33.9,1,5/2/2025 10:06:25 AM
4/1/2025 8:00:00 PM,4/1/2025 4:00:00 PM,525,190.3,151.9,94.4,88.4,525.0,0.0,0.91,6.5,31.0,6.8,31.5,1,5/2/2025 10:06:25 AM
4/1/2025 9:00:00 PM,4/1/2025 5:00:00 PM,800,263.4,169.4,143.3,223.9,800.0,0.0,0.89,6.5,31.0,7.0,26.9,1,5/2/2025 10:06:25 AM
4/1/2025 10:00:00 PM,4/1/2025 6:00:00 PM,800,267.0,287.4,149.4,96.3,800.0,0.0,0.89,6.5,31.0,8.7,31.5,1,5/2/2025 10:06:25 AM
4/1/2025 11:00:00 PM,4/1/2025 7:00:00 PM,800,266.0,179.9,155.2,198.7,800.0,0.0,0.90,6.5,31.0,7.2,19.6,1,5/2/2025 10:06:25 AM
4/2/2025 12:00:00 AM,4/1/2025 8:00:00 PM,800,266.5,179.9,154.7,198.7,800.0,0.0,0.92,6.5,31.0,2.9,30.6,1,5/2/2025 10:06:25 AM
4/2/2025 1:00:00 AM,4/1/2025 9:00:00 PM,800,267.1,90.3,150.9,291.6,800.0,0.0,0.93,6.5,31.0,2.8,30.3,1,5/2/2025 10:06:25 AM
4/2/2025 2:00:00 AM,4/1/2025 10:00:00 PM,800,266.9,196.4,151.2,185.7,800.0,0.0,0.91,6.5,31.0,5.8,34.8,1,5/2/2025 10:06:25 AM
4/2/2025 3:00:00 AM,4/1/2025 11:00:00 PM,800,266.1,196.4,150.2,187.2,800.0,0.0,0.91,6.5,31.0,3.3,31.3,1,5/2/2025 10:06:25 AM
4/2/2025 4:00:00 AM,4/2/2025 12:00:00 AM,525,195.6,140.2,88.5,100.5,525.0,0.0,0.92,6.5,31.0,7.5,28.6,1,5/2/2025 10:06:25 AM
4/2/2025 5:00:00 AM,4/2/2025 1:00:00 AM,525,193.7,140.2,90.5,100.5,525.0,0.0,0.93,6.5,31.0,6.4,31.2,1,5/2/2025 10:06:25 AM
4/2/2025 6:00:00 AM,4/2/2025 2:00:00 AM,525,212.5,140.2,71.6,100.6,525.0,0.0,0.92,6.5,31.0,7.2,34.8,1,5/2/2025 10:06:25 AM
4/2/2025 7:00:00 AM,4/2/2025 3:00:00 AM,525,212.5,157.7,71.2,83.4,525.0,0.0,0.90,6.5,31.0,5.8,25.8,1,5/2/2025 10:06:25 AM
4/2/2025 8:00:00 AM,4/2/2025 4:00:00 AM,525,184.9,157.7,99.3,83.1,525.0,0.0,0.91,6.5,31.0,7.6,27.5,1,5/2/2025 10:06:26 AM
4/2/2025 9:00:00 AM,4/2/2025 5:00:00 AM,800,267.7,157.7,147.3,227.5,800.0,0.0,0.88,6.5,31.0,7.0,27.7,1,5/2/2025 10:06:26 AM
4/2/2025 10:00:00 AM,4/2/2025 6:00:00 AM,800,264.8,119.7,155.6,259.5,800.0,0.0,0.91,6.5,31.0,6.3,24.6,1,5/2/2025 10:06:26 AM
4/2/2025 11:00:00 AM,4/2/2025 7:00:00 AM,800,273.4,174.3,143.2,208.9,800.0,0.0,0.92,6.5,31.0,6.0,29.7,1,5/2/2025 10:06:26 AM
4/2/2025 12:00:00 PM,4/2/2025 8:00:00 AM,525,188.8,168.5,96.2,71.4,525.0,0.0,0.91,6.5,31.0,4.8,34.8,1,5/2/2025 10:06:26 AM
4/2/2025 1:00:00 PM,4/2/2025 9:00:00 AM,525,180.8,181.3,103.7,58.7,525.0,0.0,0.93,6.5,31.0,9.8,33.8,1,5/2/2025 10:06:26 AM
4/2/2025 2:00:00 PM,4/2/2025 10:00:00 AM,525,186.8,166.6,98.2,73.1,525.0,0.0,0.91,6.5,31.0,5.9,33.7,1,5/2/2025 10:06:26 AM
4/2/2025 3:00:00 PM,4/2/2025 11:00:00 AM,525,189.0,166.6,95.3,74.0,525.0,0.0,0.92,6.5,31.0,5.8,38.7,1,5/2/2025 10:06:26 AM
4/2/2025 4:00:00 PM,4/2/2025 12:00:00 PM,525,187.2,87.4,97.2,153.0,525.0,0.0,0.90,6.5,31.0,7.7,40.4,1,5/2/2025 10:06:26 AM
4/2/2025 5:00:00 PM,4/2/2025 1:00:00 PM,525,177.9,87.4,106.9,152.9,525.0,0.0,0.92,6.5,31.0,9.1,38.5,1,5/2/2025 10:06:26 AM
4/2/2025 6:00:00 PM,4/2/2025 2:00:00 PM,525,175.8,82.0,109.2,158.1,525.0,0.0,0.89,6.5,31.0,8.5,29.7,1,5/2/2025 10:06:25 AM
4/2/2025 7:00:00 PM,4/2/2025 3:00:00 PM,525,215.5,82.0,66.0,161.3,525.0,0.0,0.91,6.5,31.0,12.4,28.2,1,5/2/2025 10:06:25 AM
4/2/2025 8:00:00 PM,4/2/2025 4:00:00 PM,525,175.9,69.2,108.7,171.1,525.0,0.0,0.92,6.5,31.0,6.9,27.5,1,5/2/2025 10:06:25 AM
4/2/2025 9:00:00 PM,4/2/2025 5:00:00 PM,800,257.3,69.2,151.2,321.9,800.0,0.0,0.89,6.5,31.0,7.4,36.6,1,5/2/2025 10:06:25 AM
4/2/2025 10:00:00 PM,4/2/2025 6:00:00 PM,800,259.1,232.8,165.5,142.1,800.0,0.0,0.91,6.5,31.0,7.0,28.1,1,5/2/2025 10:06:25 AM
4/2/2025 11:00:00 PM,4/2/2025 7:00:00 PM,800,254.0,174.3,174.0,197.5,800.0,0.0,0.91,6.5,31.0,1.9,27.5,1,5/2/2025 10:06:25 AM
4/3/2025 12:00:00 AM,4/2/2025 8:00:00 PM,800,260.8,174.3,169.6,195.1,800.0,0.0,0.92,6.5,31.0,3.3,32.4,1,5/2/2025 10:06:25 AM
4/3/2025 1:00:00 AM,4/2/2025 9:00:00 PM,800,262.0,174.3,165.1,198.5,800.0,0.0,0.89,6.5,31.0,6.1,28.3,1,5/2/2025 10:06:25 AM
4/3/2025 2:00:00 AM,4/2/2025 10:00:00 PM,800,263.1,187.1,160.4,189.2,800.0,0.0,0.87,6.5,31.0,5.0,32.9,1,5/2/2025 10:06:25 AM
4/3/2025 3:00:00 AM,4/2/2025 11:00:00 PM,800,262.8,187.1,161.5,188.2,800.0,0.0,0.88,6.5,31.0,5.6,33.4,1,5/2/2025 10:06:25 AM
4/3/2025 4:00:00 AM,4/3/2025 12:00:00 AM,525,183.4,123.0,98.9,120.0,525.0,0.0,0.85,6.5,31.0,5.6,32.2,1,5/2/2025 10:06:25 AM
4/3/2025 5:00:00 AM,4/3/2025 1:00:00 AM,525,183.4,123.0,98.9,119.9,525.0,0.0,0.87,6.5,31.0,5.5,28.3,1,5/2/2025 10:06:25 AM
4/3/2025 6:00:00 AM,4/3/2025 2:00:00 AM,525,202.1,123.0,81.4,118.4,525.0,0.0,0.89,6.5,31.0,3.7,36.0,1,5/2/2025 10:06:25 AM
4/3/2025 7:00:00 AM,4/3/2025 3:00:00 AM,525,204.8,123.0,77.9,119.5,525.0,0.0,0.88,6.5,31.0,7.5,35.0,1,5/2/2025 10:06:25 AM
4/3/2025 8:00:00 AM,4/3/2025 4:00:00 AM,525,178.0,123.0,105.4,118.6,525.0,0.0,0.89,6.5,31.0,8.2,33.1,1,5/2/2025 10:06:25 AM
4/3/2025 9:00:00 AM,4/3/2025 5:00:00 AM,800,261.0,69.4,148.9,320.5,800.0,0.0,0.87,6.5,31.0,7.6,28.4,1,5/2/2025 10:06:25 AM
4/3/2025 10:00:00 AM,4/3/2025 6:00:00 AM,800,254.9,182.7,165.5,196.8,800.0,0.0,0.88,6.5,31.0,7.5,31.7,1,5/2/2025 10:06:26 AM
4/3/2025 11:00:00 AM,4/3/2025 7:00:00 AM,800,262.0,115.0,154.2,268.7,800.0,0.0,0.91,6.5,31.0,5.9,33.7,1,5/2/2025 10:06:26 AM
4/3/2025 12:00:00 PM,4/3/2025 8:00:00 AM,525,179.4,115.0,103.9,126.9,525.0,0.0,0.93,6.5,31.0,8.2,39.4,1,5/2/2025 10:06:26 AM
4/3/2025 1:00:00 PM,4/3/2025 9:00:00 AM,525,171.4,163.7,111.0,78.9,525.0,0.0,0.94,6.5,31.0,2.7,26.7,1,5/2/2025 10:06:26 AM
4/3/2025 2:00:00 PM,4/3/2025 10:00:00 AM,525,174.4,167.3,109.3,74.2,525.0,0.0,0.92,6.5,31.0,8.2,36.0,1,5/2/2025 10:06:26 AM
4/3/2025 3:00:00 PM,4/3/2025 11:00:00 AM,525,176.7,54.3,105.9,188.0,525.0,0.0,0.89,6.5,31.0,11.6,33.9,1,5/2/2025 10:06:26 AM
4/3/2025 4:00:00 PM,4/3/2025 12:00:00 PM,525,179.2,63.5,102.5,179.9,525.0,0.0,0.93,6.5,31.0,8.3,28.8,1,5/2/2025 10:06:26 AM
4/3/2025 5:00:00 PM,4/3/2025 1:00:00 PM,525,179.3,63.5,102.4,179.8,525.0,0.0,0.89,6.5,31.0,6.9,29.7,1,5/2/2025 10:06:26 AM
4/3/2025 6:00:00 PM,4/3/2025 2:00:00 PM,525,179.4,63.5,102.5,179.7,525.0,0.0,0.91,6.5,31.0,8.1,36.5,1,5/2/2025 10:06:26 AM
4/3/2025 7:00:00 PM,4/3/2025 3:00:00 PM,525,220.6,63.5,63.0,177.9,525.0,0.0,0.89,6.5,31.0,10.5,31.0,1,5/2/2025 10:06:26 AM
4/3/2025 8:00:00 PM,4/3/2025 4:00:00 PM,525,174.7,88.5,108.8,152.8,525.0,0.0,0.92,6.5,31.0,12.4,32.0,1,5/2/2025 10:06:26 AM
4/3/2025 9:00:00 PM,4/3/2025 5:00:00 PM,800,269.0,195.9,151.3,184.3,800.0,0.0,0.92,6.5,31.0,5.5,39.2,1,5/2/2025 10:06:26 AM
4/3/2025 10:00:00 PM,4/3/2025 6:00:00 PM,800,268.5,195.9,159.2,176.9,800.0,0.0,0.92,6.5,31.0,4.6,22.7,1,5/2/2025 10:06:25 AM
4/3/2025 11:00:00 PM,4/3/2025 7:00:00 PM,800,263.0,195.9,167.0,174.2,800.0,0.0,0.89,6.5,31.0,3.1,23.4,1,5/2/2025 10:06:25 AM
4/4/2025 12:00:00 AM,4/3/2025 8:00:00 PM,800,263.2,195.9,166.6,174.3,800.0,0.0,0.92,6.5,31.0,3.1,29.4,1,5/2/2025 10:06:25 AM
4/4/2025 1:00:00 AM,4/3/2025 9:00:00 PM,800,277.3,195.9,148.0,179.0,800.0,0.0,0.90,6.5,31.0,5.2,29.3,1,5/2/2025 10:06:25 AM
4/4/2025 2:00:00 AM,4/3/2025 10:00:00 PM,800,293.9,219.1,122.3,164.7,800.0,0.0,0.90,6.5,31.0,5.1,33.7,1,5/2/2025 10:06:25 AM
4/4/2025 3:00:00 AM,4/3/2025 11:00:00 PM,800,266.9,219.1,158.8,155.5,800.0,0.0,0.91,6.5,31.0,5.6,32.0,1,5/2/2025 10:06:25 AM
4/4/2025 4:00:00 AM,4/4/2025 12:00:00 AM,525,189.3,152.5,92.5,90.7,525.0,0.0,0.91,6.5,31.0,5.4,22.4,1,5/2/2025 10:06:25 AM
4/4/2025 5:00:00 AM,4/4/2025 1:00:00 AM,525,188.2,152.5,94.2,90.3,525.0,0.0,0.94,6.5,31.0,4.7,35.1,1,5/2/2025 10:06:25 AM
4/4/2025 6:00:00 AM,4/4/2025 2:00:00 AM,525,207.6,152.5,75.3,90.0,525.0,0.0,0.92,6.5,31.0,4.3,33.0,1,5/2/2025 10:06:25 AM
4/4/2025 7:00:00 AM,4/4/2025 3:00:00 AM,525,207.6,152.5,75.0,90.2,525.0,0.0,0.92,6.5,31.0,1.7,33.3,1,5/2/2025 10:06:25 AM
4/4/2025 8:00:00 AM,4/4/2025 4:00:00 AM,525,180.3,152.5,102.5,89.7,525.0,0.0,0.89,6.5,31.0,3.5,35.6,1,5/2/2025 10:06:25 AM
4/4/2025 9:00:00 AM,4/4/2025 5:00:00 AM,800,268.9,208.3,153.1,169.5,800.0,0.0,0.88,6.5,31.0,4.8,26.7,1,5/2/2025 10:06:25 AM
4/4/2025 10:00:00 AM,4/4/2025 6:00:00 AM,800,265.9,321.4,161.2,51.5,800.0,0.0,0.91,6.5,31.0,8.2,26.9,1,5/2/2025 10:06:25 AM
4/4/2025 11:00:00 AM,4/4/2025 7:00:00 AM,800,274.8,195.6,146.9,182.6,800.0,0.0,0.91,6.5,31.0,3.7,32.3,1,5/2/2025 10:06:25 AM
4/4/2025 12:00:00 PM,4/4/2025 8:00:00 AM,525,177.1,206.0,106.0,35.7,525.0,0.0,0.91,6.5,31.0,8.6,33.4,1,5/2/2025 10:06:25 AM
4/4/2025 1:00:00 PM,4/4/2025 9:00:00 AM,525,175.3,178.1,107.7,64.0,525.0,0.0,0.91,6.5,31.0,2.2,28.7,1,5/2/2025 10:06:26 AM
4/4/2025 2:00:00 PM,4/4/2025 10:00:00 AM,525,222.8,29.4,60.9,211.9,525.0,0.0,0.90,6.5,31.0,9.6,31.2,1,5/2/2025 10:06:26 AM
4/4/2025 3:00:00 PM,4/4/2025 11:00:00 AM,525,183.4,128.1,98.9,114.6,525.0,0.0,0.93,6.5,31.0,7.7,43.5,1,5/2/2025 10:06:26 AM
4/4/2025 4:00:00 PM,4/4/2025 12:00:00 PM,525,203.7,111.4,79.6,130.1,525.0,0.0,0.93,6.5,31.0,7.4,39.2,1,5/2/2025 10:06:26 AM
4/4/2025 5:00:00 PM,4/4/2025 1:00:00 PM,525,181.4,71.7,100.8,171.0,525.0,0.0,0.93,6.5,31.0,9.4,33.7,1,5/2/2025 10:06:26 AM
4/4/2025 6:00:00 PM,4/4/2025 2:00:00 PM,525,181.4,22.1,100.8,220.5,525.0,0.0,0.90,6.5,31.0,5.9,38.5,1,5/2/2025 10:06:26 AM
4/4/2025 7:00:00 PM,4/4/2025 3:00:00 PM,525,225.6,22.1,58.1,219.1,525.0,0.0,0.91,6.5,31.0,4.2,32.5,1,5/2/2025 10:06:26 AM
4/4/2025 8:00:00 PM,4/4/2025 4:00:00 PM,525,203.7,104.2,79.5,137.1,525.0,0.0,0.92,6.5,31.0,4.8,24.1,1,5/2/2025 10:06:25 AM
4/4/2025 9:00:00 PM,4/4/2025 5:00:00 PM,800,302.4,22.1,111.3,364.0,800.0,0.0,0.90,6.5,31.0,2.8,29.9,1,5/2/2025 10:06:25 AM
4/4/2025 10:00:00 PM,4/4/2025 6:00:00 PM,800,302.7,149.5,112.8,235.0,800.0,0.0,0.91,6.5,31.0,6.5,34.7,1,5/2/2025 10:06:25 AM
4/4/2025 11:00:00 PM,4/4/2025 7:00:00 PM,800,296.9,139.1,119.5,244.3,800.0,0.0,0.90,6.5,31.0,5.7,37.5,1,5/2/2025 10:06:25 AM
4/5/2025 12:00:00 AM,4/4/2025 8:00:00 PM,800,295.8,139.1,119.2,245.8,800.0,0.0,0.92,6.5,31.0,6.1,36.4,1,5/2/2025 10:06:25 AM
4/5/2025 1:00:00 AM,4/4/2025 9:00:00 PM,800,297.8,216.8,116.5,168.8,800.0,0.0,0.90,6.5,31.0,5.6,30.3,1,5/2/2025 10:06:25 AM
4/5/2025 2:00:00 AM,4/4/2025 10:00:00 PM,800,301.5,208.7,109.9,179.7,800.0,0.0,0.90,6.5,31.0,5.3,26.0,1,5/2/2025 10:06:25 AM
4/5/2025 3:00:00 AM,4/4/2025 11:00:00 PM,800,301.1,208.7,108.4,181.8,800.0,0.0,0.92,6.5,31.0,4.8,33.8,1,5/2/2025 10:06:25 AM
4/5/2025 4:00:00 AM,4/5/2025 12:00:00 AM,525,213.8,81.4,68.2,161.7,525.0,0.0,0.87,6.5,31.0,8.0,32.9,1,5/2/2025 10:06:25 AM
4/5/2025 5:00:00 AM,4/5/2025 1:00:00 AM,525,211.0,71.0,72.0,171.1,525.0,0.0,0.88,6.5,31.0,8.2,21.4,1,5/2/2025 10:06:25 AM
4/5/2025 6:00:00 AM,4/5/2025 2:00:00 AM,525,211.0,72.1,71.9,170.0,525.0,0.0,0.91,6.5,31.0,5.5,31.4,1,5/2/2025 10:06:25 AM
4/5/2025 7:00:00 AM,4/5/2025 3:00:00 AM,525,214.9,102.9,67.7,139.4,525.0,0.0,0.88,6.5,31.0,8.8,33.4,1,5/2/2025 10:06:25 AM
4/5/2025 8:00:00 AM,4/5/2025 4:00:00 AM,525,205.5,112.1,77.4,129.9,525.0,0.0,0.89,6.5,31.0,8.3,26.4,1,5/2/2025 10:06:25 AM
4/5/2025 9:00:00 AM,4/5/2025 5:00:00 AM,800,296.1,208.6,105.7,189.6,800.0,0.0,0.90,6.5,31.0,5.3,28.2,1,5/2/2025 10:06:25 AM
4/5/2025 10:00:00 AM,4/5/2025 6:00:00 AM,800,290.9,207.5,119.0,182.5,800.0,0.0,0.89,6.5,31.0,3.9,32.8,1,5/2/2025 10:06:25 AM
4/5/2025 11:00:00 AM,4/5/2025 7:00:00 AM,800,297.1,207.5,101.3,194.2,800.0,0.0,0.91,6.5,31.0,5.3,39.8,1,5/2/2025 10:06:25 AM
4/5/2025 12:00:00 PM,4/5/2025 8:00:00 AM,525,198.3,166.3,84.6,75.7,525.0,0.0,0.95,6.5,31.0,6.7,36.9,1,5/2/2025 10:06:26 AM
4/5/2025 1:00:00 PM,4/5/2025 9:00:00 AM,525,195.0,136.9,88.0,105.0,525.0,0.0,0.95,6.5,31.0,5.5,31.5,1,5/2/2025 10:06:26 AM
4/5/2025 2:00:00 PM,4/5/2025 10:00:00 AM,525,195.3,90.8,87.7,151.1,525.0,0.0,0.93,6.5,31.0,6.5,33.2,1,5/2/2025 10:06:26 AM
4/5/2025 3:00:00 PM,4/5/2025 11:00:00 AM,525,195.2,101.2,87.8,140.8,525.0,0.0,0.90,6.5,31.0,9.2,32.5,1,5/2/2025 10:06:26 AM
4/5/2025 4:00:00 PM,4/5/2025 12:00:00 PM,525,175.0,90.8,108.0,151.2,525.0,0.0,0.90,6.5,31.0,2.3,22.4,1,5/2/2025 10:06:26 AM
4/5/2025 5:00:00 PM,4/5/2025 1:00:00 PM,525,216.7,124.3,67.8,116.1,525.0,0.0,0.91,6.5,31.0,8.3,34.4,1,5/2/2025 10:06:26 AM
4/5/2025 6:00:00 PM,4/5/2025 2:00:00 PM,525,216.7,124.3,67.5,116.2,525.0,0.0,0.90,6.5,31.0,11.2,36.2,1,5/2/2025 10:06:26 AM
4/5/2025 7:00:00 PM,4/5/2025 3:00:00 PM,525,217.5,124.3,67.3,115.6,525.0,0.0,0.93,6.5,31.0,12.1,36.2,1,5/2/2025 10:06:26 AM
4/5/2025 8:00:00 PM,4/5/2025 4:00:00 PM,525,176.0,124.3,105.9,118.8,525.0,0.0,0.89,6.5,31.0,11.2,34.8,1,5/2/2025 10:06:26 AM
4/5/2025 9:00:00 PM,4/5/2025 5:00:00 PM,800,279.5,124.3,135.7,260.4,800.0,0.0,0.92,6.5,31.0,5.3,35.7,1,5/2/2025 10:06:26 AM
4/5/2025 10:00:00 PM,4/5/2025 6:00:00 PM,800,279.9,191.6,124.2,204.6,800.0,0.0,0.95,6.5,31.0,4.7,32.7,1,5/2/2025 10:06:26 AM
4/5/2025 11:00:00 PM,4/5/2025 7:00:00 PM,800,279.9,191.6,124.2,204.6,800.0,0.0,0.96,6.5,31.0,4.0,29.4,1,5/2/2025 10:06:25 AM
4/6/2025 12:00:00 AM,4/5/2025 8:00:00 PM,800,279.8,191.6,124.5,204.3,800.0,0.0,0.95,6.5,31.0,2.9,35.2,1,5/2/2025 10:06:25 AM
4/6/2025 1:00:00 AM,4/5/2025 9:00:00 PM,800,281.0,262.1,121.6,135.5,800.1,0.0,0.92,6.5,31.0,7.7,32.8,1,5/2/2025 10:06:25 AM
4/6/2025 2:00:00 AM,4/5/2025 10:00:00 PM,800,286.2,208.6,126.2,179.4,800.0,0.0,0.92,6.5,31.0,6.2,39.5,1,5/2/2025 10:06:25 AM
4/6/2025 3:00:00 AM,4/5/2025 11:00:00 PM,800,287.3,207.9,135.8,169.3,800.0,0.0,0.92,6.5,31.0,4.2,34.8,1,5/2/2025 10:06:25 AM
4/6/2025 4:00:00 AM,4/6/2025 12:00:00 AM,525,192.2,103.1,91.1,138.8,525.0,0.0,0.90,6.5,31.1,6.4,33.1,1,5/2/2025 10:06:25 AM
4/6/2025 5:00:00 AM,4/6/2025 1:00:00 AM,525,192.2,73.7,91.1,168.2,525.0,0.0,0.91,6.5,31.1,9.8,41.3,1,5/2/2025 10:06:25 AM
4/6/2025 6:00:00 AM,4/6/2025 2:00:00 AM,525,210.5,73.7,72.9,168.0,525.0,0.0,0.93,6.5,31.1,7.5,39.8,1,5/2/2025 10:06:25 AM
4/6/2025 7:00:00 AM,4/6/2025 3:00:00 AM,525,213.7,73.7,69.2,168.4,525.0,0.0,0.91,6.5,31.1,7.9,31.0,1,5/2/2025 10:06:25 AM
4/6/2025 8:00:00 AM,4/6/2025 4:00:00 AM,525,183.1,73.7,100.0,168.2,525.0,0.0,0.92,6.5,31.1,6.2,39.6,1,5/2/2025 10:06:25 AM
4/6/2025 9:00:00 AM,4/6/2025 5:00:00 AM,800,285.0,174.0,130.6,210.3,800.0,0.0,0.90,6.5,31.1,5.1,26.6,1,5/2/2025 10:06:25 AM
4/6/2025 10:00:00 AM,4/6/2025 6:00:00 AM,800,279.1,225.0,137.4,158.5,800.0,0.0,0.90,6.5,31.1,5.9,32.9,1,5/2/2025 10:06:25 AM
4/6/2025 11:00:00 AM,4/6/2025 7:00:00 AM,800,289.4,258.6,127.6,124.5,800.0,0.0,0.91,6.5,31.1,4.1,32.9,1,5/2/2025 10:06:25 AM
4/6/2025 12:00:00 PM,4/6/2025 8:00:00 AM,525,184.4,241.7,98.8,0.1,525.0,0.0,0.93,6.5,31.1,6.3,18.8,1,5/2/2025 10:06:25 AM
4/6/2025 1:00:00 PM,4/6/2025 9:00:00 AM,525,181.2,124.3,102.0,117.3,525.0,0.0,0.94,6.5,31.1,6.4,34.8,1,5/2/2025 10:06:25 AM
4/6/2025 2:00:00 PM,4/6/2025 10:00:00 AM,525,181.2,124.3,102.0,117.4,525.0,0.0,0.93,6.5,31.1,2.8,34.9,1,5/2/2025 10:06:25 AM
4/6/2025 3:00:00 PM,4/6/2025 11:00:00 AM,525,182.7,124.3,100.4,117.5,525.0,0.0,0.91,6.5,31.1,10.0,36.9,1,5/2/2025 10:06:26 AM
4/6/2025 4:00:00 PM,4/6/2025 12:00:00 PM,525,180.7,124.3,102.9,117.5,525.0,0.0,0.93,6.5,31.1,6.6,38.2,1,5/2/2025 10:06:26 AM
4/6/2025 5:00:00 PM,4/6/2025 1:00:00 PM,525,224.5,124.3,59.7,116.5,525.0,0.0,0.90,6.5,31.1,7.8,21.3,1,5/2/2025 10:06:26 AM
4/6/2025 6:00:00 PM,4/6/2025 2:00:00 PM,525,223.5,124.3,60.9,116.3,525.0,0.0,0.92,6.5,31.1,9.1,35.7,1,5/2/2025 10:06:26 AM
4/6/2025 7:00:00 PM,4/6/2025 3:00:00 PM,525,223.1,124.3,61.1,116.2,525.0,0.0,0.89,6.5,31.1,9.6,30.0,1,5/2/2025 10:06:26 AM
4/6/2025 8:00:00 PM,4/6/2025 4:00:00 PM,525,181.1,124.3,102.4,117.4,525.0,0.0,0.87,6.5,31.1,13.8,26.0,1,5/2/2025 10:06:26 AM
4/6/2025 9:00:00 PM,4/6/2025 5:00:00 PM,800,285.0,124.3,140.4,250.2,800.0,0.0,0.91,6.5,31.1,4.9,36.6,1,5/2/2025 10:06:26 AM
4/6/2025 10:00:00 PM,4/6/2025 6:00:00 PM,800,285.9,177.0,138.9,198.6,800.0,0.0,0.91,6.5,31.1,2.6,25.7,1,5/2/2025 10:06:26 AM
4/6/2025 11:00:00 PM,4/6/2025 7:00:00 PM,800,286.1,177.0,138.6,198.5,800.0,0.0,0.92,6.5,31.1,6.8,30.1,1,5/2/2025 10:06:26 AM
4/7/2025 12:00:00 AM,4/6/2025 8:00:00 PM,800,285.8,180.6,139.3,194.4,800.0,0.0,0.89,6.5,31.1,5.6,32.4,1,5/2/2025 10:06:26 AM
4/7/2025 1:00:00 AM,4/6/2025 9:00:00 PM,800,287.1,180.6,135.9,196.5,800.0,0.0,0.93,6.5,31.1,2.7,34.7,1,5/2/2025 10:06:26 AM
4/7/2025 2:00:00 AM,4/6/2025 10:00:00 PM,800,287.2,194.2,134.3,184.5,800.0,0.0,0.92,6.5,31.1,3.8,31.4,1,5/2/2025 10:06:25 AM
4/7/2025 3:00:00 AM,4/6/2025 11:00:00 PM,800,287.1,194.2,132.5,186.3,800.0,0.0,0.91,6.5,31.1,6.8,33.3,1,5/2/2025 10:06:25 AM
4/7/2025 4:00:00 AM,4/7/2025 12:00:00 AM,525,191.6,93.9,91.4,148.2,525.0,0.0,0.94,6.5,31.1,8.6,30.4,1,5/2/2025 10:06:25 AM
4/7/2025 5:00:00 AM,4/7/2025 1:00:00 AM,525,191.6,97.5,91.4,144.5,525.0,0.0,0.92,6.5,31.1,5.0,34.2,1,5/2/2025 10:06:25 AM
4/7/2025 6:00:00 AM,4/7/2025 2:00:00 AM,525,210.4,97.5,73.3,144.0,525.0,0.0,0.91,6.5,31.1,5.8,29.3,1,5/2/2025 10:06:25 AM
4/7/2025 7:00:00 AM,4/7/2025 3:00:00 AM,525,210.9,97.5,72.4,144.3,525.0,0.0,0.86,6.5,31.1,12.0,33.7,1,5/2/2025 10:06:25 AM
4/7/2025 8:00:00 AM,4/7/2025 4:00:00 AM,525,181.0,97.5,102.4,144.3,525.0,0.0,0.89,6.5,31.1,7.3,21.7,1,5/2/2025 10:06:25 AM
4/7/2025 9:00:00 AM,4/7/2025 5:00:00 AM,800,283.6,158.2,136.0,222.4,800.0,0.0,0.89,6.5,31.1,2.3,26.5,1,5/2/2025 10:06:25 AM
4/7/2025 10:00:00 AM,4/7/2025 6:00:00 AM,800,282.0,321.1,138.9,57.7,800.0,0.0,0.89,6.5,31.1,8.9,32.3,1,5/2/2025 10:06:25 AM
4/7/2025 11:00:00 AM,4/7/2025 7:00:00 AM,800,289.6,137.2,129.1,244.0,800.0,0.0,0.91,6.5,31.1,6.7,35.5,1,5/2/2025 10:06:25 AM
4/7/2025 12:00:00 PM,4/7/2025 8:00:00 AM,525,242.3,242.5,40.1,0.0,525.0,0.0,0.95,6.5,31.1,6.2,26.3,1,5/2/2025 10:06:25 AM
4/7/2025 1:00:00 PM,4/7/2025 9:00:00 AM,525,178.3,241.4,105.4,0.0,525.0,0.0,0.95,6.5,31.1,5.3,34.7,1,5/2/2025 10:06:25 AM
4/7/2025 2:00:00 PM,4/7/2025 10:00:00 AM,525,186.8,240.9,96.7,0.7,525.0,0.0,0.91,6.5,31.1,4.6,25.9,1,5/2/2025 10:06:25 AM
4/7/2025 3:00:00 PM,4/7/2025 11:00:00 AM,525,186.9,209.5,96.3,32.0,525.0,0.0,0.88,6.5,31.1,6.2,23.1,1,5/2/2025 10:06:25 AM
4/7/2025 4:00:00 PM,4/7/2025 12:00:00 PM,525,189.8,209.5,93.7,32.1,525.0,0.0,0.89,6.5,31.1,7.8,33.1,1,5/2/2025 10:06:25 AM
4/7/2025 5:00:00 PM,4/7/2025 1:00:00 PM,525,183.9,209.5,99.2,32.4,525.0,0.0,0.92,6.5,31.1,4.8,28.5,1,5/2/2025 10:06:25 AM
4/7/2025 6:00:00 PM,4/7/2025 2:00:00 PM,525,183.9,209.5,99.3,32.3,525.0,0.0,0.89,6.5,31.1,4.5,29.5,1,5/2/2025 10:06:26 AM
4/7/2025 7:00:00 PM,4/7/2025 3:00:00 PM,525,244.0,227.0,39.3,14.7,525.0,0.0,0.89,6.5,31.1,6.7,34.7,1,5/2/2025 10:06:26 AM
4/7/2025 8:00:00 PM,4/7/2025 4:00:00 PM,525,178.7,190.4,103.3,52.5,525.0,0.0,0.91,6.5,31.1,10.3,24.0,1,5/2/2025 10:06:26 AM
4/7/2025 9:00:00 PM,4/7/2025 5:00:00 PM,800,300.5,129.7,117.7,252.3,800.0,0.0,0.87,6.5,31.1,9.2,30.5,1,5/2/2025 10:06:26 AM
4/7/2025 10:00:00 PM,4/7/2025 6:00:00 PM,800,309.0,228.1,108.2,154.8,800.0,0.0,0.90,6.5,31.1,5.6,21.8,1,5/2/2025 10:06:26 AM
4/7/2025 11:00:00 PM,4/7/2025 7:00:00 PM,800,295.2,47.8,129.1,327.9,800.0,0.0,0.88,6.5,31.1,5.6,33.3,1,5/2/2025 10:06:26 AM
4/8/2025 12:00:00 AM,4/7/2025 8:00:00 PM,800,294.8,47.8,130.4,327.3,800.0,0.0,0.89,6.5,31.1,5.5,39.4,1,5/2/2025 10:06:26 AM
4/8/2025 1:00:00 AM,4/7/2025 9:00:00 PM,800,296.2,169.6,127.0,207.2,800.0,0.0,0.90,6.5,31.1,5.7,29.2,1,5/2/2025 10:06:26 AM
4/8/2025 2:00:00 AM,4/7/2025 10:00:00 PM,800,298.9,158.0,122.1,221.1,800.0,0.0,0.89,6.5,31.1,3.7,26.9,1,5/2/2025 10:06:26 AM
4/8/2025 3:00:00 AM,4/7/2025 11:00:00 PM,800,299.1,158.0,118.4,224.5,800.0,0.0,0.89,6.5,31.1,5.5,31.3,1,5/2/2025 10:06:26 AM
4/8/2025 4:00:00 AM,4/8/2025 12:00:00 AM,525,206.3,113.9,76.4,128.4,525.0,0.0,0.89,6.5,31.2,8.9,30.8,1,5/2/2025 10:06:25 AM
4/8/2025 5:00:00 AM,4/8/2025 1:00:00 AM,525,205.7,113.9,77.3,128.4,525.0,0.0,0.92,6.5,31.2,4.9,33.2,1,5/2/2025 10:06:25 AM
4/8/2025 6:00:00 AM,4/8/2025 2:00:00 AM,525,205.7,113.9,77.3,128.3,525.0,0.0,0.90,6.5,31.2,1.2,28.7,1,5/2/2025 10:06:25 AM
4/8/2025 7:00:00 AM,4/8/2025 3:00:00 AM,525,206.2,113.9,77.1,128.0,525.0,0.0,0.89,6.5,31.2,6.4,34.1,1,5/2/2025 10:06:25 AM
4/8/2025 8:00:00 AM,4/8/2025 4:00:00 AM,525,195.9,113.9,87.2,128.0,525.0,0.0,0.90,6.5,31.2,8.0,37.7,1,5/2/2025 10:06:25 AM
4/8/2025 9:00:00 AM,4/8/2025 5:00:00 AM,800,295.3,159.2,121.0,224.4,800.0,0.0,0.88,6.5,31.2,6.0,27.0,1,5/2/2025 10:06:25 AM
4/8/2025 10:00:00 AM,4/8/2025 6:00:00 AM,800,285.6,173.2,137.6,203.5,800.0,0.0,0.88,6.5,31.2,6.4,26.2,1,5/2/2025 10:06:25 AM
4/8/2025 11:00:00 AM,4/8/2025 7:00:00 AM,800,290.0,60.1,133.1,316.6,800.0,0.0,0.87,6.5,31.2,3.7,12.0,1,5/2/2025 10:06:25 AM
4/8/2025 12:00:00 PM,4/8/2025 8:00:00 AM,525,175.2,5.5,107.5,236.7,525.0,0.0,0.88,6.5,31.2,7.0,17.3,1,5/2/2025 10:06:25 AM
4/8/2025 1:00:00 PM,4/8/2025 9:00:00 AM,525,172.7,54.0,110.1,188.3,525.0,0.0,0.88,6.5,31.2,9.0,36.4,1,5/2/2025 10:06:25 AM
4/8/2025 2:00:00 PM,4/8/2025 10:00:00 AM,525,188.2,81.7,94.4,160.6,525.0,0.0,0.90,6.5,31.2,6.9,31.8,1,5/2/2025 10:06:25 AM
4/8/2025 3:00:00 PM,4/8/2025 11:00:00 AM,525,185.6,81.7,97.3,160.4,525.0,0.0,0.89,6.5,31.2,3.4,31.9,1,5/2/2025 10:06:25 AM
4/8/2025 4:00:00 PM,4/8/2025 12:00:00 PM,525,183.8,81.7,99.5,160.2,525.0,0.0,0.89,6.5,31.2,8.1,28.7,1,5/2/2025 10:06:25 AM
4/8/2025 5:00:00 PM,4/8/2025 1:00:00 PM,525,183.9,81.7,99.5,160.0,525.0,0.0,0.89,6.5,31.2,8.0,30.8,1,5/2/2025 10:06:25 AM
4/8/2025 6:00:00 PM,4/8/2025 2:00:00 PM,525,183.9,81.7,99.4,160.0,525.0,0.0,0.91,6.5,31.2,6.1,26.6,1,5/2/2025 10:06:25 AM
4/8/2025 7:00:00 PM,4/8/2025 3:00:00 PM,525,227.4,81.7,56.8,159.2,525.0,0.0,0.90,6.5,31.2,4.3,31.5,1,5/2/2025 10:06:25 AM
4/8/2025 8:00:00 PM,4/8/2025 4:00:00 PM,525,179.6,81.7,104.0,159.9,525.0,0.0,0.91,6.5,31.2,7.3,32.0,1,5/2/2025 10:06:25 AM
4/8/2025 9:00:00 PM,4/8/2025 5:00:00 PM,800,286.2,54.0,141.3,318.7,800.0,0.0,0.87,6.5,31.2,7.4,25.2,1,5/2/2025 10:06:26 AM
4/8/2025 10:00:00 PM,4/8/2025 6:00:00 PM,800,285.4,167.2,143.8,203.6,800.0,0.0,0.90,6.5,31.2,6.8,27.3,1,5/2/2025 10:06:26 AM
4/8/2025 11:00:00 PM,4/8/2025 7:00:00 PM,800,280.3,60.1,152.4,307.0,800.0,0.0,0.90,6.5,31.2,6.7,28.5,1,5/2/2025 10:06:26 AM
4/9/2025 12:00:00 AM,4/8/2025 8:00:00 PM,800,280.7,60.1,151.8,307.5,800.0,0.0,0.93,6.5,31.2,4.3,25.3,1,5/2/2025 10:06:26 AM
4/9/2025 1:00:00 AM,4/8/2025 9:00:00 PM,800,282.2,60.1,147.3,310.7,800.0,0.0,0.92,6.5,31.2,3.6,29.1,1,5/2/2025 10:06:26 AM
4/9/2025 2:00:00 AM,4/8/2025 10:00:00 PM,800,286.0,5.5,142.3,366.2,800.0,0.0,0.90,6.5,31.2,4.8,23.8,1,5/2/2025 10:06:26 AM
4/9/2025 3:00:00 AM,4/8/2025 11:00:00 PM,800,285.6,5.5,140.6,368.6,800.0,0.0,0.90,6.5,31.2,7.1,28.4,1,5/2/2025 10:06:26 AM
4/9/2025 4:00:00 AM,4/9/2025 12:00:00 AM,525,188.2,110.0,95.4,131.6,525.0,0.0,0.91,6.5,31.3,7.4,34.6,1,5/2/2025 10:06:26 AM
4/9/2025 5:00:00 AM,4/9/2025 1:00:00 AM,525,188.2,110.0,95.4,131.6,525.0,0.0,0.93,6.5,31.3,7.5,23.7,1,5/2/2025 10:06:26 AM
4/9/2025 6:00:00 AM,4/9/2025 2:00:00 AM,525,207.2,110.0,74.6,133.3,525.0,0.0,0.93,6.5,31.3,4.2,17.7,1,5/2/2025 10:06:26 AM
4/9/2025 7:00:00 AM,4/9/2025 3:00:00 AM,525,209.6,110.0,73.6,132.1,525.0,0.0,0.93,6.5,31.3,4.6,30.8,1,5/2/2025 10:06:26 AM
4/9/2025 8:00:00 AM,4/9/2025 4:00:00 AM,525,179.9,110.0,104.1,131.0,525.0,0.0,0.91,6.5,31.3,1.7,33.1,1,5/2/2025 10:06:26 AM
4/9/2025 9:00:00 AM,4/9/2025 5:00:00 AM,800,283.5,42.3,139.2,334.8,800.0,0.0,0.89,6.5,31.3,2.2,17.9,1,5/2/2025 10:06:25 AM
4/9/2025 10:00:00 AM,4/9/2025 6:00:00 AM,800,280.1,96.9,147.9,275.1,800.0,0.0,0.91,6.5,31.3,7.1,29.7,1,5/2/2025 10:06:25 AM
4/9/2025 11:00:00 AM,4/9/2025 7:00:00 AM,800,289.9,96.9,134.5,278.7,800.0,0.0,0.88,6.5,31.3,0.2,13.0,1,5/2/2025 10:06:25 AM
4/9/2025 12:00:00 PM,4/9/2025 8:00:00 AM,525,178.5,126.1,105.3,114.9,525.0,0.0,0.90,6.5,31.3,4.6,26.3,1,5/2/2025 10:06:25 AM
4/9/2025 1:00:00 PM,4/9/2025 9:00:00 AM,525,192.3,120.0,90.8,122.1,525.0,0.0,0.89,6.5,31.3,9.1,29.1,1,5/2/2025 10:06:25 AM
4/9/2025 2:00:00 PM,4/9/2025 10:00:00 AM,525,237.5,120.0,45.0,122.6,525.0,0.0,0.91,6.5,31.3,5.7,29.6,1,5/2/2025 10:06:25 AM
4/9/2025 3:00:00 PM,4/9/2025 11:00:00 AM,525,183.0,120.0,100.3,121.6,525.0,0.0,0.89,6.5,31.3,7.2,32.7,1,5/2/2025 10:06:25 AM
4/9/2025 4:00:00 PM,4/9/2025 12:00:00 PM,525,181.3,120.0,102.5,121.6,525.0,0.0,0.90,6.5,31.3,8.0,30.0,1,5/2/2025 10:06:25 AM
4/9/2025 5:00:00 PM,4/9/2025 1:00:00 PM,525,181.3,120.0,102.4,121.3,525.0,0.0,0.93,6.5,31.3,7.9,29.4,1,5/2/2025 10:06:25 AM
4/9/2025 6:00:00 PM,4/9/2025 2:00:00 PM,525,181.3,83.2,102.5,158.3,525.0,0.0,0.93,6.5,31.3,8.6,22.5,1,5/2/2025 10:06:25 AM
4/9/2025 7:00:00 PM,4/9/2025 3:00:00 PM,525,224.1,83.2,60.1,157.9,525.0,0.0,0.89,6.5,31.3,8.3,27.0,1,5/2/2025 10:06:25 AM
4/9/2025 8:00:00 PM,4/9/2025 4:00:00 PM,525,179.7,83.2,104.8,157.5,525.0,0.0,0.92,6.5,31.3,9.9,30.2,1,5/2/2025 10:06:25 AM
4/9/2025 9:00:00 PM,4/9/2025 5:00:00 PM,800,281.1,83.2,144.0,292.0,800.0,0.0,0.91,6.5,31.3,5.0,24.7,1,5/2/2025 10:06:25 AM
4/9/2025 10:00:00 PM,4/9/2025 6:00:00 PM,800,283.1,196.3,144.9,176.2,800.0,0.0,0.91,6.5,31.3,6.7,30.9,1,5/2/2025 10:06:26 AM
4/9/2025 11:00:00 PM,4/9/2025 7:00:00 PM,800,279.8,70.7,151.7,297.8,800.0,0.0,0.92,6.5,31.3,4.6,25.4,1,5/2/2025 10:06:26 AM
4/10/2025 12:00:00 AM,4/9/2025 8:00:00 PM,800,279.7,60.1,151.3,308.6,800.0,0.0,0.92,6.5,31.3,3.2,24.1,1,5/2/2025 10:06:26 AM
4/10/2025 1:00:00 AM,4/9/2025 9:00:00 PM,800,284.3,60.1,139.9,315.8,800.0,0.0,0.94,6.5,31.3,1.5,26.0,1,5/2/2025 10:06:26 AM
4/10/2025 2:00:00 AM,4/9/2025 10:00:00 PM,800,284.9,34.7,140.3,340.0,800.0,0.0,0.93,6.5,31.3,0.5,28.6,1,5/2/2025 10:06:26 AM
4/10/2025 3:00:00 AM,4/9/2025 11:00:00 PM,800,284.5,112.9,140.9,261.9,800.0,0.0,0.88,6.5,31.3,5.2,29.4,1,5/2/2025 10:06:26 AM
4/10/2025 4:00:00 AM,4/10/2025 12:00:00 AM,525,188.0,73.2,95.5,168.8,525.0,0.0,0.92,6.5,31.5,4.2,25.2,1,5/2/2025 10:06:26 AM
4/10/2025 5:00:00 AM,4/10/2025 1:00:00 AM,525,188.0,73.2,95.5,168.5,525.0,0.0,0.93,6.5,31.5,3.8,30.1,1,5/2/2025 10:06:26 AM
4/10/2025 6:00:00 AM,4/10/2025 2:00:00 AM,525,207.1,73.2,74.5,170.3,525.0,0.0,0.92,6.5,31.5,7.0,28.9,1,5/2/2025 10:06:26 AM
4/10/2025 7:00:00 AM,4/10/2025 3:00:00 AM,525,212.9,73.2,69.4,169.8,525.0,0.0,0.89,6.5,31.5,4.3,28.1,1,5/2/2025 10:06:26 AM
4/10/2025 8:00:00 AM,4/10/2025 4:00:00 AM,525,182.4,73.2,101.0,168.8,525.0,0.0,0.93,6.5,31.5,5.4,23.6,1,5/2/2025 10:06:26 AM
4/10/2025 9:00:00 AM,4/10/2025 5:00:00 AM,800,280.7,186.3,140.6,192.6,800.0,0.0,0.92,6.5,31.5,4.7,32.3,1,5/2/2025 10:06:26 AM
4/10/2025 10:00:00 AM,4/10/2025 6:00:00 AM,800,279.5,60.1,143.8,316.9,800.0,0.0,0.91,6.5,31.5,2.7,22.5,1,5/2/2025 10:06:25 AM
4/10/2025 11:00:00 AM,4/10/2025 7:00:00 AM,800,285.1,60.1,139.0,316.0,800.0,0.0,0.92,6.5,31.5,1.4,25.9,1,5/2/2025 10:06:25 AM
4/10/2025 12:00:00 PM,4/10/2025 8:00:00 AM,525,178.4,60.1,105.2,181.4,525.0,0.0,0.92,6.5,31.5,3.8,28.1,1,5/2/2025 10:06:25 AM
4/10/2025 1:00:00 PM,4/10/2025 9:00:00 AM,525,172.1,16.0,111.6,225.5,525.0,0.0,0.89,6.5,31.5,1.2,28.5,1,5/2/2025 10:06:25 AM
4/10/2025 2:00:00 PM,4/10/2025 10:00:00 AM,525,219.5,54.3,62.1,189.3,525.0,0.0,0.92,6.5,31.5,5.1,29.4,1,5/2/2025 10:06:25 AM
4/10/2025 3:00:00 PM,4/10/2025 11:00:00 AM,525,181.5,54.3,101.8,187.3,525.0,0.0,0.89,6.5,31.5,6.9,35.0,1,5/2/2025 10:06:25 AM
4/10/2025 4:00:00 PM,4/10/2025 12:00:00 PM,525,200.8,54.3,81.0,189.1,525.0,0.0,0.89,6.5,31.5,9.3,33.4,1,5/2/2025 10:06:25 AM
4/10/2025 5:00:00 PM,4/10/2025 1:00:00 PM,525,180.4,43.7,103.4,197.6,525.0,0.0,0.92,6.5,31.5,8.0,36.7,1,5/2/2025 10:06:25 AM
4/10/2025 6:00:00 PM,4/10/2025 2:00:00 PM,525,180.4,43.7,103.6,197.6,525.0,0.0,0.93,6.5,31.5,5.5,40.7,1,5/2/2025 10:06:25 AM
4/10/2025 7:00:00 PM,4/10/2025 3:00:00 PM,525,220.2,84.4,62.4,158.5,525.0,0.0,0.91,6.5,31.5,6.3,25.6,1,5/2/2025 10:06:25 AM
4/10/2025 8:00:00 PM,4/10/2025 4:00:00 PM,525,178.9,86.3,105.4,154.7,525.0,0.0,0.90,6.5,31.5,5.3,22.3,1,5/2/2025 10:06:25 AM
4/10/2025 9:00:00 PM,4/10/2025 5:00:00 PM,800,284.3,86.3,140.9,288.8,800.0,0.0,0.85,6.5,31.5,4.3,24.4,1,5/2/2025 10:06:25 AM
4/10/2025 10:00:00 PM,4/10/2025 6:00:00 PM,800,283.8,86.3,143.4,287.1,800.0,0.0,0.91,6.5,31.5,5.1,28.2,1,5/2/2025 10:06:25 AM
4/10/2025 11:00:00 PM,4/10/2025 7:00:00 PM,800,294.9,102.6,127.7,275.2,800.0,0.0,0.92,6.5,31.5,3.6,33.1,1,5/2/2025 10:06:25 AM
4/11/2025 12:00:00 AM,4/10/2025 8:00:00 PM,800,295.3,102.6,120.0,282.5,800.0,0.0,0.90,6.5,31.5,1.1,23.1,1,5/2/2025 10:06:25 AM
4/11/2025 1:00:00 AM,4/10/2025 9:00:00 PM,800,281.6,126.1,146.8,245.8,800.0,0.0,0.92,6.5,31.5,6.7,30.1,1,5/2/2025 10:06:25 AM
4/11/2025 2:00:00 AM,4/10/2025 10:00:00 PM,800,285.5,126.3,140.4,248.3,800.0,0.0,0.92,6.5,31.5,3.1,23.1,1,5/2/2025 10:06:25 AM
4/11/2025 3:00:00 AM,4/10/2025 11:00:00 PM,800,285.6,126.3,139.0,249.6,800.0,0.0,0.91,6.5,31.5,5.0,26.9,1,5/2/2025 10:06:26 AM
4/11/2025 4:00:00 AM,4/11/2025 12:00:00 AM,525,190.0,143.5,92.8,99.3,525.0,0.0,0.91,6.5,31.5,1.9,34.9,1,5/2/2025 10:06:26 AM
4/11/2025 5:00:00 AM,4/11/2025 1:00:00 AM,525,182.6,143.5,100.9,98.3,525.0,0.0,0.92,6.5,31.5,4.4,27.7,1,5/2/2025 10:06:26 AM
4/11/2025 6:00:00 AM,4/11/2025 2:00:00 AM,525,202.0,143.5,80.1,99.4,525.0,0.0,0.92,6.5,31.5,10.1,38.3,1,5/2/2025 10:06:26 AM
4/11/2025 7:00:00 AM,4/11/2025 3:00:00 AM,525,246.8,141.6,35.5,101.3,525.0,0.0,0.91,6.5,31.5,5.6,33.9,1,5/2/2025 10:06:26 AM
4/11/2025 8:00:00 AM,4/11/2025 4:00:00 AM,525,179.8,141.6,103.7,100.2,525.0,0.0,0.94,6.5,31.5,6.2,28.9,1,5/2/2025 10:06:26 AM
4/11/2025 9:00:00 AM,4/11/2025 5:00:00 AM,800,278.2,141.6,143.7,236.7,800.0,0.0,0.90,6.5,31.5,6.5,20.7,1,5/2/2025 10:06:26 AM
4/11/2025 10:00:00 AM,4/11/2025 6:00:00 AM,800,277.9,114.0,147.7,260.5,800.0,0.0,0.91,6.5,31.5,4.9,28.5,1,5/2/2025 10:06:26 AM
4/11/2025 11:00:00 AM,4/11/2025 7:00:00 AM,800,288.0,46.4,135.0,330.8,800.0,0.0,0.91,6.5,31.5,7.4,30.3,1,5/2/2025 10:06:26 AM
4/11/2025 12:00:00 PM,4/11/2025 8:00:00 AM,525,174.0,101.0,109.3,140.6,525.0,0.0,0.91,6.5,31.5,8.1,38.8,1,5/2/2025 10:06:25 AM
4/11/2025 1:00:00 PM,4/11/2025 9:00:00 AM,525,177.3,101.0,106.4,140.4,525.0,0.0,0.94,6.5,31.5,3.8,26.2,1,5/2/2025 10:06:25 AM
4/11/2025 2:00:00 PM,4/11/2025 10:00:00 AM,525,178.1,101.0,105.7,140.2,525.0,0.0,0.92,6.5,31.5,3.6,27.9,1,5/2/2025 10:06:25 AM
4/11/2025 3:00:00 PM,4/11/2025 11:00:00 AM,525,179.4,46.4,104.3,195.0,525.0,0.0,0.91,6.5,31.5,2.1,29.1,1,5/2/2025 10:06:25 AM
4/11/2025 4:00:00 PM,4/11/2025 12:00:00 PM,525,176.6,93.4,107.3,147.9,525.0,0.0,0.91,6.5,31.5,5.0,34.0,1,5/2/2025 10:06:25 AM
4/11/2025 5:00:00 PM,4/11/2025 1:00:00 PM,525,176.2,91.6,107.8,149.6,525.0,0.0,0.90,6.5,31.5,10.5,35.2,1,5/2/2025 10:06:25 AM
4/11/2025 6:00:00 PM,4/11/2025 2:00:00 PM,525,174.1,73.0,109.7,168.7,525.0,0.0,0.91,6.5,31.5,7.9,44.2,1,5/2/2025 10:06:25 AM
4/11/2025 7:00:00 PM,4/11/2025 3:00:00 PM,525,215.7,62.3,66.5,181.0,525.0,0.0,0.92,6.5,31.5,9.4,31.1,1,5/2/2025 10:06:25 AM
4/11/2025 8:00:00 PM,4/11/2025 4:00:00 PM,525,174.8,73.0,108.8,168.7,525.0,0.0,0.91,6.5,31.5,6.5,32.8,1,5/2/2025 10:06:25 AM
4/11/2025 9:00:00 PM,4/11/2025 5:00:00 PM,800,283.6,73.0,141.9,301.4,800.0,0.0,0.90,6.5,31.5,3.3,24.3,1,5/2/2025 10:06:25 AM
4/11/2025 10:00:00 PM,4/11/2025 6:00:00 PM,800,281.1,95.3,147.1,277.2,800.0,0.0,0.91,6.5,31.5,3.9,30.5,1,5/2/2025 10:06:25 AM
4/11/2025 11:00:00 PM,4/11/2025 7:00:00 PM,800,275.7,149.9,152.8,221.8,800.0,0.0,0.91,6.5,31.5,6.6,32.2,1,5/2/2025 10:06:25 AM
4/12/2025 12:00:00 AM,4/11/2025 8:00:00 PM,800,277.8,101.0,148.9,272.9,800.0,0.0,0.91,6.5,31.5,5.7,28.2,1,5/2/2025 10:06:26 AM
4/12/2025 1:00:00 AM,4/11/2025 9:00:00 PM,800,278.8,46.4,147.1,328.0,800.0,0.0,0.91,6.5,31.5,1.0,24.1,1,5/2/2025 10:06:26 AM
4/12/2025 2:00:00 AM,4/11/2025 10:00:00 PM,800,282.1,114.1,141.9,261.8,800.0,0.0,0.93,6.5,31.5,6.2,28.3,1,5/2/2025 10:06:26 AM
4/12/2025 3:00:00 AM,4/11/2025 11:00:00 PM,800,281.8,114.1,140.9,263.2,800.0,0.0,0.91,6.5,31.5,4.9,30.7,1,5/2/2025 10:06:26 AM
4/12/2025 4:00:00 AM,4/12/2025 12:00:00 AM,525,189.8,110.5,93.1,131.9,525.0,0.0,0.89,6.5,31.6,2.7,24.7,1,5/2/2025 10:06:26 AM
4/12/2025 5:00:00 AM,4/12/2025 1:00:00 AM,525,182.5,110.5,101.5,130.7,525.0,0.0,0.90,6.5,31.6,9.9,41.3,1,5/2/2025 10:06:26 AM
4/12/2025 6:00:00 AM,4/12/2025 2:00:00 AM,525,201.6,110.5,80.6,132.6,525.0,0.0,0.91,6.5,31.6,5.7,41.9,1,5/2/2025 10:06:26 AM
4/12/2025 7:00:00 AM,4/12/2025 3:00:00 AM,525,211.5,110.5,71.1,131.9,525.0,0.0,0.93,6.5,31.6,5.2,36.9,1,5/2/2025 10:06:26 AM
4/12/2025 8:00:00 AM,4/12/2025 4:00:00 AM,525,172.6,110.5,111.9,130.2,525.0,0.0,0.93,6.5,31.6,6.7,30.9,1,5/2/2025 10:06:26 AM
4/12/2025 9:00:00 AM,4/12/2025 5:00:00 AM,800,275.2,125.0,142.4,257.9,800.0,0.0,0.91,6.5,31.6,5.7,34.9,1,5/2/2025 10:06:26 AM
4/12/2025 10:00:00 AM,4/12/2025 6:00:00 AM,800,271.7,77.4,148.7,302.5,800.0,0.0,0.92,6.5,31.6,6.5,32.0,1,5/2/2025 10:06:26 AM
4/12/2025 11:00:00 AM,4/12/2025 7:00:00 AM,800,282.2,38.7,133.9,345.5,800.0,0.0,0.91,6.5,31.6,2.3,28.9,1,5/2/2025 10:06:25 AM
4/12/2025 12:00:00 PM,4/12/2025 8:00:00 AM,525,170.8,58.8,114.1,181.4,525.0,0.0,0.93,6.5,31.6,4.8,34.0,1,5/2/2025 10:06:25 AM
4/12/2025 1:00:00 PM,4/12/2025 9:00:00 AM,525,167.7,58.8,117.3,181.6,525.0,0.0,0.92,6.5,31.6,7.7,31.6,1,5/2/2025 10:06:25 AM
4/12/2025 2:00:00 PM,4/12/2025 10:00:00 AM,525,167.7,64.4,117.3,175.9,525.0,0.0,0.94,6.5,31.6,0.6,30.5,1,5/2/2025 10:06:25 AM
4/12/2025 3:00:00 PM,4/12/2025 11:00:00 AM,525,167.8,64.4,117.1,175.7,525.0,0.0,0.92,6.5,31.6,5.5,27.5,1,5/2/2025 10:06:25 AM
4/12/2025 4:00:00 PM,4/12/2025 12:00:00 PM,525,205.5,64.4,78.4,177.0,525.0,0.0,0.87,6.5,31.6,4.0,18.0,1,5/2/2025 10:06:25 AM
4/12/2025 5:00:00 PM,4/12/2025 1:00:00 PM,525,207.2,64.4,76.4,177.3,525.0,0.0,0.91,6.5,31.6,7.6,27.2,1,5/2/2025 10:06:25 AM
4/12/2025 6:00:00 PM,4/12/2025 2:00:00 PM,525,230.8,60.7,50.6,183.0,525.0,0.0,0.94,6.5,31.6,7.2,31.8,1,5/2/2025 10:06:25 AM
4/12/2025 7:00:00 PM,4/12/2025 3:00:00 PM,525,231.6,60.7,49.6,182.8,525.0,0.0,0.90,6.5,31.6,5.5,23.0,1,5/2/2025 10:06:25 AM
4/12/2025 8:00:00 PM,4/12/2025 4:00:00 PM,525,171.2,64.4,113.3,176.1,525.0,0.0,0.92,6.5,31.6,3.0,30.9,1,5/2/2025 10:06:25 AM
4/12/2025 9:00:00 PM,4/12/2025 5:00:00 PM,800,275.8,64.4,145.6,314.3,800.0,0.0,0.90,6.5,31.6,6.3,25.9,1,5/2/2025 10:06:25 AM
4/12/2025 10:00:00 PM,4/12/2025 6:00:00 PM,800,275.2,181.3,146.5,197.3,800.0,0.0,0.90,6.5,31.6,6.2,25.9,1,5/2/2025 10:06:25 AM
4/12/2025 11:00:00 PM,4/12/2025 7:00:00 PM,800,275.7,150.0,145.4,229.5,800.0,0.0,0.90,6.5,31.6,8.0,34.9,1,5/2/2025 10:06:25 AM
4/13/2025 12:00:00 AM,4/12/2025 8:00:00 PM,800,276.4,150.0,141.9,232.1,800.0,0.0,0.92,6.5,31.6,3.0,35.8,1,5/2/2025 10:06:25 AM
4/13/2025 1:00:00 AM,4/12/2025 9:00:00 PM,800,278.1,68.1,138.9,315.5,800.0,0.0,0.91,6.5,31.6,5.9,29.3,1,5/2/2025 10:06:25 AM
4/13/2025 2:00:00 AM,4/12/2025 10:00:00 PM,800,281.1,125.0,134.3,259.7,800.0,0.0,0.91,6.5,31.6,6.3,33.9,1,5/2/2025 10:06:26 AM
4/13/2025 3:00:00 AM,4/12/2025 11:00:00 PM,800,280.6,125.0,136.8,258.0,800.0,0.0,0.90,6.5,31.6,8.0,29.3,1,5/2/2025 10:06:26 AM
4/13/2025 4:00:00 AM,4/13/2025 12:00:00 AM,525,189.4,125.4,93.2,117.0,525.0,0.0,0.91,6.5,31.6,12.8,31.5,1,5/2/2025 10:06:26 AM
4/13/2025 5:00:00 AM,4/13/2025 1:00:00 AM,525,185.0,125.4,98.9,115.6,525.0,0.0,0.90,6.5,31.6,8.1,38.7,1,5/2/2025 10:06:26 AM
4/13/2025 6:00:00 AM,4/13/2025 2:00:00 AM,525,204.5,125.4,77.4,117.7,525.0,0.0,0.90,6.5,31.6,11.6,38.5,1,5/2/2025 10:06:26 AM
4/13/2025 7:00:00 AM,4/13/2025 3:00:00 AM,525,211.4,125.4,70.6,117.5,525.0,0.0,0.91,6.5,31.6,9.4,29.0,1,5/2/2025 10:06:26 AM
4/13/2025 8:00:00 AM,4/13/2025 4:00:00 AM,525,176.5,125.4,107.7,115.6,525.0,0.0,0.95,6.5,31.6,2.8,34.8,1,5/2/2025 10:06:26 AM
4/13/2025 9:00:00 AM,4/13/2025 5:00:00 AM,800,281.2,154.8,134.4,229.4,800.0,0.0,0.90,6.5,31.6,7.4,25.4,1,5/2/2025 10:06:26 AM
4/13/2025 10:00:00 AM,4/13/2025 6:00:00 AM,800,278.8,59.1,138.4,323.9,800.0,0.0,0.90,6.5,31.6,5.5,34.3,1,5/2/2025 10:06:26 AM
4/13/2025 11:00:00 AM,4/13/2025 7:00:00 AM,800,288.9,59.1,126.2,326.0,800.0,0.0,0.89,6.5,31.6,6.0,27.8,1,5/2/2025 10:06:25 AM
4/13/2025 12:00:00 PM,4/13/2025 8:00:00 AM,525,175.2,59.1,109.2,181.4,525.0,0.0,0.93,6.5,31.6,5.2,27.1,1,5/2/2025 10:06:25 AM
4/13/2025 1:00:00 PM,4/13/2025 9:00:00 AM,525,173.6,64.7,111.0,175.6,525.0,0.0,0.90,6.5,31.6,12.9,25.9,1,5/2/2025 10:06:25 AM
4/13/2025 2:00:00 PM,4/13/2025 10:00:00 AM,525,175.1,64.7,109.5,175.9,525.0,0.0,0.93,6.5,31.6,7.5,27.1,1,5/2/2025 10:06:25 AM
4/13/2025 3:00:00 PM,4/13/2025 11:00:00 AM,525,175.1,61.0,109.4,179.5,525.0,0.0,0.90,6.5,31.6,7.8,22.0,1,5/2/2025 10:06:25 AM
4/13/2025 4:00:00 PM,4/13/2025 12:00:00 PM,525,174.9,61.0,109.3,179.9,525.0,0.0,0.91,6.5,31.6,6.3,26.9,1,5/2/2025 10:06:25 AM
4/13/2025 5:00:00 PM,4/13/2025 1:00:00 PM,525,214.9,61.0,67.1,182.0,525.0,0.0,0.92,6.5,31.6,6.8,36.9,1,5/2/2025 10:06:25 AM
4/13/2025 6:00:00 PM,4/13/2025 2:00:00 PM,525,214.7,61.0,67.1,182.1,525.0,0.0,0.92,6.5,31.6,5.6,24.6,1,5/2/2025 10:06:25 AM
4/13/2025 7:00:00 PM,4/13/2025 3:00:00 PM,525,212.7,61.0,69.9,181.1,525.0,0.0,0.91,6.5,31.6,9.0,39.0,1,5/2/2025 10:06:25 AM
4/13/2025 8:00:00 PM,4/13/2025 4:00:00 PM,525,172.3,61.0,112.4,179.1,525.0,0.0,0.90,6.5,31.6,7.3,35.1,1,5/2/2025 10:06:25 AM
4/13/2025 9:00:00 PM,4/13/2025 5:00:00 PM,800,274.9,61.0,145.1,319.1,800.0,0.0,0.90,6.5,31.6,7.5,27.4,1,5/2/2025 10:06:25 AM
4/13/2025 10:00:00 PM,4/13/2025 6:00:00 PM,800,271.3,62.8,152.4,313.4,800.0,0.0,0.90,6.5,31.6,5.3,27.1,1,5/2/2025 10:06:25 AM
4/13/2025 11:00:00 PM,4/13/2025 7:00:00 PM,800,277.7,62.8,148.1,311.3,800.0,0.0,0.92,6.5,31.6,3.5,25.9,1,5/2/2025 10:06:25 AM
4/14/2025 12:00:00 AM,4/13/2025 8:00:00 PM,800,277.5,115.3,148.5,258.9,800.0,0.0,0.92,6.5,31.6,2.6,24.0,1,5/2/2025 10:06:25 AM
4/14/2025 1:00:00 AM,4/13/2025 9:00:00 PM,800,279.2,115.3,144.5,261.2,800.0,0.0,0.93,6.5,31.6,3.8,27.7,1,5/2/2025 10:06:25 AM
4/14/2025 2:00:00 AM,4/13/2025 10:00:00 PM,800,283.2,101.1,136.4,279.3,800.0,0.0,0.91,6.5,31.6,5.1,30.7,1,5/2/2025 10:06:25 AM
4/14/2025 3:00:00 AM,4/13/2025 11:00:00 PM,800,283.9,101.1,134.7,280.4,800.0,0.0,0.90,6.5,31.6,7.2,30.4,1,5/2/2025 10:06:25 AM
4/14/2025 4:00:00 AM,4/14/2025 12:00:00 AM,525,189.7,121.8,93.0,120.6,525.0,0.0,0.93,6.5,31.7,8.2,34.7,1,5/2/2025 10:06:26 AM
4/14/2025 5:00:00 AM,4/14/2025 1:00:00 AM,525,180.9,121.8,102.7,119.5,525.0,0.0,0.92,6.5,31.7,6.3,29.0,1,5/2/2025 10:06:26 AM
4/14/2025 6:00:00 AM,4/14/2025 2:00:00 AM,525,200.3,123.7,81.8,119.4,525.0,0.0,0.93,6.5,31.7,7.8,37.8,1,5/2/2025 10:06:26 AM
4/14/2025 7:00:00 AM,4/14/2025 3:00:00 AM,525,203.4,123.7,77.7,120.4,525.0,0.0,0.92,6.5,31.7,7.0,36.5,1,5/2/2025 10:06:26 AM
4/14/2025 8:00:00 AM,4/14/2025 4:00:00 AM,525,179.6,153.2,103.8,88.5,525.0,0.0,0.93,6.5,31.7,4.5,37.4,1,5/2/2025 10:06:26 AM
4/14/2025 9:00:00 AM,4/14/2025 5:00:00 AM,800,276.6,153.2,141.7,228.6,800.0,0.0,0.91,6.5,31.7,5.3,25.1,1,5/2/2025 10:06:26 AM
4/14/2025 10:00:00 AM,4/14/2025 6:00:00 AM,800,273.5,125.0,149.7,251.9,800.0,0.0,0.92,6.5,31.7,6.4,31.3,1,5/2/2025 10:06:26 AM
4/14/2025 11:00:00 AM,4/14/2025 7:00:00 AM,800,282.9,126.9,137.2,253.4,800.0,0.0,0.91,6.5,31.7,4.3,27.6,1,5/2/2025 10:06:26 AM
4/14/2025 12:00:00 PM,4/14/2025 8:00:00 AM,525,172.3,45.0,111.9,195.8,525.0,0.0,0.92,6.5,31.7,7.0,24.6,1,5/2/2025 10:06:26 AM
4/14/2025 1:00:00 PM,4/14/2025 9:00:00 AM,525,173.3,74.5,111.0,166.7,525.0,0.0,0.93,6.5,31.7,6.1,36.3,1,5/2/2025 10:06:26 AM
4/14/2025 2:00:00 PM,4/14/2025 10:00:00 AM,525,172.7,89.2,111.7,151.5,525.0,0.0,0.91,6.5,31.7,9.8,24.8,1,5/2/2025 10:06:26 AM
4/14/2025 3:00:00 PM,4/14/2025 11:00:00 AM,525,172.6,85.4,111.6,155.4,525.0,0.0,0.92,6.5,31.7,11.0,32.2,1,5/2/2025 10:06:26 AM
4/14/2025 4:00:00 PM,4/14/2025 12:00:00 PM,525,170.4,85.4,114.4,154.7,525.0,0.0,0.90,6.5,31.7,8.2,30.6,1,5/2/2025 10:06:25 AM
4/14/2025 5:00:00 PM,4/14/2025 1:00:00 PM,525,170.5,85.4,114.3,155.1,525.0,0.0,0.92,6.5,31.7,12.0,29.2,1,5/2/2025 10:06:25 AM
4/14/2025 6:00:00 PM,4/14/2025 2:00:00 PM,525,179.5,85.4,104.5,155.5,525.0,0.0,0.93,6.5,31.7,6.0,32.0,1,5/2/2025 10:06:25 AM
4/14/2025 7:00:00 PM,4/14/2025 3:00:00 PM,525,221.0,85.4,61.7,157.1,525.0,0.0,0.90,6.5,31.7,6.3,28.3,1,5/2/2025 10:06:25 AM
4/14/2025 8:00:00 PM,4/14/2025 4:00:00 PM,525,179.5,76.3,104.4,165.2,525.0,0.0,0.93,6.5,31.7,9.1,19.6,1,5/2/2025 10:06:25 AM
4/14/2025 9:00:00 PM,4/14/2025 5:00:00 PM,800,278.6,76.3,139.9,305.7,800.0,0.0,0.91,6.5,31.7,9.8,30.4,1,5/2/2025 10:06:25 AM
4/14/2025 10:00:00 PM,4/14/2025 6:00:00 PM,800,284.9,46.8,132.3,336.0,800.0,0.0,0.91,6.5,31.7,6.2,30.0,1,5/2/2025 10:06:25 AM
4/14/2025 11:00:00 PM,4/14/2025 7:00:00 PM,800,277.8,128.7,143.5,250.3,800.0,0.0,0.91,6.5,31.7,6.1,35.1,1,5/2/2025 10:06:25 AM
4/15/2025 12:00:00 AM,4/14/2025 8:00:00 PM,800,278.4,128.7,143.1,250.2,800.0,0.0,0.93,6.5,31.7,6.7,33.1,1,5/2/2025 10:06:25 AM
4/15/2025 1:00:00 AM,4/14/2025 9:00:00 PM,800,280.4,46.8,137.4,335.6,800.0,0.0,0.94,6.5,31.7,3.2,27.7,1,5/2/2025 10:06:25 AM
4/15/2025 2:00:00 AM,4/14/2025 10:00:00 PM,800,283.1,70.7,132.2,314.1,800.0,0.0,0.91,6.5,31.7,4.6,25.7,1,5/2/2025 10:06:25 AM
4/15/2025 3:00:00 AM,4/14/2025 11:00:00 PM,800,283.2,109.0,129.5,278.6,800.0,0.0,0.91,6.5,31.7,5.3,36.1,1,5/2/2025 10:06:25 AM
4/15/2025 4:00:00 AM,4/15/2025 12:00:00 AM,525,191.3,158.1,90.9,84.9,525.0,0.0,0.93,6.5,31.6,11.9,27.4,1,5/2/2025 10:06:25 AM
4/15/2025 5:00:00 AM,4/15/2025 1:00:00 AM,525,188.2,158.1,95.3,83.7,525.0,0.0,0.93,6.5,31.6,5.6,33.9,1,5/2/2025 10:06:25 AM
4/15/2025 6:00:00 AM,4/15/2025 2:00:00 AM,525,205.1,158.1,76.4,85.3,525.0,0.0,0.93,6.5,31.6,2.2,33.7,1,5/2/2025 10:06:25 AM
4/15/2025 7:00:00 AM,4/15/2025 3:00:00 AM,525,205.5,159.9,75.5,84.1,525.0,0.0,0.90,6.5,31.6,8.3,37.2,1,5/2/2025 10:06:25 AM
4/15/2025 8:00:00 AM,4/15/2025 4:00:00 AM,525,179.5,159.9,104.6,81.3,525.0,0.0,0.91,6.5,31.6,9.5,36.6,1,5/2/2025 10:06:26 AM
4/15/2025 9:00:00 AM,4/15/2025 5:00:00 AM,800,282.7,189.5,131.3,197.0,800.0,0.0,0.89,6.5,31.6,7.9,28.0,1,5/2/2025 10:06:26 AM
4/15/2025 10:00:00 AM,4/15/2025 6:00:00 AM,800,279.5,109.1,139.5,272.2,800.0,0.0,0.91,6.5,31.6,6.4,30.4,1,5/2/2025 10:06:26 AM
4/15/2025 11:00:00 AM,4/15/2025 7:00:00 AM,800,301.6,161.4,108.0,229.2,800.0,0.0,0.91,6.5,31.6,4.7,32.4,1,5/2/2025 10:06:26 AM
4/15/2025 12:00:00 PM,4/15/2025 8:00:00 AM,525,193.4,104.6,90.0,137.5,525.0,0.0,0.91,6.5,31.6,10.2,28.0,1,5/2/2025 10:06:26 AM
4/15/2025 1:00:00 PM,4/15/2025 9:00:00 AM,525,190.5,89.9,92.9,152.0,525.0,0.0,0.91,6.5,31.6,7.5,33.4,1,5/2/2025 10:06:26 AM
4/15/2025 2:00:00 PM,4/15/2025 10:00:00 AM,525,242.1,89.9,40.2,153.3,525.0,0.0,0.88,6.5,31.6,11.7,36.6,1,5/2/2025 10:06:26 AM
4/15/2025 3:00:00 PM,4/15/2025 11:00:00 AM,525,243.1,119.3,38.6,124.5,525.0,0.0,0.90,6.5,31.6,5.3,18.5,1,5/2/2025 10:06:26 AM
4/15/2025 4:00:00 PM,4/15/2025 12:00:00 PM,525,241.5,130.2,40.9,112.6,525.0,0.0,0.91,6.5,31.6,12.2,35.9,1,5/2/2025 10:06:26 AM
4/15/2025 5:00:00 PM,4/15/2025 1:00:00 PM,525,239.7,130.2,42.1,113.6,525.0,0.0,0.92,6.5,31.6,12.6,28.0,1,5/2/2025 10:06:25 AM
4/15/2025 6:00:00 PM,4/15/2025 2:00:00 PM,525,239.1,148.9,43.4,94.1,525.0,0.0,0.90,6.5,31.6,11.3,22.8,1,5/2/2025 10:06:25 AM
4/15/2025 7:00:00 PM,4/15/2025 3:00:00 PM,525,243.0,148.9,38.0,95.5,525.0,0.0,0.90,6.5,31.6,6.3,23.3,1,5/2/2025 10:06:25 AM
4/15/2025 8:00:00 PM,4/15/2025 4:00:00 PM,525,247.3,148.9,32.9,96.0,525.0,0.0,0.90,6.5,31.6,4.4,33.4,1,5/2/2025 10:06:25 AM
4/15/2025 9:00:00 PM,4/15/2025 5:00:00 PM,800,298.4,191.2,114.1,196.6,800.0,0.0,0.91,6.5,31.6,9.7,31.2,1,5/2/2025 10:06:25 AM
4/15/2025 10:00:00 PM,4/15/2025 6:00:00 PM,800,297.8,103.9,117.5,281.0,800.0,0.0,0.89,6.5,31.6,2.6,23.9,1,5/2/2025 10:06:25 AM
4/15/2025 11:00:00 PM,4/15/2025 7:00:00 PM,800,291.9,185.8,126.6,196.1,800.0,0.0,0.91,6.5,31.6,6.2,29.9,1,5/2/2025 10:06:25 AM
4/16/2025 12:00:00 AM,4/15/2025 8:00:00 PM,800,292.0,185.8,125.4,197.1,800.0,0.0,0.93,6.5,31.6,5.5,27.5,1,5/2/2025 10:06:25 AM
4/16/2025 1:00:00 AM,4/15/2025 9:00:00 PM,800,294.8,103.9,117.2,284.6,800.0,0.0,0.93,6.5,31.6,2.4,28.7,1,5/2/2025 10:06:25 AM
4/16/2025 2:00:00 AM,4/15/2025 10:00:00 PM,800,294.8,85.2,116.5,303.8,800.0,0.0,0.92,6.5,31.6,3.0,24.4,1,5/2/2025 10:06:25 AM
4/16/2025 3:00:00 AM,4/15/2025 11:00:00 PM,800,294.5,152.8,115.0,238.2,800.0,0.0,0.91,6.5,31.6,5.5,31.9,1,5/2/2025 10:06:25 AM
4/16/2025 4:00:00 AM,4/16/2025 12:00:00 AM,525,207.3,108.8,72.8,136.2,525.0,0.0,0.92,6.5,31.5,5.4,40.4,1,5/2/2025 10:06:25 AM
4/16/2025 5:00:00 AM,4/16/2025 1:00:00 AM,525,205.8,108.8,76.0,134.2,525.0,0.0,0.91,6.5,31.5,9.4,33.2,1,5/2/2025 10:06:25 AM
4/16/2025 6:00:00 AM,4/16/2025 2:00:00 AM,525,205.8,108.8,76.0,134.3,525.0,0.0,0.91,6.5,31.5,7.7,31.2,1,5/2/2025 10:06:25 AM
4/16/2025 7:00:00 AM,4/16/2025 3:00:00 AM,525,209.5,108.8,71.8,134.8,525.0,0.0,0.92,6.5,31.5,3.5,21.8,1,5/2/2025 10:06:25 AM
4/16/2025 8:00:00 AM,4/16/2025 4:00:00 AM,525,198.4,108.8,84.4,133.1,525.0,0.0,0.91,6.5,31.5,9.7,33.8,1,5/2/2025 10:06:25 AM
4/16/2025 9:00:00 AM,4/16/2025 5:00:00 AM,800,296.1,41.1,115.2,347.5,800.0,0.0,0.89,6.5,31.5,8.4,31.5,1,5/2/2025 10:06:26 AM
4/16/2025 10:00:00 AM,4/16/2025 6:00:00 AM,800,293.1,124.9,124.0,258.1,800.0,0.0,0.92,6.5,31.5,4.4,29.4,1,5/2/2025 10:06:26 AM
4/16/2025 11:00:00 AM,4/16/2025 7:00:00 AM,800,303.9,115.5,109.3,271.2,800.0,0.0,0.92,6.5,31.5,2.8,23.3,1,5/2/2025 10:06:26 AM
4/16/2025 12:00:00 PM,4/16/2025 8:00:00 AM,525,196.7,63.2,84.3,180.7,525.0,0.0,0.90,6.5,31.5,2.6,33.5,1,5/2/2025 10:06:26 AM
4/16/2025 1:00:00 PM,4/16/2025 9:00:00 AM,525,193.2,63.2,90.3,178.1,525.0,0.0,0.89,6.5,31.5,9.8,32.2,1,5/2/2025 10:06:26 AM
4/16/2025 2:00:00 PM,4/16/2025 10:00:00 AM,525,202.2,72.6,80.7,169.6,525.0,0.0,0.92,6.5,31.5,7.7,29.6,1,5/2/2025 10:06:26 AM
4/16/2025 3:00:00 PM,4/16/2025 11:00:00 AM,525,202.1,74.5,80.2,168.1,525.0,0.0,0.88,6.5,31.5,9.0,38.4,1,5/2/2025 10:06:26 AM
4/16/2025 4:00:00 PM,4/16/2025 12:00:00 PM,525,201.0,74.5,81.1,168.6,525.0,0.0,0.93,6.5,31.5,5.4,26.1,1,5/2/2025 10:06:26 AM
4/16/2025 5:00:00 PM,4/16/2025 1:00:00 PM,525,200.9,74.5,81.2,168.6,525.0,0.0,0.90,6.5,31.5,7.2,41.9,1,5/2/2025 10:06:25 AM
4/16/2025 6:00:00 PM,4/16/2025 2:00:00 PM,525,201.0,50.2,81.2,192.8,525.0,0.0,0.89,6.5,31.5,7.5,25.4,1,5/2/2025 10:06:25 AM
4/16/2025 7:00:00 PM,4/16/2025 3:00:00 PM,525,245.1,50.2,36.8,193.1,525.0,0.0,0.89,6.5,31.5,4.5,34.5,1,5/2/2025 10:06:25 AM
4/16/2025 8:00:00 PM,4/16/2025 4:00:00 PM,525,201.5,50.2,80.9,192.5,525.0,0.0,0.91,6.5,31.5,4.4,35.2,1,5/2/2025 10:06:25 AM
4/16/2025 9:00:00 PM,4/16/2025 5:00:00 PM,800,299.0,73.8,117.1,310.2,800.0,0.0,0.89,6.5,31.5,7.2,28.0,1,5/2/2025 10:06:25 AM
4/16/2025 10:00:00 PM,4/16/2025 6:00:00 PM,800,298.5,44.8,120.4,336.2,800.0,0.0,0.90,6.5,31.5,5.4,33.4,1,5/2/2025 10:06:25 AM
4/16/2025 11:00:00 PM,4/16/2025 7:00:00 PM,800,291.7,126.7,130.6,251.0,800.0,0.0,0.91,6.5,31.5,5.6,34.3,1,5/2/2025 10:06:25 AM
4/17/2025 12:00:00 AM,4/16/2025 8:00:00 PM,800,292.0,126.7,128.8,252.4,800.0,0.0,0.93,6.5,31.5,4.6,26.1,1,5/2/2025 10:06:25 AM
4/17/2025 1:00:00 AM,4/16/2025 9:00:00 PM,800,294.0,44.8,122.8,338.7,800.0,0.0,0.91,6.5,31.5,7.1,30.8,1,5/2/2025 10:06:25 AM
4/17/2025 2:00:00 AM,4/16/2025 10:00:00 PM,800,297.2,44.8,116.1,342.1,800.0,0.0,0.92,6.5,31.5,1.7,26.3,1,5/2/2025 10:06:25 AM
4/17/2025 3:00:00 AM,4/16/2025 11:00:00 PM,800,296.5,112.5,116.6,274.5,800.0,0.0,0.90,6.5,31.5,6.8,32.3,1,5/2/2025 10:06:25 AM
4/17/2025 4:00:00 AM,4/17/2025 12:00:00 AM,525,210.5,125.2,72.2,117.1,525.0,0.0,0.92,6.5,31.4,8.1,38.8,1,5/2/2025 10:06:25 AM
4/17/2025 5:00:00 AM,4/17/2025 1:00:00 AM,525,210.4,127.1,72.4,115.0,525.0,0.0,0.92,6.5,31.4,7.9,33.6,1,5/2/2025 10:06:25 AM
4/17/2025 6:00:00 AM,4/17/2025 2:00:00 AM,525,207.1,127.1,75.6,115.2,525.0,0.0,0.93,6.5,31.4,7.2,30.2,1,5/2/2025 10:06:25 AM
4/17/2025 7:00:00 AM,4/17/2025 3:00:00 AM,525,207.8,123.4,74.7,118.9,525.0,0.0,0.93,6.5,31.4,6.6,36.9,1,5/2/2025 10:06:25 AM
4/17/2025 8:00:00 AM,4/17/2025 4:00:00 AM,525,198.9,55.8,83.8,186.5,525.0,0.0,0.94,6.5,31.4,4.5,32.4,1,5/2/2025 10:06:25 AM
4/17/2025 9:00:00 AM,4/17/2025 5:00:00 AM,800,300.3,55.8,113.3,330.2,800.0,0.0,0.90,6.5,31.4,3.6,28.7,1,5/2/2025 10:06:25 AM
4/17/2025 10:00:00 AM,4/17/2025 6:00:00 AM,800,298.8,126.7,117.4,256.9,800.0,0.0,0.92,6.5,31.4,3.5,29.8,1,5/2/2025 10:06:26 AM
4/17/2025 11:00:00 AM,4/17/2025 7:00:00 AM,800,310.0,126.7,102.1,261.1,800.0,0.0,0.90,6.5,31.4,1.4,27.9,1,5/2/2025 10:06:26 AM
4/17/2025 12:00:00 PM,4/17/2025 8:00:00 AM,525,194.6,104.4,87.2,139.0,525.0,0.0,0.91,6.5,31.4,7.9,21.9,1,5/2/2025 10:06:26 AM
4/17/2025 1:00:00 PM,4/17/2025 9:00:00 AM,525,192.0,104.4,91.1,137.3,525.0,0.0,0.93,6.5,31.4,7.9,32.9,1,5/2/2025 10:06:26 AM
4/17/2025 2:00:00 PM,4/17/2025 10:00:00 AM,525,201.8,133.7,81.7,107.8,525.0,0.0,0.92,6.5,31.4,8.1,31.1,1,5/2/2025 10:06:26 AM
4/17/2025 3:00:00 PM,4/17/2025 11:00:00 AM,525,201.7,133.7,81.9,107.7,525.0,0.0,0.87,6.5,31.4,8.4,31.1,1,5/2/2025 10:06:26 AM
4/17/2025 4:00:00 PM,4/17/2025 12:00:00 PM,525,246.3,133.7,36.2,108.7,525.0,0.0,0.89,6.5,31.4,7.2,28.7,1,5/2/2025 10:06:26 AM
4/17/2025 5:00:00 PM,4/17/2025 1:00:00 PM,525,246.3,133.7,36.1,108.7,525.0,0.0,0.89,6.5,31.4,6.7,33.9,1,5/2/2025 10:06:26 AM
4/17/2025 6:00:00 PM,4/17/2025 2:00:00 PM,525,199.9,74.1,83.0,167.9,525.0,0.0,0.91,6.5,31.4,6.4,30.9,1,5/2/2025 10:06:26 AM
4/17/2025 7:00:00 PM,4/17/2025 3:00:00 PM,525,199.5,119.1,83.4,122.9,525.0,0.0,0.90,6.5,31.4,8.6,29.8,1,5/2/2025 10:06:26 AM
4/17/2025 8:00:00 PM,4/17/2025 4:00:00 PM,525,199.5,104.4,83.6,137.7,525.0,0.0,0.93,6.5,31.4,10.3,37.6,1,5/2/2025 10:06:26 AM
4/17/2025 9:00:00 PM,4/17/2025 5:00:00 PM,800,302.0,104.4,114.7,278.7,800.0,0.0,0.91,6.5,31.4,7.0,33.7,1,5/2/2025 10:06:25 AM
4/17/2025 10:00:00 PM,4/17/2025 6:00:00 PM,800,305.4,44.8,109.8,340.1,800.0,0.0,0.91,6.5,31.4,6.9,29.7,1,5/2/2025 10:06:25 AM
4/17/2025 11:00:00 PM,4/17/2025 7:00:00 PM,800,298.4,126.7,119.4,255.6,800.0,0.0,0.91,6.5,31.4,3.9,23.5,1,5/2/2025 10:06:25 AM
4/18/2025 12:00:00 AM,4/17/2025 8:00:00 PM,800,298.3,126.7,124.9,250.2,800.0,0.0,0.92,6.5,31.4,5.9,31.4,1,5/2/2025 10:06:25 AM
4/18/2025 1:00:00 AM,4/17/2025 9:00:00 PM,800,299.5,44.8,123.0,332.7,800.0,0.0,0.92,6.5,31.4,5.0,30.2,1,5/2/2025 10:06:25 AM
4/18/2025 2:00:00 AM,4/17/2025 10:00:00 PM,800,303.4,172.0,116.8,207.5,800.0,0.0,0.90,6.5,31.4,3.6,31.0,1,5/2/2025 10:06:25 AM
4/18/2025 3:00:00 AM,4/17/2025 11:00:00 PM,800,302.8,172.0,115.5,209.5,800.0,0.0,0.92,6.5,31.4,4.8,36.1,1,5/2/2025 10:06:25 AM
4/18/2025 4:00:00 AM,4/18/2025 12:00:00 AM,525,208.9,123.3,73.1,120.2,525.0,0.0,0.94,6.4,31.3,2.5,42.3,1,5/2/2025 10:06:25 AM
4/18/2025 5:00:00 AM,4/18/2025 1:00:00 AM,525,208.9,123.3,73.1,120.4,525.0,0.0,0.92,6.4,31.3,7.7,38.8,1,5/2/2025 10:06:25 AM
4/18/2025 6:00:00 AM,4/18/2025 2:00:00 AM,525,209.5,123.3,72.8,119.8,525.0,0.0,0.94,6.4,31.3,4.1,29.4,1,5/2/2025 10:06:25 AM
4/18/2025 7:00:00 AM,4/18/2025 3:00:00 AM,525,210.1,123.3,72.1,119.7,525.0,0.0,0.90,6.4,31.3,7.8,41.4,1,5/2/2025 10:06:25 AM
4/18/2025 8:00:00 AM,4/18/2025 4:00:00 AM,525,198.9,123.3,81.8,121.3,525.0,0.0,0.93,6.4,31.3,7.4,28.6,1,5/2/2025 10:06:25 AM
4/18/2025 9:00:00 AM,4/18/2025 5:00:00 AM,800,304.9,123.3,110.9,261.0,800.0,0.0,0.92,6.4,31.3,5.0,36.5,1,5/2/2025 10:06:25 AM
4/18/2025 10:00:00 AM,4/18/2025 6:00:00 AM,800,302.0,188.0,119.2,191.0,800.0,0.0,0.91,6.4,31.3,4.2,31.5,1,5/2/2025 10:06:25 AM
4/18/2025 11:00:00 AM,4/18/2025 7:00:00 AM,800,313.1,188.0,105.1,194.3,800.0,0.0,0.91,6.4,31.3,4.6,31.7,1,5/2/2025 10:06:25 AM
4/18/2025 12:00:00 PM,4/18/2025 8:00:00 AM,525,197.4,106.1,83.8,137.8,525.0,0.0,0.92,6.4,31.3,7.5,43.8,1,5/2/2025 10:06:26 AM
4/18/2025 1:00:00 PM,4/18/2025 9:00:00 AM,525,193.3,106.1,87.9,137.9,525.0,0.0,0.91,6.4,31.3,10.3,36.7,1,5/2/2025 10:06:26 AM
4/18/2025 2:00:00 PM,4/18/2025 10:00:00 AM,525,204.9,135.4,77.2,107.9,525.0,0.0,0.93,6.4,31.3,8.5,23.1,1,5/2/2025 10:06:26 AM
4/18/2025 3:00:00 PM,4/18/2025 11:00:00 AM,525,205.0,135.4,78.0,106.9,525.0,0.0,0.91,6.4,31.3,7.5,38.2,1,5/2/2025 10:06:26 AM
4/18/2025 4:00:00 PM,4/18/2025 12:00:00 PM,525,246.7,135.4,36.9,106.6,525.0,0.0,0.90,6.4,31.3,9.0,40.6,1,5/2/2025 10:06:26 AM
4/18/2025 5:00:00 PM,4/18/2025 1:00:00 PM,525,246.8,135.4,36.6,106.6,525.0,0.0,0.92,6.4,31.3,5.6,38.0,1,5/2/2025 10:06:26 AM
4/18/2025 6:00:00 PM,4/18/2025 2:00:00 PM,525,204.1,135.4,78.8,106.9,525.0,0.0,0.93,6.4,31.3,7.2,33.0,1,5/2/2025 10:06:26 AM
4/18/2025 7:00:00 PM,4/18/2025 3:00:00 PM,525,204.1,81.8,78.8,160.4,525.0,0.0,0.87,6.4,31.3,9.5,40.2,1,5/2/2025 10:06:26 AM
4/18/2025 8:00:00 PM,4/18/2025 4:00:00 PM,525,202.8,81.8,79.6,161.0,525.0,0.0,0.89,6.4,31.3,7.0,32.1,1,5/2/2025 10:06:26 AM
4/18/2025 9:00:00 PM,4/18/2025 5:00:00 PM,800,295.0,75.5,127.7,301.7,800.0,0.0,0.88,6.4,31.3,5.3,22.2,1,5/2/2025 10:06:26 AM
4/18/2025 10:00:00 PM,4/18/2025 6:00:00 PM,800,294.1,75.5,130.0,300.2,800.0,0.0,0.91,6.4,31.3,7.6,27.6,1,5/2/2025 10:06:26 AM
4/18/2025 11:00:00 PM,4/18/2025 7:00:00 PM,800,287.2,135.3,138.7,239.1,800.0,0.0,0.92,6.4,31.3,6.6,30.4,1,5/2/2025 10:06:26 AM
4/19/2025 12:00:00 AM,4/18/2025 8:00:00 PM,800,287.3,157.8,137.6,218.2,800.0,0.0,0.93,6.4,31.3,4.0,36.4,1,5/2/2025 10:06:26 AM
4/19/2025 1:00:00 AM,4/18/2025 9:00:00 PM,800,288.9,157.8,134.1,219.3,800.0,0.0,0.93,6.4,31.3,3.3,31.7,1,5/2/2025 10:06:25 AM
4/19/2025 2:00:00 AM,4/18/2025 10:00:00 PM,800,291.9,105.5,129.1,273.7,800.0,0.0,0.93,6.4,31.3,3.8,35.9,1,5/2/2025 10:06:25 AM
4/19/2025 3:00:00 AM,4/18/2025 11:00:00 PM,800,291.4,171.4,129.6,207.8,800.0,0.0,0.91,6.4,31.3,3.1,31.1,1,5/2/2025 10:06:25 AM
4/19/2025 4:00:00 AM,4/19/2025 12:00:00 AM,525,189.3,131.8,92.6,111.7,525.0,0.0,0.89,6.4,31.4,12.2,31.4,1,5/2/2025 10:06:25 AM
4/19/2025 5:00:00 AM,4/19/2025 1:00:00 AM,525,189.5,131.8,92.5,111.3,525.0,0.0,0.90,6.4,31.4,6.2,38.5,1,5/2/2025 10:06:25 AM
4/19/2025 6:00:00 AM,4/19/2025 2:00:00 AM,525,211.4,197.4,70.8,45.4,525.0,0.0,0.93,6.4,31.4,6.7,47.9,1,5/2/2025 10:06:25 AM
4/19/2025 7:00:00 AM,4/19/2025 3:00:00 AM,525,211.9,137.9,70.4,104.7,525.0,0.0,0.93,6.4,31.4,9.1,32.7,1,5/2/2025 10:06:25 AM
4/19/2025 8:00:00 AM,4/19/2025 4:00:00 AM,525,179.7,167.8,100.9,76.5,525.0,0.0,0.90,6.4,31.4,5.9,37.7,1,5/2/2025 10:06:25 AM
4/19/2025 9:00:00 AM,4/19/2025 5:00:00 AM,800,289.3,197.4,129.3,184.2,800.0,0.0,0.92,6.4,31.4,1.3,34.7,1,5/2/2025 10:06:25 AM
4/19/2025 10:00:00 AM,4/19/2025 6:00:00 AM,800,286.6,131.8,134.7,247.0,800.0,0.0,0.91,6.4,31.4,5.1,27.0,1,5/2/2025 10:06:25 AM
4/19/2025 11:00:00 AM,4/19/2025 7:00:00 AM,800,298.8,131.8,118.8,250.5,800.0,0.0,0.90,6.4,31.4,3.8,26.9,1,5/2/2025 10:06:25 AM
4/19/2025 12:00:00 PM,4/19/2025 8:00:00 AM,525,180.3,131.8,100.8,112.1,525.0,0.0,0.91,6.4,31.4,7.9,33.9,1,5/2/2025 10:06:25 AM
4/19/2025 1:00:00 PM,4/19/2025 9:00:00 AM,525,176.3,131.8,105.3,111.8,525.0,0.0,0.95,6.4,31.4,5.6,34.7,1,5/2/2025 10:06:25 AM
4/19/2025 2:00:00 PM,4/19/2025 10:00:00 AM,525,176.4,131.8,105.2,111.7,525.0,0.0,0.91,6.4,31.4,10.3,34.9,1,5/2/2025 10:06:25 AM
4/19/2025 3:00:00 PM,4/19/2025 11:00:00 AM,525,176.4,80.1,105.1,163.4,525.0,0.0,0.94,6.4,31.4,6.0,36.5,1,5/2/2025 10:06:25 AM
4/19/2025 4:00:00 PM,4/19/2025 12:00:00 PM,525,219.2,107.4,64.6,133.8,525.0,0.0,0.92,6.4,31.4,3.2,25.1,1,5/2/2025 10:06:25 AM
4/19/2025 5:00:00 PM,4/19/2025 1:00:00 PM,525,219.1,107.4,64.9,133.8,525.0,0.0,0.92,6.4,31.4,6.4,29.0,1,5/2/2025 10:06:25 AM
4/19/2025 6:00:00 PM,4/19/2025 2:00:00 PM,525,219.0,107.4,64.3,134.1,525.0,0.0,0.90,6.4,31.4,9.9,37.7,1,5/2/2025 10:06:25 AM
4/19/2025 7:00:00 PM,4/19/2025 3:00:00 PM,525,174.6,133.3,106.9,110.0,525.0,0.0,0.93,6.4,31.4,8.1,33.6,1,5/2/2025 10:06:25 AM
4/19/2025 8:00:00 PM,4/19/2025 4:00:00 PM,525,174.6,73.8,107.0,169.4,525.0,0.0,0.93,6.4,31.4,2.7,30.4,1,5/2/2025 10:06:25 AM
4/19/2025 9:00:00 PM,4/19/2025 5:00:00 PM,800,285.8,73.8,141.5,299.3,800.0,0.0,0.90,6.4,31.4,5.1,30.1,1,5/2/2025 10:06:25 AM
4/19/2025 10:00:00 PM,4/19/2025 6:00:00 PM,800,285.6,207.5,140.2,167.0,800.0,0.0,0.91,6.4,31.4,5.4,31.1,1,5/2/2025 10:06:25 AM
4/19/2025 11:00:00 PM,4/19/2025 7:00:00 PM,800,285.7,207.5,138.3,168.8,800.0,0.0,0.93,6.4,31.4,2.7,30.5,1,5/2/2025 10:06:25 AM
4/20/2025 12:00:00 AM,4/19/2025 8:00:00 PM,800,285.8,207.5,133.2,173.6,800.0,0.0,0.93,6.4,31.4,2.9,28.0,1,5/2/2025 10:06:25 AM
4/20/2025 1:00:00 AM,4/19/2025 9:00:00 PM,800,287.2,72.3,135.8,305.4,800.0,0.0,0.91,6.4,31.4,4.6,30.2,1,5/2/2025 10:06:25 AM
4/20/2025 2:00:00 AM,4/19/2025 10:00:00 PM,800,290.0,101.9,132.5,276.1,800.0,0.0,0.92,6.4,31.4,4.1,28.6,1,5/2/2025 10:06:25 AM
4/20/2025 3:00:00 AM,4/19/2025 11:00:00 PM,800,289.7,169.4,135.1,206.4,800.0,0.0,0.90,6.4,31.4,5.4,30.2,1,5/2/2025 10:06:25 AM
4/20/2025 4:00:00 AM,4/20/2025 12:00:00 AM,525,189.3,137.9,92.4,105.4,525.0,0.0,0.91,6.3,31.4,7.5,40.1,1,5/2/2025 10:06:25 AM
4/20/2025 5:00:00 AM,4/20/2025 1:00:00 AM,525,189.3,137.9,92.5,105.5,525.0,0.0,0.95,6.3,31.4,7.6,37.1,1,5/2/2025 10:06:25 AM
4/20/2025 6:00:00 AM,4/20/2025 2:00:00 AM,525,210.2,137.9,71.7,105.2,525.0,0.0,0.93,6.3,31.4,7.7,32.6,1,5/2/2025 10:06:25 AM
4/20/2025 7:00:00 AM,4/20/2025 3:00:00 AM,525,214.1,137.9,68.4,104.9,525.0,0.0,0.93,6.3,31.4,7.7,41.2,1,5/2/2025 10:06:25 AM
4/20/2025 8:00:00 AM,4/20/2025 4:00:00 AM,525,184.3,137.9,97.6,105.3,525.0,0.0,0.95,6.3,31.4,5.5,39.0,1,5/2/2025 10:06:25 AM
4/20/2025 9:00:00 AM,4/20/2025 5:00:00 AM,800,290.8,129.9,125.5,253.7,800.0,0.0,0.92,6.3,31.4,5.2,31.5,1,5/2/2025 10:06:25 AM
4/20/2025 10:00:00 AM,4/20/2025 6:00:00 AM,800,287.3,117.2,131.6,264.0,800.0,0.0,0.93,6.3,31.4,2.5,32.2,1,5/2/2025 10:06:25 AM
4/20/2025 11:00:00 AM,4/20/2025 7:00:00 AM,800,297.2,117.2,119.3,266.3,800.0,0.0,0.92,6.3,31.4,4.4,26.9,1,5/2/2025 10:06:25 AM
4/20/2025 12:00:00 PM,4/20/2025 8:00:00 AM,525,177.6,117.2,103.2,126.9,525.0,0.0,0.92,6.3,31.4,4.3,23.1,1,5/2/2025 10:06:25 AM
4/20/2025 1:00:00 PM,4/20/2025 9:00:00 AM,525,177.5,117.2,103.2,127.2,525.0,0.0,0.92,6.3,31.4,7.0,29.5,1,5/2/2025 10:06:25 AM
4/20/2025 2:00:00 PM,4/20/2025 10:00:00 AM,525,177.7,117.2,103.2,126.8,525.0,0.0,0.92,6.3,31.4,8.2,35.3,1,5/2/2025 10:06:25 AM
4/20/2025 3:00:00 PM,4/20/2025 11:00:00 AM,525,179.3,80.1,103.2,162.2,525.0,0.0,0.93,6.3,31.4,8.5,39.3,1,5/2/2025 10:06:25 AM
4/20/2025 4:00:00 PM,4/20/2025 12:00:00 PM,525,220.7,80.1,63.3,160.7,525.0,0.0,0.91,6.3,31.4,4.5,27.2,1,5/2/2025 10:06:25 AM
4/20/2025 5:00:00 PM,4/20/2025 1:00:00 PM,525,220.3,80.1,64.3,160.3,525.0,0.0,0.92,6.3,31.4,9.5,28.6,1,5/2/2025 10:06:25 AM
4/20/2025 6:00:00 PM,4/20/2025 2:00:00 PM,525,220.2,80.1,64.2,160.5,525.0,0.0,0.92,6.3,31.4,6.6,29.6,1,5/2/2025 10:06:25 AM
4/20/2025 7:00:00 PM,4/20/2025 3:00:00 PM,525,177.4,80.1,105.5,161.9,525.0,0.0,0.93,6.3,31.4,3.0,35.4,1,5/2/2025 10:06:25 AM
4/20/2025 8:00:00 PM,4/20/2025 4:00:00 PM,525,177.4,20.5,105.6,221.6,525.0,0.0,0.93,6.3,31.4,5.7,25.7,1,5/2/2025 10:06:25 AM
4/20/2025 9:00:00 PM,4/20/2025 5:00:00 PM,800,284.4,20.5,140.2,354.5,800.0,0.0,0.90,6.3,31.4,5.4,28.0,1,5/2/2025 10:06:25 AM
4/20/2025 10:00:00 PM,4/20/2025 6:00:00 PM,800,284.8,74.1,136.4,304.9,800.0,0.0,0.89,6.3,31.4,7.7,34.5,1,5/2/2025 10:06:25 AM
4/20/2025 11:00:00 PM,4/20/2025 7:00:00 PM,800,297.6,156.0,118.3,228.1,800.0,0.0,0.91,6.3,31.4,3.8,24.3,1,5/2/2025 10:06:25 AM
4/21/2025 12:00:00 AM,4/20/2025 8:00:00 PM,800,297.1,156.0,123.0,224.0,800.0,0.0,0.92,6.3,31.4,5.2,30.6,1,5/2/2025 10:06:25 AM
4/21/2025 1:00:00 AM,4/20/2025 9:00:00 PM,800,285.6,74.1,138.2,302.3,800.0,0.0,0.90,6.3,31.4,5.5,29.6,1,5/2/2025 10:06:25 AM
4/21/2025 2:00:00 AM,4/20/2025 10:00:00 PM,800,289.4,171.3,131.1,208.2,800.0,0.0,0.92,6.3,31.4,6.3,30.3,1,5/2/2025 10:06:25 AM
4/21/2025 3:00:00 AM,4/20/2025 11:00:00 PM,800,289.2,171.3,129.9,209.7,800.0,0.0,0.92,6.3,31.4,5.8,31.2,1,5/2/2025 10:06:25 AM
4/21/2025 4:00:00 AM,4/21/2025 12:00:00 AM,525,194.7,136.2,87.8,106.2,525.0,0.0,0.94,6.4,31.4,9.1,27.5,1,5/2/2025 10:06:25 AM
4/21/2025 5:00:00 AM,4/21/2025 1:00:00 AM,525,194.7,136.2,87.8,106.4,525.0,0.0,0.92,6.4,31.4,9.9,40.6,1,5/2/2025 10:06:25 AM
4/21/2025 6:00:00 AM,4/21/2025 2:00:00 AM,525,213.8,136.2,69.2,105.7,525.0,0.0,0.91,6.4,31.4,9.8,39.0,1,5/2/2025 10:06:25 AM
4/21/2025 7:00:00 AM,4/21/2025 3:00:00 AM,525,214.3,136.2,67.3,107.5,525.5,0.0,0.95,6.4,31.4,5.4,30.3,1,5/2/2025 10:06:25 AM
4/21/2025 8:00:00 AM,4/21/2025 4:00:00 AM,525,186.6,126.8,95.8,115.9,525.0,0.0,0.94,6.4,31.4,6.0,35.0,1,5/2/2025 10:06:25 AM
4/21/2025 9:00:00 AM,4/21/2025 5:00:00 AM,800,288.7,118.8,127.3,265.1,800.0,0.0,0.91,6.4,31.4,5.8,33.3,1,5/2/2025 10:06:25 AM
4/21/2025 10:00:00 AM,4/21/2025 6:00:00 AM,800,285.0,131.9,136.8,246.1,800.0,0.0,0.91,6.4,31.4,4.8,36.7,1,5/2/2025 10:06:25 AM
4/21/2025 11:00:00 AM,4/21/2025 7:00:00 AM,800,293.3,159.2,124.6,222.8,800.0,0.0,0.91,6.4,31.4,6.1,26.0,1,5/2/2025 10:06:25 AM
4/21/2025 12:00:00 PM,4/21/2025 8:00:00 AM,525,179.3,131.9,103.7,110.1,525.0,0.0,0.93,6.4,31.4,3.2,34.0,1,5/2/2025 10:06:25 AM
4/21/2025 1:00:00 PM,4/21/2025 9:00:00 AM,525,179.2,131.9,103.8,110.3,525.0,0.0,0.91,6.4,31.4,8.1,44.4,1,5/2/2025 10:06:25 AM
4/21/2025 2:00:00 PM,4/21/2025 10:00:00 AM,525,187.0,130.1,96.9,110.9,525.0,0.0,0.93,6.4,31.4,6.0,27.8,1,5/2/2025 10:06:25 AM
4/21/2025 3:00:00 PM,4/21/2025 11:00:00 AM,525,182.4,130.1,101.6,110.9,525.0,0.0,0.92,6.4,31.4,6.5,33.1,1,5/2/2025 10:06:25 AM
4/21/2025 4:00:00 PM,4/21/2025 12:00:00 PM,525,220.1,130.1,62.4,112.4,525.0,0.0,0.91,6.4,31.4,9.6,42.5,1,5/2/2025 10:06:25 AM
4/21/2025 5:00:00 PM,4/21/2025 1:00:00 PM,525,220.2,130.1,62.3,112.5,525.0,0.0,0.88,6.4,31.4,7.2,38.8,1,5/2/2025 10:06:25 AM
4/21/2025 6:00:00 PM,4/21/2025 2:00:00 PM,525,180.6,130.1,103.3,110.7,525.0,0.0,0.88,6.4,31.4,10.0,32.6,1,5/2/2025 10:06:25 AM
4/21/2025 7:00:00 PM,4/21/2025 3:00:00 PM,525,180.6,131.9,103.3,109.3,525.0,0.0,0.91,6.4,31.4,6.3,39.3,1,5/2/2025 10:06:25 AM
4/21/2025 8:00:00 PM,4/21/2025 4:00:00 PM,525,181.9,72.3,100.7,170.0,525.0,0.0,0.93,6.4,31.4,11.5,28.5,1,5/2/2025 10:06:25 AM
4/21/2025 9:00:00 PM,4/21/2025 5:00:00 PM,800,288.5,132.3,131.9,247.4,800.0,0.0,0.91,6.4,31.4,7.6,31.4,1,5/2/2025 10:06:25 AM
4/21/2025 10:00:00 PM,4/21/2025 6:00:00 PM,800,284.7,214.2,129.9,171.3,800.0,0.0,0.90,6.4,31.4,6.8,35.8,1,5/2/2025 10:06:25 AM
4/21/2025 11:00:00 PM,4/21/2025 7:00:00 PM,800,277.8,214.2,145.5,162.6,800.0,0.0,0.91,6.4,31.4,4.3,34.7,1,5/2/2025 10:06:25 AM
4/22/2025 12:00:00 AM,4/21/2025 8:00:00 PM,800,265.2,214.2,156.4,164.3,800.0,0.0,0.92,6.4,31.4,5.0,31.0,1,5/2/2025 10:06:25 AM
4/22/2025 1:00:00 AM,4/21/2025 9:00:00 PM,800,266.4,70.4,152.4,310.9,800.0,0.0,0.93,6.4,31.4,2.3,30.6,1,5/2/2025 10:06:25 AM
4/22/2025 2:00:00 AM,4/21/2025 10:00:00 PM,800,269.9,70.4,145.5,314.2,800.0,0.0,0.91,6.4,31.4,5.3,24.2,1,5/2/2025 10:06:25 AM
4/22/2025 3:00:00 AM,4/21/2025 11:00:00 PM,800,282.5,167.7,134.0,215.7,800.0,0.0,0.91,6.4,31.4,7.1,38.6,1,5/2/2025 10:06:25 AM
4/22/2025 4:00:00 AM,4/22/2025 12:00:00 AM,525,188.9,138.2,94.6,103.4,525.0,0.0,0.94,6.4,31.2,5.0,35.5,1,5/2/2025 10:06:25 AM
4/22/2025 5:00:00 AM,4/22/2025 1:00:00 AM,525,188.8,138.2,94.6,103.4,525.0,0.0,0.89,6.4,31.2,8.9,42.8,1,5/2/2025 10:06:25 AM
4/22/2025 6:00:00 AM,4/22/2025 2:00:00 AM,525,209.4,138.2,73.7,103.3,525.0,0.0,0.90,6.4,31.2,5.7,36.0,1,5/2/2025 10:06:25 AM
4/22/2025 7:00:00 AM,4/22/2025 3:00:00 AM,525,210.4,138.2,72.0,104.1,525.0,0.0,0.90,6.4,31.2,6.7,37.8,1,5/2/2025 10:06:25 AM
4/22/2025 8:00:00 AM,4/22/2025 4:00:00 AM,525,179.6,138.2,103.6,103.5,525.0,0.0,0.91,6.4,31.2,5.5,38.4,1,5/2/2025 10:06:25 AM
4/22/2025 9:00:00 AM,4/22/2025 5:00:00 AM,800,279.0,130.3,136.3,254.4,800.0,0.0,0.91,6.4,31.2,3.4,26.1,1,5/2/2025 10:06:25 AM
4/22/2025 10:00:00 AM,4/22/2025 6:00:00 AM,800,275.5,70.5,145.9,308.2,800.0,0.0,0.92,6.4,31.2,5.2,34.9,1,5/2/2025 10:06:25 AM
4/22/2025 11:00:00 AM,4/22/2025 7:00:00 AM,800,285.7,125.1,132.5,256.7,800.0,0.0,0.91,6.4,31.2,2.6,27.8,1,5/2/2025 10:06:25 AM
4/22/2025 12:00:00 PM,4/22/2025 8:00:00 AM,525,175.2,130.3,108.2,111.2,525.0,0.0,0.91,6.4,31.2,3.3,28.6,1,5/2/2025 10:06:25 AM
4/22/2025 1:00:00 PM,4/22/2025 9:00:00 AM,525,172.1,130.3,111.4,111.3,525.0,0.0,0.91,6.4,31.2,10.3,32.3,1,5/2/2025 10:06:25 AM
4/22/2025 2:00:00 PM,4/22/2025 10:00:00 AM,525,181.4,130.3,101.7,111.3,525.0,0.0,0.90,6.4,31.2,7.8,30.4,1,5/2/2025 10:06:25 AM
4/22/2025 3:00:00 PM,4/22/2025 11:00:00 AM,525,181.4,130.3,101.8,111.5,525.0,0.0,0.90,6.4,31.2,7.7,29.4,1,5/2/2025 10:06:25 AM
4/22/2025 4:00:00 PM,4/22/2025 12:00:00 PM,525,222.3,130.3,61.3,111.2,525.0,0.0,0.87,6.4,31.2,10.0,35.4,1,5/2/2025 10:06:25 AM
4/22/2025 5:00:00 PM,4/22/2025 1:00:00 PM,525,222.5,130.3,61.0,111.4,525.0,0.0,0.91,6.4,31.2,6.5,32.4,1,5/2/2025 10:06:25 AM
4/22/2025 6:00:00 PM,4/22/2025 2:00:00 PM,525,179.4,130.3,103.2,112.0,525.0,0.0,0.93,6.4,31.2,8.7,39.7,1,5/2/2025 10:06:25 AM
4/22/2025 7:00:00 PM,4/22/2025 3:00:00 PM,525,179.4,130.3,103.5,111.9,525.0,0.0,0.92,6.4,31.2,5.8,32.3,1,5/2/2025 10:06:25 AM
4/22/2025 8:00:00 PM,4/22/2025 4:00:00 PM,525,179.4,72.3,103.3,170.1,525.0,0.0,0.94,6.4,31.2,7.1,32.0,1,5/2/2025 10:06:25 AM
4/22/2025 9:00:00 PM,4/22/2025 5:00:00 PM,800,285.8,72.3,131.2,310.9,800.0,0.0,0.91,6.4,31.2,6.3,29.2,1,5/2/2025 10:06:25 AM
4/22/2025 10:00:00 PM,4/22/2025 6:00:00 PM,800,285.9,154.2,134.7,225.5,800.0,0.0,0.90,6.4,31.2,7.1,29.1,1,5/2/2025 10:06:25 AM
4/22/2025 11:00:00 PM,4/22/2025 7:00:00 PM,800,279.1,154.2,145.0,221.7,800.0,0.0,0.92,6.4,31.2,5.9,30.6,1,5/2/2025 10:06:25 AM
4/23/2025 12:00:00 AM,4/22/2025 8:00:00 PM,800,279.3,154.2,144.3,222.1,800.0,0.0,0.93,6.4,31.2,3.7,28.0,1,5/2/2025 10:06:25 AM
4/23/2025 1:00:00 AM,4/22/2025 9:00:00 PM,800,280.6,70.5,140.2,308.8,800.0,0.0,0.90,6.4,31.2,7.0,23.3,1,5/2/2025 10:06:25 AM
4/23/2025 2:00:00 AM,4/22/2025 10:00:00 PM,800,284.4,130.3,133.4,251.8,800.0,0.0,0.90,6.4,31.2,4.9,23.5,1,5/2/2025 10:06:25 AM
4/23/2025 3:00:00 AM,4/22/2025 11:00:00 PM,800,283.9,198.1,132.6,185.4,800.0,0.0,0.87,6.4,31.2,7.5,32.8,1,5/2/2025 10:06:25 AM
4/23/2025 4:00:00 AM,4/23/2025 12:00:00 AM,525,188.4,136.4,93.9,106.2,525.0,0.0,0.89,6.4,31.0,6.0,37.9,1,5/2/2025 10:06:25 AM
4/23/2025 5:00:00 AM,4/23/2025 1:00:00 AM,525,187.0,136.4,95.9,105.6,525.0,0.0,0.91,6.4,31.0,8.3,41.5,1,5/2/2025 10:06:25 AM
4/23/2025 6:00:00 AM,4/23/2025 2:00:00 AM,525,206.6,136.4,75.5,106.5,525.0,0.0,0.89,6.4,31.0,8.2,35.2,1,5/2/2025 10:06:25 AM
4/23/2025 7:00:00 AM,4/23/2025 3:00:00 AM,525,208.6,136.4,71.9,108.0,525.0,0.0,0.92,6.4,31.0,4.1,36.6,1,5/2/2025 10:06:25 AM
4/23/2025 8:00:00 AM,4/23/2025 4:00:00 AM,525,180.5,136.4,102.4,105.7,525.0,0.0,0.93,6.4,31.0,4.0,30.0,1,5/2/2025 10:06:25 AM
4/23/2025 9:00:00 AM,4/23/2025 5:00:00 AM,800,273.2,136.4,136.1,254.1,800.0,0.0,0.91,6.4,31.0,6.7,29.1,1,5/2/2025 10:06:25 AM
4/23/2025 10:00:00 AM,4/23/2025 6:00:00 AM,800,269.9,85.7,146.1,298.4,800.0,0.0,0.90,6.4,31.0,3.3,29.9,1,5/2/2025 10:06:25 AM
4/23/2025 11:00:00 AM,4/23/2025 7:00:00 AM,800,279.9,200.3,132.9,187.1,800.0,0.0,0.92,6.4,31.0,2.6,26.5,1,5/2/2025 10:06:25 AM
4/23/2025 12:00:00 PM,4/23/2025 8:00:00 AM,525,174.9,145.7,108.1,96.3,525.0,0.0,0.91,6.4,31.0,5.0,30.8,1,5/2/2025 10:06:25 AM
4/23/2025 1:00:00 PM,4/23/2025 9:00:00 AM,525,173.1,145.7,109.7,96.3,525.0,0.0,0.90,6.4,31.0,9.9,31.4,1,5/2/2025 10:06:25 AM
4/23/2025 2:00:00 PM,4/23/2025 10:00:00 AM,525,210.6,145.7,71.0,97.8,525.0,0.0,0.89,6.4,31.0,8.6,34.1,1,5/2/2025 10:06:25 AM
4/23/2025 3:00:00 PM,4/23/2025 11:00:00 AM,525,210.7,145.7,71.0,97.4,525.0,0.0,0.91,6.4,31.0,5.0,35.1,1,5/2/2025 10:06:25 AM
4/23/2025 4:00:00 PM,4/23/2025 12:00:00 PM,525,253.4,145.7,27.0,99.0,525.0,0.0,0.89,6.4,31.0,7.6,32.0,1,5/2/2025 10:06:25 AM
4/23/2025 5:00:00 PM,4/23/2025 1:00:00 PM,525,245.0,145.7,35.9,98.3,525.0,0.0,0.89,6.4,31.0,8.9,35.8,1,5/2/2025 10:06:25 AM
4/23/2025 6:00:00 PM,4/23/2025 2:00:00 PM,525,201.9,145.7,81.6,95.9,525.0,0.0,0.93,6.4,31.0,8.4,37.4,1,5/2/2025 10:06:25 AM
4/23/2025 7:00:00 PM,4/23/2025 3:00:00 PM,525,202.1,80.5,81.6,161.1,525.0,0.0,0.89,6.4,31.0,12.4,37.1,1,5/2/2025 10:06:25 AM
4/23/2025 8:00:00 PM,4/23/2025 4:00:00 PM,525,202.0,80.5,81.6,160.9,525.0,0.0,0.90,6.4,31.0,9.1,39.1,1,5/2/2025 10:06:25 AM
4/23/2025 9:00:00 PM,4/23/2025 5:00:00 PM,800,287.0,20.6,135.3,357.2,800.0,0.0,0.90,6.4,31.0,5.0,20.8,1,5/2/2025 10:06:25 AM
4/23/2025 10:00:00 PM,4/23/2025 6:00:00 PM,800,287.2,102.5,137.3,272.9,800.0,0.0,0.92,6.4,31.0,5.3,27.9,1,5/2/2025 10:06:25 AM
4/23/2025 11:00:00 PM,4/23/2025 7:00:00 PM,800,280.3,176.1,147.4,196.2,800.0,0.0,0.91,6.4,31.0,2.5,20.7,1,5/2/2025 10:06:25 AM
4/24/2025 12:00:00 AM,4/23/2025 8:00:00 PM,800,280.4,176.1,142.0,201.5,800.0,0.0,0.91,6.4,31.0,6.7,28.1,1,5/2/2025 10:06:25 AM
4/24/2025 1:00:00 AM,4/23/2025 9:00:00 PM,800,281.8,94.2,143.3,281.2,800.0,0.0,0.91,6.4,31.0,5.4,30.9,1,5/2/2025 10:06:25 AM
4/24/2025 2:00:00 AM,4/23/2025 10:00:00 PM,800,286.0,161.8,135.3,217.0,800.0,0.0,0.91,6.4,31.0,3.1,24.1,1,5/2/2025 10:06:25 AM
4/24/2025 3:00:00 AM,4/23/2025 11:00:00 PM,800,285.5,161.8,134.7,218.1,800.0,0.0,0.90,6.4,31.0,5.8,31.3,1,5/2/2025 10:06:25 AM
4/24/2025 4:00:00 AM,4/24/2025 12:00:00 AM,525,189.1,128.2,93.3,113.9,525.0,0.0,0.91,6.4,31.1,8.9,35.6,1,5/2/2025 10:06:25 AM
4/24/2025 5:00:00 AM,4/24/2025 1:00:00 AM,525,187.8,128.2,94.6,114.1,525.0,0.0,0.90,6.4,31.1,9.5,37.4,1,5/2/2025 10:06:25 AM
4/24/2025 6:00:00 AM,4/24/2025 2:00:00 AM,525,208.5,128.2,74.5,113.8,525.0,0.0,0.90,6.4,31.1,6.9,39.7,1,5/2/2025 10:06:25 AM
4/24/2025 7:00:00 AM,4/24/2025 3:00:00 AM,525,211.0,128.2,71.6,114.1,525.0,0.0,0.91,6.4,31.1,5.5,38.7,1,5/2/2025 10:06:25 AM
4/24/2025 8:00:00 AM,4/24/2025 4:00:00 AM,525,177.6,128.2,104.3,114.6,525.0,0.0,0.89,6.4,31.1,8.1,46.2,1,5/2/2025 10:06:25 AM
4/24/2025 9:00:00 AM,4/24/2025 5:00:00 AM,800,284.0,128.2,133.1,254.7,800.0,0.0,0.91,6.4,31.1,5.1,38.1,1,5/2/2025 10:06:25 AM
4/24/2025 10:00:00 AM,4/24/2025 6:00:00 AM,800,280.3,77.4,143.1,299.2,800.0,0.0,0.90,6.4,31.1,3.2,26.9,1,5/2/2025 10:06:25 AM
4/24/2025 11:00:00 AM,4/24/2025 7:00:00 AM,800,287.5,191.6,129.3,191.7,800.0,0.0,0.92,6.4,31.1,3.4,22.9,1,5/2/2025 10:06:25 AM
4/24/2025 12:00:00 PM,4/24/2025 8:00:00 AM,525,175.1,137.0,108.0,105.0,525.0,0.0,0.92,6.4,31.1,1.5,40.8,1,5/2/2025 10:06:25 AM
4/24/2025 1:00:00 PM,4/24/2025 9:00:00 AM,525,169.8,137.0,112.6,105.5,525.0,0.0,0.90,6.4,31.1,8.2,31.2,1,5/2/2025 10:06:25 AM
4/24/2025 2:00:00 PM,4/24/2025 10:00:00 AM,525,190.1,137.0,93.4,104.4,525.0,0.0,0.89,6.4,31.1,11.2,33.1,1,5/2/2025 10:06:25 AM
4/24/2025 3:00:00 PM,4/24/2025 11:00:00 AM,525,190.3,137.0,93.3,104.4,525.0,0.0,0.93,6.4,31.1,7.5,37.8,1,5/2/2025 10:06:25 AM
4/24/2025 4:00:00 PM,4/24/2025 12:00:00 PM,525,221.2,162.5,62.4,79.3,525.0,0.0,0.93,6.4,31.1,5.9,25.8,1,5/2/2025 10:06:25 AM
4/24/2025 5:00:00 PM,4/24/2025 1:00:00 PM,525,222.3,181.4,60.8,60.6,525.0,0.0,0.91,6.4,31.1,5.3,28.3,1,5/2/2025 10:06:25 AM
4/24/2025 6:00:00 PM,4/24/2025 2:00:00 PM,525,177.2,209.3,104.7,33.7,525.0,0.0,0.92,6.4,31.1,7.5,32.6,1,5/2/2025 10:06:25 AM
4/24/2025 7:00:00 PM,4/24/2025 3:00:00 PM,525,177.7,209.3,104.6,33.6,525.0,0.0,0.92,6.4,31.1,7.3,36.7,1,5/2/2025 10:06:25 AM
4/24/2025 8:00:00 PM,4/24/2025 4:00:00 PM,525,188.3,176.9,95.8,63.9,525.0,0.0,0.92,6.4,31.1,10.4,32.7,1,5/2/2025 10:06:25 AM
4/24/2025 9:00:00 PM,4/24/2025 5:00:00 PM,800,285.4,203.0,136.7,174.9,800.0,0.0,0.90,6.4,31.1,3.1,21.2,1,5/2/2025 10:06:25 AM
4/24/2025 10:00:00 PM,4/24/2025 6:00:00 PM,800,285.6,257.6,130.3,126.2,800.0,0.0,0.92,6.4,31.1,4.0,29.2,1,5/2/2025 10:06:25 AM
4/24/2025 11:00:00 PM,4/24/2025 7:00:00 PM,800,278.8,257.6,141.0,122.5,800.0,0.0,0.90,6.4,31.1,2.2,20.7,1,5/2/2025 10:06:25 AM
4/25/2025 12:00:00 AM,4/24/2025 8:00:00 PM,800,279.0,240.0,145.2,135.4,800.0,0.0,0.93,6.4,31.1,4.1,28.0,1,5/2/2025 10:06:25 AM
4/25/2025 1:00:00 AM,4/24/2025 9:00:00 PM,800,280.2,158.1,145.3,216.5,800.0,0.0,0.93,6.4,31.1,2.2,30.6,1,5/2/2025 10:06:25 AM
4/25/2025 2:00:00 AM,4/24/2025 10:00:00 PM,800,284.4,225.9,137.1,152.4,800.0,0.0,0.90,6.4,31.1,5.1,26.9,1,5/2/2025 10:06:25 AM
4/25/2025 3:00:00 AM,4/24/2025 11:00:00 PM,800,283.9,225.9,135.7,154.4,800.0,0.0,0.90,6.4,31.1,4.4,30.2,1,5/2/2025 10:06:25 AM
4/25/2025 4:00:00 AM,4/25/2025 12:00:00 AM,525,190.0,136.6,92.6,105.5,525.0,0.0,0.89,6.4,31.1,9.2,29.1,1,5/2/2025 10:06:25 AM
4/25/2025 5:00:00 AM,4/25/2025 1:00:00 AM,525,188.3,171.2,94.2,71.0,525.0,0.0,0.92,6.4,31.1,6.0,28.9,1,5/2/2025 10:06:25 AM
4/25/2025 6:00:00 AM,4/25/2025 2:00:00 AM,525,208.9,171.2,74.6,70.6,525.0,0.0,0.92,6.4,31.1,5.2,30.6,1,5/2/2025 10:06:25 AM
4/25/2025 7:00:00 AM,4/25/2025 3:00:00 AM,525,211.8,171.2,71.1,71.1,525.0,0.0,0.90,6.4,31.1,5.7,38.6,1,5/2/2025 10:06:25 AM
4/25/2025 8:00:00 AM,4/25/2025 4:00:00 AM,525,180.8,171.2,101.9,70.8,525.0,0.0,0.91,6.4,31.1,6.0,36.3,1,5/2/2025 10:06:25 AM
4/25/2025 9:00:00 AM,4/25/2025 5:00:00 AM,800,282.2,162.9,128.8,225.8,800.0,0.0,0.91,6.4,31.1,4.1,31.9,1,5/2/2025 10:06:25 AM
4/25/2025 10:00:00 AM,4/25/2025 6:00:00 AM,800,277.7,198.5,142.4,181.7,800.0,0.0,0.89,6.4,31.1,4.5,28.7,1,5/2/2025 10:06:25 AM
4/25/2025 11:00:00 AM,4/25/2025 7:00:00 AM,800,287.0,225.8,131.3,156.1,800.0,0.0,0.91,6.4,31.1,5.2,25.8,1,5/2/2025 10:06:25 AM
4/25/2025 12:00:00 PM,4/25/2025 8:00:00 AM,525,173.4,198.5,108.4,44.5,525.0,0.0,0.92,6.4,31.1,4.7,32.1,1,5/2/2025 10:06:25 AM
4/25/2025 1:00:00 PM,4/25/2025 9:00:00 AM,525,170.5,198.5,111.7,44.3,525.0,0.0,0.90,6.4,31.1,8.9,31.0,1,5/2/2025 10:06:25 AM
4/25/2025 2:00:00 PM,4/25/2025 10:00:00 AM,525,245.1,198.5,36.8,44.5,525.0,0.0,0.90,6.4,31.1,7.2,33.6,1,5/2/2025 10:06:25 AM
4/25/2025 3:00:00 PM,4/25/2025 11:00:00 AM,525,201.7,145.2,81.2,96.9,525.0,0.0,0.88,6.4,31.1,5.6,27.8,1,5/2/2025 10:06:25 AM
4/25/2025 4:00:00 PM,4/25/2025 12:00:00 PM,525,224.1,145.2,59.7,96.1,525.0,0.0,0.93,6.4,31.1,6.3,21.8,1,5/2/2025 10:06:25 AM
4/25/2025 5:00:00 PM,4/25/2025 1:00:00 PM,525,224.1,85.5,59.6,155.8,525.0,0.0,0.92,6.4,31.1,5.9,35.2,1,5/2/2025 10:06:25 AM
4/25/2025 6:00:00 PM,4/25/2025 2:00:00 PM,525,178.3,145.2,103.3,98.4,525.0,0.0,0.91,6.4,31.1,11.2,29.9,1,5/2/2025 10:06:25 AM
4/25/2025 7:00:00 PM,4/25/2025 3:00:00 PM,525,178.3,108.5,103.8,134.3,525.0,0.0,0.93,6.4,31.1,8.3,32.9,1,5/2/2025 10:06:25 AM
4/25/2025 8:00:00 PM,4/25/2025 4:00:00 PM,525,187.1,48.8,95.4,193.7,525.0,0.0,0.93,6.4,31.1,6.1,33.0,1,5/2/2025 10:06:25 AM
4/25/2025 9:00:00 PM,4/25/2025 5:00:00 PM,800,287.0,48.8,136.9,327.0,800.0,0.0,0.89,6.4,31.1,7.7,29.9,1,5/2/2025 10:06:25 AM
4/25/2025 10:00:00 PM,4/25/2025 6:00:00 PM,800,287.2,130.7,136.6,245.4,800.0,0.0,0.91,6.4,31.1,3.4,23.8,1,5/2/2025 10:06:25 AM
4/25/2025 11:00:00 PM,4/25/2025 7:00:00 PM,800,280.4,266.3,140.2,113.2,800.0,0.0,0.91,6.4,31.1,6.2,29.9,1,5/2/2025 10:06:25 AM
4/26/2025 12:00:00 AM,4/25/2025 8:00:00 PM,800,280.6,266.3,137.4,115.7,800.0,0.0,0.93,6.4,31.1,3.5,25.4,1,5/2/2025 10:06:25 AM
4/26/2025 1:00:00 AM,4/25/2025 9:00:00 PM,800,281.9,184.4,141.2,192.5,800.0,0.0,0.91,6.4,31.1,6.0,29.1,1,5/2/2025 10:06:25 AM
4/26/2025 2:00:00 AM,4/25/2025 10:00:00 PM,800,285.7,252.4,135.8,126.0,800.0,0.0,0.92,6.4,31.1,3.8,27.8,1,5/2/2025 10:06:25 AM
4/26/2025 3:00:00 AM,4/25/2025 11:00:00 PM,800,285.3,252.4,135.4,126.9,800.0,0.0,0.91,6.4,31.1,2.1,29.5,1,5/2/2025 10:06:25 AM
4/26/2025 4:00:00 AM,4/26/2025 12:00:00 AM,525,188.3,89.8,94.4,152.2,525.0,0.0,0.91,6.3,31.3,4.1,35.4,1,5/2/2025 10:06:25 AM
4/26/2025 5:00:00 AM,4/26/2025 1:00:00 AM,525,187.9,89.8,94.9,152.1,525.0,0.0,0.92,6.3,31.3,6.4,35.3,1,5/2/2025 10:06:25 AM
4/26/2025 6:00:00 AM,4/26/2025 2:00:00 AM,525,208.4,89.8,74.7,151.7,525.0,0.0,0.92,6.3,31.3,6.0,32.8,1,5/2/2025 10:06:25 AM
4/26/2025 7:00:00 AM,4/26/2025 3:00:00 AM,525,212.2,89.8,70.4,152.4,525.0,0.0,0.93,6.3,31.3,5.2,37.6,1,5/2/2025 10:06:25 AM
4/26/2025 8:00:00 AM,4/26/2025 4:00:00 AM,525,182.4,127.9,100.3,114.1,525.0,0.0,0.93,6.3,31.3,4.2,32.6,1,5/2/2025 10:06:25 AM
4/26/2025 9:00:00 AM,4/26/2025 5:00:00 AM,800,286.7,120.0,125.4,267.6,800.0,0.0,0.89,6.3,31.3,4.6,30.1,1,5/2/2025 10:06:25 AM
4/26/2025 10:00:00 AM,4/26/2025 6:00:00 AM,800,283.2,145.2,132.5,239.0,800.0,0.0,0.91,6.3,31.3,4.1,32.5,1,5/2/2025 10:06:25 AM
4/26/2025 11:00:00 AM,4/26/2025 7:00:00 AM,800,292.3,198.3,124.1,185.0,800.0,0.0,0.91,6.3,31.3,5.1,32.6,1,5/2/2025 10:06:25 AM
4/26/2025 12:00:00 PM,4/26/2025 8:00:00 AM,525,176.8,198.3,105.8,43.9,525.0,0.0,0.93,6.3,31.3,7.8,39.8,1,5/2/2025 10:06:25 AM
4/26/2025 1:00:00 PM,4/26/2025 9:00:00 AM,525,174.0,198.3,108.6,43.8,525.0,0.0,0.93,6.3,31.3,6.6,34.9,1,5/2/2025 10:06:25 AM
4/26/2025 2:00:00 PM,4/26/2025 10:00:00 AM,525,174.1,198.3,108.6,43.5,525.0,0.0,0.92,6.3,31.3,8.7,30.6,1,5/2/2025 10:06:25 AM
4/26/2025 3:00:00 PM,4/26/2025 11:00:00 AM,525,174.2,148.4,108.6,93.4,525.0,0.0,0.91,6.3,31.3,8.7,35.0,1,5/2/2025 10:06:25 AM
4/26/2025 4:00:00 PM,4/26/2025 12:00:00 PM,525,215.1,80.3,70.0,159.5,525.0,0.0,0.91,6.3,31.3,9.4,30.1,1,5/2/2025 10:06:25 AM
4/26/2025 5:00:00 PM,4/26/2025 1:00:00 PM,525,217.4,80.3,67.7,159.6,525.0,0.0,0.93,6.3,31.3,6.4,26.1,1,5/2/2025 10:06:25 AM
4/26/2025 6:00:00 PM,4/26/2025 2:00:00 PM,525,220.7,80.3,63.6,160.2,525.0,0.0,0.93,6.3,31.3,4.3,34.5,1,5/2/2025 10:06:25 AM
4/26/2025 7:00:00 PM,4/26/2025 3:00:00 PM,525,175.8,80.3,105.7,162.9,525.0,0.0,0.93,6.3,31.3,5.8,27.7,1,5/2/2025 10:06:25 AM
4/26/2025 8:00:00 PM,4/26/2025 4:00:00 PM,525,174.3,80.3,108.5,161.4,525.0,0.0,0.93,6.3,31.3,5.2,27.6,1,5/2/2025 10:06:25 AM
4/26/2025 9:00:00 PM,4/26/2025 5:00:00 PM,800,281.9,80.3,142.2,295.5,800.0,0.0,0.92,6.3,31.3,5.8,23.1,1,5/2/2025 10:06:25 AM
4/26/2025 10:00:00 PM,4/26/2025 6:00:00 PM,800,281.9,126.6,142.5,249.0,800.0,0.0,0.92,6.3,31.3,6.6,29.5,1,5/2/2025 10:06:25 AM
4/26/2025 11:00:00 PM,4/26/2025 7:00:00 PM,800,288.7,208.5,132.6,170.2,800.0,0.0,0.91,6.3,31.3,4.2,27.8,1,5/2/2025 10:06:25 AM
4/27/2025 12:00:00 AM,4/26/2025 8:00:00 PM,800,290.8,238.0,121.5,149.6,800.0,0.0,0.92,6.3,31.3,4.8,28.0,1,5/2/2025 10:06:25 AM
4/27/2025 1:00:00 AM,4/26/2025 9:00:00 PM,800,290.3,238.0,122.3,149.1,800.0,0.0,0.93,6.3,31.3,2.5,28.5,1,5/2/2025 10:06:25 AM
4/27/2025 2:00:00 AM,4/26/2025 10:00:00 PM,800,292.2,335.5,123.0,49.2,800.0,0.0,0.91,6.3,31.3,2.0,27.5,1,5/2/2025 10:06:25 AM
4/27/2025 3:00:00 AM,4/26/2025 11:00:00 PM,800,291.5,253.6,127.0,127.6,800.0,0.0,0.89,6.3,31.3,5.2,35.6,1,5/2/2025 10:06:25 AM
4/27/2025 4:00:00 AM,4/27/2025 12:00:00 AM,525,199.9,212.9,84.5,27.9,525.0,0.0,0.91,6.3,31.3,5.2,28.7,1,5/2/2025 10:06:25 AM
4/27/2025 5:00:00 AM,4/27/2025 1:00:00 AM,525,199.9,212.9,84.5,27.9,525.0,0.0,0.94,6.3,31.3,4.4,34.7,1,5/2/2025 10:06:25 AM
4/27/2025 6:00:00 AM,4/27/2025 2:00:00 AM,525,221.0,212.9,63.2,27.9,525.0,0.0,0.89,6.3,31.3,6.3,35.7,1,5/2/2025 10:06:25 AM
4/27/2025 7:00:00 AM,4/27/2025 3:00:00 AM,525,221.3,212.9,62.4,28.4,525.0,0.0,0.89,6.3,31.3,5.5,34.8,1,5/2/2025 10:06:25 AM
4/27/2025 8:00:00 AM,4/27/2025 4:00:00 AM,525,190.3,212.9,93.7,28.5,525.5,0.0,0.92,6.3,31.3,5.1,30.4,1,5/2/2025 10:06:25 AM
4/27/2025 9:00:00 AM,4/27/2025 5:00:00 AM,800,289.8,212.9,119.8,177.5,800.0,0.0,0.92,6.3,31.3,7.0,28.7,1,5/2/2025 10:06:25 AM
4/27/2025 10:00:00 AM,4/27/2025 6:00:00 AM,800,288.7,198.0,118.9,194.7,800.0,0.0,0.92,6.3,31.3,3.0,30.6,1,5/2/2025 10:06:25 AM
4/27/2025 11:00:00 AM,4/27/2025 7:00:00 AM,800,296.3,198.0,112.3,193.4,800.0,0.0,0.90,6.3,31.3,8.0,31.7,1,5/2/2025 10:06:25 AM
4/27/2025 12:00:00 PM,4/27/2025 8:00:00 AM,525,185.6,198.0,98.7,42.3,525.0,0.0,0.92,6.3,31.3,9.0,27.2,1,5/2/2025 10:06:25 AM
4/27/2025 1:00:00 PM,4/27/2025 9:00:00 AM,525,184.6,198.0,99.7,42.3,525.0,0.0,0.91,6.3,31.3,8.6,20.2,1,5/2/2025 10:06:25 AM
4/27/2025 2:00:00 PM,4/27/2025 10:00:00 AM,525,184.7,198.0,99.8,42.3,525.0,0.0,0.89,6.3,31.3,8.4,23.7,1,5/2/2025 10:06:25 AM
4/27/2025 3:00:00 PM,4/27/2025 11:00:00 AM,525,184.6,80.3,100.0,159.7,525.0,0.0,0.90,6.3,31.3,6.7,33.5,1,5/2/2025 10:06:25 AM
4/27/2025 4:00:00 PM,4/27/2025 12:00:00 PM,525,219.0,80.3,65.5,160.1,525.0,0.0,0.89,6.3,31.3,6.2,31.1,1,5/2/2025 10:06:25 AM
4/27/2025 5:00:00 PM,4/27/2025 1:00:00 PM,525,218.9,80.3,65.8,160.1,525.0,0.0,0.92,6.3,31.3,8.4,43.7,1,5/2/2025 10:06:25 AM
4/27/2025 6:00:00 PM,4/27/2025 2:00:00 PM,525,213.3,80.3,69.1,162.5,525.0,0.0,0.88,6.3,31.3,8.0,40.1,1,5/2/2025 10:06:25 AM
4/27/2025 7:00:00 PM,4/27/2025 3:00:00 PM,525,184.1,80.3,100.4,159.9,525.0,0.0,0.89,6.3,31.3,8.2,33.6,1,5/2/2025 10:06:25 AM
4/27/2025 8:00:00 PM,4/27/2025 4:00:00 PM,525,181.7,80.3,102.7,160.2,525.0,0.0,0.92,6.3,31.3,6.7,26.3,1,5/2/2025 10:06:25 AM
4/27/2025 9:00:00 PM,4/27/2025 5:00:00 PM,800,264.7,133.8,138.9,262.2,800.0,0.0,0.89,6.3,31.3,10.2,32.6,1,5/2/2025 10:06:25 AM
4/27/2025 10:00:00 PM,4/27/2025 6:00:00 PM,800,244.6,85.1,145.5,324.8,800.0,0.0,0.90,6.3,31.3,6.4,36.4,1,5/2/2025 10:06:25 AM
4/27/2025 11:00:00 PM,4/27/2025 7:00:00 PM,800,242.2,167.0,151.3,239.4,800.0,0.0,0.92,6.3,31.3,5.9,32.2,1,5/2/2025 10:06:25 AM
4/28/2025 12:00:00 AM,4/27/2025 8:00:00 PM,800,242.1,219.9,150.9,187.0,800.0,0.0,0.91,6.3,31.3,4.6,36.1,1,5/2/2025 10:06:25 AM
4/28/2025 1:00:00 AM,4/27/2025 9:00:00 PM,800,243.1,138.0,150.7,268.3,800.0,0.0,0.92,6.3,31.3,2.8,27.3,1,5/2/2025 10:06:25 AM
4/28/2025 2:00:00 AM,4/27/2025 10:00:00 PM,800,245.6,265.8,149.0,139.7,800.0,0.0,0.91,6.3,31.3,5.4,37.1,1,5/2/2025 10:06:25 AM
4/28/2025 3:00:00 AM,4/27/2025 11:00:00 PM,800,246.6,265.8,140.5,147.1,800.0,0.0,0.89,6.3,31.3,7.6,38.7,1,5/2/2025 10:06:25 AM
4/28/2025 4:00:00 AM,4/28/2025 12:00:00 AM,525,186.7,136.0,94.4,107.7,525.0,0.0,0.91,6.3,31.3,7.8,33.3,1,5/2/2025 10:06:25 AM
4/28/2025 5:00:00 AM,4/28/2025 1:00:00 AM,525,186.6,136.0,93.9,108.5,525.0,0.0,0.90,6.3,31.3,3.6,34.5,1,5/2/2025 10:06:25 AM
4/28/2025 6:00:00 AM,4/28/2025 2:00:00 AM,525,203.0,170.2,71.5,80.0,525.0,0.0,0.91,6.3,31.3,9.0,40.6,1,5/2/2025 10:06:25 AM
4/28/2025 7:00:00 AM,4/28/2025 3:00:00 AM,525,203.2,170.2,74.9,76.6,525.0,0.0,0.89,6.3,31.3,5.2,41.8,1,5/2/2025 10:06:25 AM
4/28/2025 8:00:00 AM,4/28/2025 4:00:00 AM,525,198.2,170.2,78.9,77.6,525.0,0.0,0.89,6.3,31.3,7.7,40.7,1,5/2/2025 10:06:25 AM
4/28/2025 9:00:00 AM,4/28/2025 5:00:00 AM,800,258.4,200.6,106.3,234.6,800.0,0.0,0.88,6.3,31.3,7.5,39.7,1,5/2/2025 10:06:25 AM
4/28/2025 10:00:00 AM,4/28/2025 6:00:00 AM,800,245.1,268.6,144.9,141.5,800.0,0.0,0.89,6.3,31.3,5.3,37.0,1,5/2/2025 10:06:25 AM
4/28/2025 11:00:00 AM,4/28/2025 7:00:00 AM,800,272.5,268.6,128.0,130.8,800.0,0.0,0.93,6.3,31.3,0.6,34.9,1,5/2/2025 10:06:25 AM
4/28/2025 12:00:00 PM,4/28/2025 8:00:00 AM,525,180.2,215.3,105.3,24.2,525.0,0.0,0.90,6.3,31.3,6.4,29.8,1,5/2/2025 10:06:25 AM
4/28/2025 1:00:00 PM,4/28/2025 9:00:00 AM,525,172.5,215.3,110.2,26.7,525.0,0.0,0.90,6.3,31.3,6.3,31.5,1,5/2/2025 10:06:25 AM
4/28/2025 2:00:00 PM,4/28/2025 10:00:00 AM,525,195.9,215.3,83.4,30.2,525.0,0.0,0.90,6.3,31.3,12.8,31.0,1,5/2/2025 10:06:25 AM
4/28/2025 3:00:00 PM,4/28/2025 11:00:00 AM,525,200.1,145.0,82.3,97.4,525.0,0.0,0.87,6.3,31.3,6.4,36.4,1,5/2/2025 10:06:25 AM
4/28/2025 4:00:00 PM,4/28/2025 12:00:00 PM,525,237.8,162.6,41.7,82.6,525.0,0.0,0.89,6.3,31.3,7.6,40.7,1,5/2/2025 10:06:25 AM
4/28/2025 5:00:00 PM,4/28/2025 1:00:00 PM,525,236.8,162.6,42.3,82.9,525.0,0.0,0.91,6.3,31.3,7.7,44.8,1,5/2/2025 10:06:25 AM
4/28/2025 6:00:00 PM,4/28/2025 2:00:00 PM,525,207.2,162.6,74.7,80.0,525.0,0.0,0.89,6.3,31.3,7.7,44.4,1,5/2/2025 10:06:25 AM
4/28/2025 7:00:00 PM,4/28/2025 3:00:00 PM,525,207.2,162.6,76.2,78.9,525.0,0.0,0.90,6.3,31.3,8.8,35.3,1,5/2/2025 10:06:25 AM
4/28/2025 8:00:00 PM,4/28/2025 4:00:00 PM,525,198.7,132.8,84.0,109.3,525.0,0.0,0.90,6.3,31.3,9.6,43.5,1,5/2/2025 10:06:25 AM
4/28/2025 9:00:00 PM,4/28/2025 5:00:00 PM,800,282.7,102.4,119.3,295.4,800.0,0.0,0.91,6.3,31.3,4.8,34.3,1,5/2/2025 10:06:25 AM
4/28/2025 10:00:00 PM,4/28/2025 6:00:00 PM,800,285.1,137.6,116.4,260.8,800.0,0.0,0.89,6.3,31.3,3.4,27.9,1,5/2/2025 10:06:25 AM
4/28/2025 11:00:00 PM,4/28/2025 7:00:00 PM,800,278.9,219.5,126.7,174.7,800.0,0.0,0.90,6.3,31.3,5.7,35.0,1,5/2/2025 10:06:25 AM
4/29/2025 12:00:00 AM,4/28/2025 8:00:00 PM,800,294.8,219.5,125.8,159.6,800.0,0.0,0.91,6.3,31.3,2.8,25.6,1,5/2/2025 10:06:25 AM
4/29/2025 1:00:00 AM,4/28/2025 9:00:00 PM,800,295.6,137.6,125.1,242.1,800.0,0.0,0.92,6.3,31.3,2.1,23.5,1,5/2/2025 10:06:25 AM
4/29/2025 2:00:00 AM,4/28/2025 10:00:00 PM,800,299.0,265.6,119.2,116.1,800.0,0.0,0.93,6.3,31.3,2.5,28.5,1,5/2/2025 10:06:25 AM
4/29/2025 3:00:00 AM,4/28/2025 11:00:00 PM,800,298.6,265.6,115.1,120.5,800.0,0.0,0.92,6.3,31.3,2.1,27.4,1,5/2/2025 10:06:25 AM
4/29/2025 4:00:00 AM,4/29/2025 12:00:00 AM,525,211.0,187.7,72.7,54.0,525.0,0.0,0.92,6.3,31.4,5.1,32.2,1,5/2/2025 10:06:25 AM
4/29/2025 5:00:00 AM,4/29/2025 1:00:00 AM,525,210.6,187.7,73.0,53.9,525.0,0.0,0.92,6.3,31.4,5.6,28.2,1,5/2/2025 10:06:25 AM
4/29/2025 6:00:00 AM,4/29/2025 2:00:00 AM,525,210.6,187.7,73.0,53.9,525.0,0.0,0.92,6.3,31.4,5.7,29.4,1,5/2/2025 10:06:25 AM
4/29/2025 7:00:00 AM,4/29/2025 3:00:00 AM,525,210.8,187.7,72.7,54.0,525.0,0.0,0.92,6.3,31.4,4.4,33.7,1,5/2/2025 10:06:25 AM
4/29/2025 8:00:00 AM,4/29/2025 4:00:00 AM,525,201.0,187.7,82.2,54.2,525.0,0.0,0.93,6.3,31.4,5.3,26.9,1,5/2/2025 10:06:25 AM
4/29/2025 9:00:00 AM,4/29/2025 5:00:00 AM,800,300.3,179.9,105.7,214.2,800.0,0.0,0.88,6.3,31.4,6.3,35.3,1,5/2/2025 10:06:25 AM
4/29/2025 10:00:00 AM,4/29/2025 6:00:00 AM,800,303.3,293.4,106.5,97.0,800.0,0.0,0.88,6.3,31.4,4.6,29.4,1,5/2/2025 10:06:25 AM
4/29/2025 11:00:00 AM,4/29/2025 7:00:00 AM,800,313.8,293.4,95.1,98.0,800.0,0.0,0.87,6.3,31.4,0.6,19.0,1,5/2/2025 10:06:25 AM
4/29/2025 12:00:00 PM,4/29/2025 8:00:00 AM,525,209.2,179.9,74.9,61.1,525.0,0.0,0.88,6.3,31.4,5.0,17.9,1,5/2/2025 10:06:25 AM
4/29/2025 1:00:00 PM,4/29/2025 9:00:00 AM,525,205.5,179.9,78.5,61.0,525.0,0.0,0.90,6.3,31.4,9.3,39.2,1,5/2/2025 10:06:25 AM
4/29/2025 2:00:00 PM,4/29/2025 10:00:00 AM,525,260.2,179.9,19.5,65.2,525.0,0.0,0.91,6.3,31.4,5.3,26.6,1,5/2/2025 10:06:25 AM
4/29/2025 3:00:00 PM,4/29/2025 11:00:00 AM,525,217.1,162.4,66.1,79.6,525.0,0.0,0.88,6.3,31.4,6.4,28.0,1,5/2/2025 10:06:25 AM
4/29/2025 4:00:00 PM,4/29/2025 12:00:00 PM,525,258.6,162.4,21.8,82.2,525.0,0.0,0.89,6.3,31.4,5.4,29.5,1,5/2/2025 10:06:25 AM
4/29/2025 5:00:00 PM,4/29/2025 1:00:00 PM,525,220.5,274.1,57.2,0.1,551.6,0.0,0.93,6.3,31.4,7.9,27.7,1,5/2/2025 10:06:25 AM
4/29/2025 6:00:00 PM,4/29/2025 2:00:00 PM,525,220.6,231.6,61.6,11.8,525.2,0.0,0.95,6.3,31.4,5.3,26.4,1,5/2/2025 10:06:25 AM
4/29/2025 7:00:00 PM,4/29/2025 3:00:00 PM,525,214.4,231.6,69.4,11.8,526.8,0.0,0.95,6.3,31.4,6.1,23.5,1,5/2/2025 10:06:25 AM
4/29/2025 8:00:00 PM,4/29/2025 4:00:00 PM,525,215.2,201.8,68.0,40.0,525.0,0.0,0.92,6.3,31.4,10.4,31.5,1,5/2/2025 10:06:25 AM
4/29/2025 9:00:00 PM,4/29/2025 5:00:00 PM,800,307.9,201.8,101.4,189.2,800.0,0.0,0.89,6.3,31.4,6.4,21.5,1,5/2/2025 10:06:25 AM
4/29/2025 10:00:00 PM,4/29/2025 6:00:00 PM,800,309.7,201.8,98.3,190.3,800.0,0.0,0.91,6.3,31.4,3.9,24.6,1,5/2/2025 10:06:25 AM
4/29/2025 11:00:00 PM,4/29/2025 7:00:00 PM,800,301.2,201.8,117.0,180.1,800.0,0.0,0.88,6.3,31.4,4.8,25.6,1,5/2/2025 10:06:25 AM
4/30/2025 12:00:00 AM,4/29/2025 8:00:00 PM,800,301.4,201.8,116.8,180.0,800.0,0.0,0.92,6.3,31.4,3.0,28.2,1,5/2/2025 10:06:25 AM
4/30/2025 1:00:00 AM,4/29/2025 9:00:00 PM,800,302.9,201.8,111.4,184.0,800.0,0.0,0.92,6.3,31.4,1.9,19.3,1,5/2/2025 10:06:25 AM
4/30/2025 2:00:00 AM,4/29/2025 10:00:00 PM,800,306.7,119.9,104.0,269.5,800.0,0.0,0.91,6.3,31.4,3.3,27.4,1,5/2/2025 10:06:25 AM
4/30/2025 3:00:00 AM,4/29/2025 11:00:00 PM,800,306.3,187.7,101.1,204.8,800.0,0.0,0.92,6.3,31.4,2.2,25.0,1,5/2/2025 10:06:25 AM
4/30/2025 4:00:00 AM,4/30/2025 12:00:00 AM,525,210.8,187.6,72.6,54.2,525.0,0.0,0.92,6.3,31.5,3.7,26.9,1,5/2/2025 10:06:25 AM
4/30/2025 5:00:00 AM,4/30/2025 1:00:00 AM,525,210.6,187.6,72.7,54.2,525.0,0.0,0.92,6.3,31.5,6.5,27.5,1,5/2/2025 10:06:25 AM
4/30/2025 6:00:00 AM,4/30/2025 2:00:00 AM,525,210.7,172.9,72.7,68.9,525.0,0.0,0.89,6.3,31.5,7.8,40.6,1,5/2/2025 10:06:25 AM
4/30/2025 7:00:00 AM,4/30/2025 3:00:00 AM,525,210.7,158.2,72.7,83.6,525.0,0.0,0.91,6.3,31.5,3.6,30.3,1,5/2/2025 10:06:25 AM
4/30/2025 8:00:00 AM,4/30/2025 4:00:00 AM,525,210.8,158.2,72.7,83.5,525.0,0.0,0.91,6.3,31.5,6.7,29.9,1,5/2/2025 10:06:25 AM
4/30/2025 9:00:00 AM,4/30/2025 5:00:00 AM,800,304.5,90.5,99.5,305.4,800.0,0.0,0.89,6.3,31.5,5.0,31.0,1,5/2/2025 10:06:25 AM
4/30/2025 10:00:00 AM,4/30/2025 6:00:00 AM,800,301.0,185.7,110.5,202.7,800.0,0.0,0.92,6.3,31.5,1.8,34.1,1,5/2/2025 10:06:25 AM
4/30/2025 11:00:00 AM,4/30/2025 7:00:00 AM,800,290.2,185.7,99.7,224.2,800.0,0.0,0.88,6.3,31.5,5.1,28.7,1,5/2/2025 10:06:25 AM
4/30/2025 12:00:00 PM,4/30/2025 8:00:00 AM,525,204.3,61.5,77.4,182.0,525.0,0.0,0.86,6.3,31.5,1.6,36.0,1,5/2/2025 10:06:25 AM
4/30/2025 1:00:00 PM,4/30/2025 9:00:00 AM,525,200.9,61.5,81.7,180.9,525.0,0.0,0.86,6.3,31.5,7.8,21.8,1,5/2/2025 10:06:25 AM
4/30/2025 2:00:00 PM,4/30/2025 10:00:00 AM,525,212.1,61.5,69.1,182.3,525.0,0.0,0.89,6.3,31.5,7.8,24.1,1,5/2/2025 10:06:25 AM
4/30/2025 3:00:00 PM,4/30/2025 11:00:00 AM,525,212.3,61.5,69.0,182.2,525.0,0.0,0.88,6.3,31.5,11.0,31.4,1,5/2/2025 10:06:25 AM
4/30/2025 4:00:00 PM,4/30/2025 12:00:00 PM,525,249.9,72.1,25.0,178.0,525.0,0.0,0.91,6.3,31.5,6.7,29.3,1,5/2/2025 10:06:25 AM
4/30/2025 5:00:00 PM,4/30/2025 1:00:00 PM,525,248.9,72.1,26.0,177.6,525.0,0.0,0.89,6.3,31.5,9.4,36.8,1,5/2/2025 10:06:25 AM
4/30/2025 6:00:00 PM,4/30/2025 2:00:00 PM,525,210.5,1.7,70.8,241.5,525.0,0.0,0.88,6.3,31.5,7.0,31.7,1,5/2/2025 10:06:25 AM
4/30/2025 7:00:00 PM,4/30/2025 3:00:00 PM,525,210.6,115.4,69.1,129.6,525.0,0.0,0.88,6.3,31.5,5.6,16.5,1,5/2/2025 10:06:25 AM
4/30/2025 8:00:00 PM,4/30/2025 4:00:00 PM,525,210.2,215.7,68.9,30.9,525.7,0.0,0.89,6.3,31.5,9.0,22.4,1,5/2/2025 10:06:25 AM
4/30/2025 9:00:00 PM,4/30/2025 5:00:00 PM,800,286.5,102.0,102.9,308.3,800.0,0.0,0.91,6.3,31.5,7.3,26.5,1,5/2/2025 10:06:25 AM
4/30/2025 10:00:00 PM,4/30/2025 6:00:00 PM,800,306.8,102.0,102.6,288.5,800.0,0.0,0.91,6.3,31.5,3.6,25.2,1,5/2/2025 10:06:25 AM
4/30/2025 11:00:00 PM,4/30/2025 7:00:00 PM,800,299.9,186.8,114.1,199.3,800.0,0.0,0.90,6.3,31.5,3.9,33.1,1,5/2/2025 10:06:25 AM
5/1/2025 12:00:00 AM,4/30/2025 8:00:00 PM,800,293.4,186.8,124.5,195.4,800.0,0.0,0.92,6.3,31.5,2.9,25.6,1,5/2/2025 10:06:25 AM
5/1/2025 1:00:00 AM,4/30/2025 9:00:00 PM,800,292.5,186.8,122.3,198.2,800.0,0.0,0.92,6.3,31.5,3.0,32.8,1,5/2/2025 10:06:25 AM
5/1/2025 2:00:00 AM,4/30/2025 10:00:00 PM,800,295.6,164.7,115.2,224.2,800.0,0.0,0.92,6.3,31.5,1.0,25.7,1,5/2/2025 10:06:25 AM
5/1/2025 3:00:00 AM,4/30/2025 11:00:00 PM,800,296.6,172.9,109.7,220.4,800.0,0.0,0.88,6.3,31.5,6.2,34.4,1,5/2/2025 10:06:25 AM
5/1/2025 4:00:00 AM,5/1/2025 12:00:00 AM,525,211.7,162.2,70.9,79.9,525.0,0.0,0.90,6.3,31.5,2.7,28.5,1,6/6/2025 10:05:40 AM
5/1/2025 5:00:00 AM,5/1/2025 1:00:00 AM,525,209.6,162.2,74.0,78.9,525.0,0.0,0.90,6.3,31.5,4.9,31.2,1,6/6/2025 10:05:40 AM
5/1/2025 6:00:00 AM,5/1/2025 2:00:00 AM,525,209.6,132.8,74.1,108.4,525.0,0.0,0.91,6.3,31.5,4.8,34.6,1,6/6/2025 10:05:40 AM
5/1/2025 7:00:00 AM,5/1/2025 3:00:00 AM,525,210.0,132.8,73.6,108.4,525.0,0.0,0.89,6.3,31.5,7.4,30.7,1,6/6/2025 10:05:40 AM
5/1/2025 8:00:00 AM,5/1/2025 4:00:00 AM,525,199.1,132.8,84.6,108.2,525.0,0.0,0.92,6.3,31.5,4.1,36.5,1,6/6/2025 10:05:40 AM
5/1/2025 9:00:00 AM,5/1/2025 5:00:00 AM,800,295.0,61.8,111.1,332.0,800.0,0.0,0.88,6.3,31.5,6.0,36.7,1,6/6/2025 10:05:40 AM
5/1/2025 10:00:00 AM,5/1/2025 6:00:00 AM,800,291.4,175.7,122.3,210.7,800.0,0.0,0.91,6.3,31.5,2.9,29.6,1,6/6/2025 10:05:40 AM
5/1/2025 11:00:00 AM,5/1/2025 7:00:00 AM,800,301.6,175.7,107.4,215.2,800.0,0.0,0.90,6.3,31.5,2.7,16.4,1,6/6/2025 10:05:40 AM
5/1/2025 12:00:00 PM,5/1/2025 8:00:00 AM,525,196.2,61.8,88.0,179.2,525.0,0.0,0.89,6.3,31.5,4.7,26.3,1,6/6/2025 10:05:40 AM
5/1/2025 1:00:00 PM,5/1/2025 9:00:00 AM,525,249.5,61.8,33.9,179.9,525.0,0.0,0.88,6.3,31.5,8.8,26.0,1,6/6/2025 10:05:40 AM
5/1/2025 2:00:00 PM,5/1/2025 10:00:00 AM,525,217.1,61.8,66.4,179.9,525.0,0.0,0.90,6.3,31.5,5.6,31.7,1,6/6/2025 10:05:40 AM
5/1/2025 3:00:00 PM,5/1/2025 11:00:00 AM,525,203.9,61.8,80.2,179.1,525.0,0.0,0.89,6.3,31.5,6.1,27.3,1,6/6/2025 10:05:40 AM
5/1/2025 4:00:00 PM,5/1/2025 12:00:00 PM,525,245.2,61.8,37.0,181.0,525.0,0.0,0.84,6.3,31.5,9.0,37.1,1,6/6/2025 10:05:40 AM
5/1/2025 5:00:00 PM,5/1/2025 1:00:00 PM,525,245.1,61.8,37.4,180.6,525.0,0.0,0.90,6.3,31.5,5.6,29.0,1,6/6/2025 10:05:40 AM
5/1/2025 6:00:00 PM,5/1/2025 2:00:00 PM,525,202.6,1.7,81.4,239.4,525.0,0.0,0.90,6.3,31.5,8.3,25.0,1,6/6/2025 10:05:40 AM
5/1/2025 7:00:00 PM,5/1/2025 3:00:00 PM,525,202.6,55.4,81.3,185.6,525.0,0.0,0.90,6.3,31.5,6.2,18.5,1,6/6/2025 10:05:40 AM
5/1/2025 8:00:00 PM,5/1/2025 4:00:00 PM,525,200.6,225.7,83.6,14.9,525.0,0.0,0.92,6.3,31.5,7.5,31.3,1,6/6/2025 10:05:40 AM
5/1/2025 9:00:00 PM,5/1/2025 5:00:00 PM,800,294.0,263.9,114.6,127.2,800.0,0.0,0.90,6.3,31.5,4.3,31.8,1,6/6/2025 10:05:40 AM
5/1/2025 10:00:00 PM,5/1/2025 6:00:00 PM,800,294.8,263.9,116.3,125.0,800.0,0.0,0.90,6.3,31.5,7.5,28.7,1,6/6/2025 10:05:40 AM
5/1/2025 11:00:00 PM,5/1/2025 7:00:00 PM,800,291.3,263.9,125.7,118.9,800.0,0.0,0.90,6.3,31.5,5.2,27.5,1,6/6/2025 10:05:40 AM
5/2/2025 12:00:00 AM,5/1/2025 8:00:00 PM,800,297.7,263.9,115.1,123.3,800.0,0.0,0.91,6.3,31.5,5.5,27.1,1,6/6/2025 10:05:40 AM
5/2/2025 1:00:00 AM,5/1/2025 9:00:00 PM,800,300.0,263.9,110.2,125.7,800.0,0.0,0.92,6.3,31.5,3.4,33.7,1,6/6/2025 10:05:40 AM
5/2/2025 2:00:00 AM,5/1/2025 10:00:00 PM,800,297.5,189.1,115.1,198.2,800.0,0.0,0.91,6.3,31.5,5.6,30.3,1,6/6/2025 10:05:40 AM
5/2/2025 3:00:00 AM,5/1/2025 11:00:00 PM,800,281.4,179.7,116.5,222.2,800.0,0.0,0.91,6.3,31.5,6.8,34.2,1,6/6/2025 10:05:40 AM
5/2/2025 4:00:00 AM,5/2/2025 12:00:00 AM,525,206.1,203.3,76.3,39.2,525.0,0.0,0.89,6.3,31.6,8.1,36.3,1,6/6/2025 10:05:40 AM
5/2/2025 5:00:00 AM,5/2/2025 1:00:00 AM,525,206.2,203.3,76.3,39.1,525.0,0.0,0.91,6.3,31.6,10.1,36.5,1,6/6/2025 10:05:40 AM
5/2/2025 6:00:00 AM,5/2/2025 2:00:00 AM,525,206.4,203.3,76.1,38.9,525.0,0.0,0.89,6.3,31.6,9.8,30.6,1,6/6/2025 10:05:40 AM
5/2/2025 7:00:00 AM,5/2/2025 3:00:00 AM,525,206.5,203.3,75.4,39.5,525.0,0.0,0.90,6.3,31.6,7.1,34.2,1,6/6/2025 10:05:40 AM
5/2/2025 8:00:00 AM,5/2/2025 4:00:00 AM,525,197.9,179.9,85.6,61.5,525.0,0.0,0.90,6.3,31.6,2.0,38.9,1,6/6/2025 10:05:40 AM
5/2/2025 9:00:00 AM,5/2/2025 5:00:00 AM,800,281.5,203.3,111.2,204.0,800.0,0.0,0.89,6.3,31.6,6.3,24.9,1,6/6/2025 10:05:40 AM
5/2/2025 10:00:00 AM,5/2/2025 6:00:00 AM,800,278.5,179.9,120.7,220.6,800.0,0.0,0.90,6.3,31.6,5.6,37.6,1,6/6/2025 10:05:40 AM
5/2/2025 11:00:00 AM,5/2/2025 7:00:00 AM,800,285.4,179.9,106.7,227.7,800.0,0.0,0.90,6.3,31.6,6.4,37.0,1,6/6/2025 10:05:40 AM
5/2/2025 12:00:00 PM,5/2/2025 8:00:00 AM,525,208.1,179.9,73.1,63.5,525.0,0.0,0.90,6.3,31.6,6.5,33.9,1,6/6/2025 10:05:40 AM
5/2/2025 1:00:00 PM,5/2/2025 9:00:00 AM,525,206.3,179.9,76.3,62.2,525.0,0.0,0.90,6.3,31.6,4.3,34.8,1,6/6/2025 10:05:40 AM
5/2/2025 2:00:00 PM,5/2/2025 10:00:00 AM,525,207.0,179.9,75.0,62.7,525.0,0.0,0.88,6.3,31.6,9.2,36.0,1,6/6/2025 10:05:40 AM
5/2/2025 3:00:00 PM,5/2/2025 11:00:00 AM,525,200.7,179.9,81.5,62.6,525.0,0.0,0.86,6.3,31.6,9.4,46.8,1,6/6/2025 10:05:40 AM
5/2/2025 4:00:00 PM,5/2/2025 12:00:00 PM,525,238.5,179.9,39.8,66.7,525.0,0.0,0.92,6.3,31.6,9.5,33.4,1,6/6/2025 10:05:40 AM
5/2/2025 5:00:00 PM,5/2/2025 1:00:00 PM,525,238.6,179.9,40.1,66.3,525.0,0.0,0.91,6.3,31.6,6.2,30.2,1,6/6/2025 10:05:40 AM
5/2/2025 6:00:00 PM,5/2/2025 2:00:00 PM,525,197.5,119.6,85.6,121.9,525.0,0.0,0.91,6.3,31.6,5.3,19.2,1,6/6/2025 10:05:40 AM
5/2/2025 7:00:00 PM,5/2/2025 3:00:00 PM,525,199.1,20.2,82.9,222.8,525.0,0.0,0.90,6.3,31.6,6.3,26.3,1,6/6/2025 10:05:40 AM
5/2/2025 8:00:00 PM,5/2/2025 4:00:00 PM,525,196.7,102.1,86.6,139.6,525.0,0.0,0.90,6.3,31.6,6.8,31.2,1,6/6/2025 10:05:40 AM
5/2/2025 9:00:00 PM,5/2/2025 5:00:00 PM,800,280.6,102.1,112.9,304.4,800.0,0.0,0.88,6.3,31.6,7.5,37.2,1,6/6/2025 10:05:40 AM
5/2/2025 10:00:00 PM,5/2/2025 6:00:00 PM,800,287.8,105.4,115.0,291.6,800.0,0.0,0.89,6.3,31.6,3.6,24.5,1,6/6/2025 10:05:40 AM
5/2/2025 11:00:00 PM,5/2/2025 7:00:00 PM,800,281.5,204.9,121.6,191.7,800.0,0.0,0.90,6.3,31.6,3.7,27.8,1,6/6/2025 10:05:40 AM
5/3/2025 12:00:00 AM,5/2/2025 8:00:00 PM,800,281.6,204.9,119.1,194.4,800.0,0.0,0.90,6.3,31.6,5.7,32.5,1,6/6/2025 10:05:40 AM
5/3/2025 1:00:00 AM,5/2/2025 9:00:00 PM,800,282.4,204.9,117.0,195.5,800.0,0.0,0.91,6.3,31.6,6.9,36.1,1,6/6/2025 10:05:40 AM
5/3/2025 2:00:00 AM,5/2/2025 10:00:00 PM,800,289.9,123.0,105.5,281.5,800.0,0.0,0.91,6.3,31.6,5.2,39.4,1,6/6/2025 10:05:40 AM
5/3/2025 3:00:00 AM,5/2/2025 11:00:00 PM,800,290.6,119.6,106.3,283.3,800.0,0.0,0.89,6.3,31.6,3.9,28.3,1,6/6/2025 10:05:40 AM
5/3/2025 4:00:00 AM,5/3/2025 12:00:00 AM,525,207.7,162.3,74.4,80.6,525.0,0.0,0.87,6.3,31.4,6.3,40.9,1,6/6/2025 10:05:40 AM
5/3/2025 5:00:00 AM,5/3/2025 1:00:00 AM,525,228.6,131.8,54.0,110.5,525.0,0.0,0.87,6.3,31.4,8.8,48.3,1,6/6/2025 10:05:40 AM
5/3/2025 6:00:00 AM,5/3/2025 2:00:00 AM,525,188.0,131.8,95.4,109.8,525.0,0.0,0.93,6.3,31.4,7.1,38.9,1,6/6/2025 10:05:40 AM
5/3/2025 7:00:00 AM,5/3/2025 3:00:00 AM,525,188.5,162.3,94.9,79.0,525.0,0.0,0.89,6.3,31.4,8.2,40.2,1,6/6/2025 10:05:40 AM
5/3/2025 8:00:00 AM,5/3/2025 4:00:00 AM,525,180.1,115.0,103.7,126.1,525.0,0.0,0.91,6.3,31.4,4.8,33.5,1,6/6/2025 10:05:40 AM
5/3/2025 9:00:00 AM,5/3/2025 5:00:00 AM,800,271.2,179.8,127.0,221.8,800.0,0.0,0.90,6.3,31.4,4.6,34.7,1,6/6/2025 10:05:40 AM
5/3/2025 10:00:00 AM,5/3/2025 6:00:00 AM,800,268.0,179.8,134.7,217.4,800.0,0.0,0.90,6.3,31.4,3.7,26.6,1,6/6/2025 10:05:40 AM
5/3/2025 11:00:00 AM,5/3/2025 7:00:00 AM,800,279.0,179.8,119.1,221.9,800.0,0.0,0.87,6.3,31.4,6.4,36.0,1,6/6/2025 10:05:40 AM
5/3/2025 12:00:00 PM,5/3/2025 8:00:00 AM,525,177.4,179.8,106.7,61.2,525.0,0.0,0.89,6.3,31.4,7.4,32.5,1,6/6/2025 10:05:40 AM
5/3/2025 1:00:00 PM,5/3/2025 9:00:00 AM,525,174.3,179.8,109.9,61.1,525.0,0.0,0.93,6.3,31.4,4.6,26.1,1,6/6/2025 10:05:40 AM
5/3/2025 2:00:00 PM,5/3/2025 10:00:00 AM,525,174.5,182.2,109.5,58.5,525.0,0.0,0.92,6.3,31.4,9.3,35.6,1,6/6/2025 10:05:40 AM
5/3/2025 3:00:00 PM,5/3/2025 11:00:00 AM,525,174.6,82.9,109.2,157.9,525.0,0.0,0.91,6.3,31.4,12.3,37.9,1,6/6/2025 10:05:40 AM
5/3/2025 4:00:00 PM,5/3/2025 12:00:00 PM,525,212.9,82.9,70.5,158.5,525.0,0.0,0.92,6.3,31.4,6.5,41.4,1,6/6/2025 10:05:40 AM
5/3/2025 5:00:00 PM,5/3/2025 1:00:00 PM,525,213.8,82.9,68.8,159.6,525.0,0.0,0.91,6.3,31.4,5.8,24.8,1,6/6/2025 10:05:40 AM
5/3/2025 6:00:00 PM,5/3/2025 2:00:00 PM,525,213.5,82.9,68.6,159.8,525.0,0.0,0.89,6.3,31.4,7.2,27.9,1,6/6/2025 10:05:40 AM
5/3/2025 7:00:00 PM,5/3/2025 3:00:00 PM,525,173.2,143.2,110.3,98.3,525.0,0.0,0.92,6.3,31.4,10.5,27.2,1,6/6/2025 10:05:40 AM
5/3/2025 8:00:00 PM,5/3/2025 4:00:00 PM,525,173.2,20.1,110.3,221.5,525.0,0.0,0.93,6.3,31.4,10.6,34.4,1,6/6/2025 10:05:40 AM
5/3/2025 9:00:00 PM,5/3/2025 5:00:00 PM,800,278.9,102.0,143.1,275.9,800.0,0.0,0.89,6.3,31.4,7.0,28.8,1,6/6/2025 10:05:40 AM
5/3/2025 10:00:00 PM,5/3/2025 6:00:00 PM,800,278.9,201.4,143.1,176.3,800.0,0.0,0.89,6.3,31.4,5.5,29.4,1,6/6/2025 10:05:40 AM
5/3/2025 11:00:00 PM,5/3/2025 7:00:00 PM,800,278.7,201.4,142.4,177.3,800.0,0.0,0.91,6.3,31.4,5.2,29.2,1,6/6/2025 10:05:40 AM
5/4/2025 12:00:00 AM,5/3/2025 8:00:00 PM,800,278.6,201.4,142.5,177.5,800.0,0.0,0.88,6.3,31.4,2.4,21.6,1,6/6/2025 10:05:40 AM
5/4/2025 1:00:00 AM,5/3/2025 9:00:00 PM,800,280.0,231.2,139.8,148.9,800.0,0.0,0.90,6.3,31.4,4.7,35.2,1,6/6/2025 10:05:40 AM
5/4/2025 2:00:00 AM,5/3/2025 10:00:00 PM,800,282.6,200.2,135.7,181.4,800.0,0.0,0.89,6.3,31.4,6.1,32.5,1,6/6/2025 10:05:40 AM
5/4/2025 3:00:00 AM,5/3/2025 11:00:00 PM,800,282.5,200.2,137.7,179.5,800.0,0.0,0.88,6.3,31.4,5.1,32.6,1,6/6/2025 10:05:40 AM
5/4/2025 4:00:00 AM,5/4/2025 12:00:00 AM,525,188.8,165.8,95.2,75.1,525.0,0.0,0.88,6.3,31.4,4.4,28.0,1,6/6/2025 10:05:40 AM
5/4/2025 5:00:00 AM,5/4/2025 1:00:00 AM,525,188.8,165.8,95.3,75.1,525.0,0.0,0.88,6.3,31.4,7.5,36.8,1,6/6/2025 10:05:40 AM
5/4/2025 6:00:00 AM,5/4/2025 2:00:00 AM,525,188.8,165.8,95.3,75.1,525.0,0.0,0.91,6.3,31.4,2.9,38.4,1,6/6/2025 10:05:40 AM
5/4/2025 7:00:00 AM,5/4/2025 3:00:00 AM,525,209.7,165.8,73.9,75.2,525.0,0.0,0.86,6.3,31.4,8.7,36.5,1,6/6/2025 10:05:40 AM
5/4/2025 8:00:00 AM,5/4/2025 4:00:00 AM,525,177.9,165.8,105.9,75.2,525.0,0.0,0.90,6.3,31.4,5.2,35.0,1,6/6/2025 10:05:40 AM
5/4/2025 9:00:00 AM,5/4/2025 5:00:00 AM,800,278.8,193.6,131.7,195.7,800.0,0.0,0.88,6.3,31.4,5.8,32.8,1,6/6/2025 10:05:40 AM
5/4/2025 10:00:00 AM,5/4/2025 6:00:00 AM,800,275.5,183.2,138.1,203.3,800.0,0.0,0.90,6.3,31.4,4.0,33.7,1,6/6/2025 10:05:40 AM
5/4/2025 11:00:00 AM,5/4/2025 7:00:00 AM,800,287.3,183.2,121.6,207.5,800.0,0.0,0.88,6.3,31.4,5.0,34.1,1,6/6/2025 10:05:40 AM
5/4/2025 12:00:00 PM,5/4/2025 8:00:00 AM,525,177.8,183.2,106.5,57.6,525.0,0.0,0.89,6.3,31.4,6.3,36.5,1,6/6/2025 10:05:40 AM
5/4/2025 1:00:00 PM,5/4/2025 9:00:00 AM,525,174.7,183.2,109.2,57.4,525.0,0.0,0.90,6.3,31.4,7.1,35.3,1,6/6/2025 10:05:40 AM
5/4/2025 2:00:00 PM,5/4/2025 10:00:00 AM,525,174.3,179.6,109.4,61.5,525.0,0.0,0.93,6.3,31.4,0.5,34.5,1,6/6/2025 10:05:40 AM
5/4/2025 3:00:00 PM,5/4/2025 11:00:00 AM,525,174.3,80.3,109.3,160.9,525.0,0.0,0.88,6.3,31.4,7.1,33.3,1,6/6/2025 10:05:40 AM
5/4/2025 4:00:00 PM,5/4/2025 12:00:00 PM,525,215.4,80.3,69.3,160.0,525.0,0.0,0.88,6.3,31.4,6.3,31.7,1,6/6/2025 10:05:40 AM
5/4/2025 5:00:00 PM,5/4/2025 1:00:00 PM,525,213.4,194.5,72.4,44.9,525.0,0.0,0.92,6.3,31.4,8.4,33.6,1,6/6/2025 10:05:40 AM
5/4/2025 6:00:00 PM,5/4/2025 2:00:00 PM,525,213.3,194.5,72.3,44.8,525.0,0.0,0.93,6.3,31.4,6.7,39.3,1,6/6/2025 10:05:40 AM
5/4/2025 7:00:00 PM,5/4/2025 3:00:00 PM,525,171.5,194.5,111.2,47.9,525.0,0.0,0.91,6.3,31.4,8.3,36.6,1,6/6/2025 10:05:40 AM
5/4/2025 8:00:00 PM,5/4/2025 4:00:00 PM,525,171.4,162.2,111.3,80.2,525.0,0.0,0.93,6.3,31.4,2.6,27.6,1,6/6/2025 10:05:40 AM
5/4/2025 9:00:00 PM,5/4/2025 5:00:00 PM,800,278.7,162.2,139.9,219.1,800.0,0.0,0.89,6.3,31.4,7.5,32.7,1,6/6/2025 10:05:40 AM
5/4/2025 10:00:00 PM,5/4/2025 6:00:00 PM,800,278.6,204.2,141.1,175.9,800.0,0.0,0.91,6.3,31.4,6.1,29.4,1,6/6/2025 10:05:40 AM
5/4/2025 11:00:00 PM,5/4/2025 7:00:00 PM,800,277.0,204.2,140.0,178.8,800.0,0.0,0.91,6.3,31.4,6.0,35.2,1,6/6/2025 10:05:40 AM
5/5/2025 12:00:00 AM,5/4/2025 8:00:00 PM,800,277.0,186.7,145.1,191.2,800.0,0.0,0.91,6.3,31.4,5.3,35.5,1,6/6/2025 10:05:40 AM
5/5/2025 1:00:00 AM,5/4/2025 9:00:00 PM,800,276.8,172.0,145.6,205.4,800.0,0.0,0.91,6.3,31.4,1.6,23.4,1,6/6/2025 10:05:40 AM
5/5/2025 2:00:00 AM,5/4/2025 10:00:00 PM,800,281.7,164.2,133.9,219.8,800.0,0.0,0.89,6.3,31.4,3.9,27.1,1,6/6/2025 10:05:40 AM
5/5/2025 3:00:00 AM,5/4/2025 11:00:00 PM,800,281.8,178.9,131.5,207.7,800.0,0.0,0.89,6.3,31.4,7.2,33.3,1,6/6/2025 10:05:40 AM
5/5/2025 4:00:00 AM,5/5/2025 12:00:00 AM,525,186.0,131.8,97.9,109.2,525.0,0.0,0.90,6.3,31.4,8.6,35.9,1,6/6/2025 10:05:40 AM
5/5/2025 5:00:00 AM,5/5/2025 1:00:00 AM,525,186.0,131.8,97.8,109.2,525.0,0.0,0.92,6.3,31.4,7.5,26.5,1,6/6/2025 10:05:40 AM
5/5/2025 6:00:00 AM,5/5/2025 2:00:00 AM,525,186.0,131.8,97.8,109.3,525.0,0.0,0.89,6.3,31.4,10.8,37.0,1,6/6/2025 10:05:40 AM
5/5/2025 7:00:00 AM,5/5/2025 3:00:00 AM,525,204.9,131.8,79.0,109.3,525.0,0.0,0.92,6.3,31.4,5.5,36.3,1,6/6/2025 10:05:40 AM
5/5/2025 8:00:00 AM,5/5/2025 4:00:00 AM,525,177.6,131.8,106.1,109.2,525.0,0.0,0.92,6.3,31.4,7.9,33.6,1,6/6/2025 10:05:40 AM
5/5/2025 9:00:00 AM,5/5/2025 5:00:00 AM,800,263.2,145.8,151.3,239.5,800.0,0.0,0.89,6.3,31.4,4.9,30.2,1,6/6/2025 10:05:40 AM
5/5/2025 10:00:00 AM,5/5/2025 6:00:00 AM,800,260.2,212.9,160.6,165.9,800.0,0.0,0.91,6.3,31.4,2.6,27.8,1,6/6/2025 10:05:40 AM
5/5/2025 11:00:00 AM,5/5/2025 7:00:00 AM,800,269.3,240.2,147.2,143.3,800.0,0.0,0.89,6.3,31.4,6.9,31.3,1,6/6/2025 10:05:40 AM
5/5/2025 12:00:00 PM,5/5/2025 8:00:00 AM,525,173.1,95.0,110.6,146.1,525.0,0.0,0.89,6.3,31.4,7.8,25.3,1,6/6/2025 10:05:40 AM
5/5/2025 1:00:00 PM,5/5/2025 9:00:00 AM,525,170.2,95.0,113.2,145.9,525.0,0.0,0.89,6.3,31.4,6.9,38.0,1,6/6/2025 10:05:40 AM
5/5/2025 2:00:00 PM,5/5/2025 10:00:00 AM,525,179.3,95.0,104.4,146.2,525.0,0.0,0.91,6.3,31.4,2.9,20.5,1,6/6/2025 10:05:40 AM
5/5/2025 3:00:00 PM,5/5/2025 11:00:00 AM,525,195.0,95.0,89.0,146.0,525.0,0.0,0.91,6.3,31.4,6.0,30.1,1,6/6/2025 10:05:40 AM
5/5/2025 4:00:00 PM,5/5/2025 12:00:00 PM,525,236.1,95.0,47.9,146.0,525.0,0.0,0.85,6.3,31.4,5.9,27.0,1,6/6/2025 10:05:40 AM
5/5/2025 5:00:00 PM,5/5/2025 1:00:00 PM,525,235.8,98.4,48.5,142.4,525.0,0.0,0.88,6.3,31.4,5.1,26.8,1,6/6/2025 10:05:40 AM
5/5/2025 6:00:00 PM,5/5/2025 2:00:00 PM,525,200.6,98.4,83.2,142.7,525.0,0.0,0.89,6.3,31.4,5.3,33.2,1,6/6/2025 10:05:40 AM
5/5/2025 7:00:00 PM,5/5/2025 3:00:00 PM,525,214.3,38.3,68.8,203.7,525.0,0.0,0.90,6.3,31.4,5.1,30.3,1,6/6/2025 10:05:40 AM
5/5/2025 8:00:00 PM,5/5/2025 4:00:00 PM,525,193.1,98.4,90.7,142.6,525.0,0.0,0.90,6.3,31.4,5.0,20.6,1,6/6/2025 10:05:40 AM
5/5/2025 9:00:00 PM,5/5/2025 5:00:00 PM,800,292.1,38.3,123.7,346.0,800.0,0.0,0.87,6.3,31.4,3.2,30.7,1,6/6/2025 10:05:40 AM
5/5/2025 10:00:00 PM,5/5/2025 6:00:00 PM,800,295.6,120.2,121.1,262.9,800.0,0.0,0.89,6.3,31.4,5.1,27.3,1,6/6/2025 10:05:40 AM
5/5/2025 11:00:00 PM,5/5/2025 7:00:00 PM,800,308.1,120.2,106.4,265.1,800.0,0.0,0.89,6.3,31.4,6.2,36.0,1,6/6/2025 10:05:40 AM
5/6/2025 12:00:00 AM,5/5/2025 8:00:00 PM,800,293.6,120.2,129.2,256.5,800.0,0.0,0.91,6.3,31.4,5.2,30.7,1,6/6/2025 10:05:40 AM
5/6/2025 1:00:00 AM,5/5/2025 9:00:00 PM,800,289.6,38.3,134.6,337.4,800.0,0.0,0.92,6.3,31.4,1.4,21.1,1,6/6/2025 10:05:40 AM
5/6/2025 2:00:00 AM,5/5/2025 10:00:00 PM,800,292.4,112.4,125.8,269.1,800.0,0.0,0.90,6.3,31.4,2.2,31.9,1,6/6/2025 10:05:40 AM
5/6/2025 3:00:00 AM,5/5/2025 11:00:00 PM,800,293.3,109.0,121.8,275.2,800.0,0.0,0.89,6.3,31.4,5.8,24.5,1,6/6/2025 10:05:40 AM
5/6/2025 4:00:00 AM,5/6/2025 12:00:00 AM,525,190.6,111.1,92.7,130.9,525.0,0.0,0.88,6.3,31.5,7.1,39.6,1,6/6/2025 10:05:40 AM
5/6/2025 5:00:00 AM,5/6/2025 1:00:00 AM,525,190.6,111.1,92.7,130.8,525.0,0.0,0.88,6.3,31.5,6.8,31.5,1,6/6/2025 10:05:40 AM
5/6/2025 6:00:00 AM,5/6/2025 2:00:00 AM,525,190.6,112.9,92.9,128.9,525.0,0.0,0.91,6.3,31.5,6.0,28.3,1,6/6/2025 10:05:40 AM
5/6/2025 7:00:00 AM,5/6/2025 3:00:00 AM,525,211.9,112.9,71.1,128.8,525.0,0.0,0.89,6.3,31.5,9.2,33.6,1,6/6/2025 10:05:40 AM
5/6/2025 8:00:00 AM,5/6/2025 4:00:00 AM,525,190.7,112.9,92.6,128.7,525.0,0.0,0.89,6.3,31.5,4.3,41.8,1,6/6/2025 10:05:40 AM
5/6/2025 9:00:00 AM,5/6/2025 5:00:00 AM,800,290.9,102.7,120.9,285.9,800.0,0.0,0.90,6.3,31.5,6.2,37.4,1,6/6/2025 10:05:40 AM
5/6/2025 10:00:00 AM,5/6/2025 6:00:00 AM,800,287.6,189.5,127.1,195.8,800.0,0.0,0.89,6.3,31.5,4.0,32.5,1,6/6/2025 10:05:40 AM
5/6/2025 11:00:00 AM,5/6/2025 7:00:00 AM,800,299.2,117.9,114.3,268.3,800.0,0.0,0.90,6.3,31.5,3.9,22.4,1,6/6/2025 10:05:40 AM
5/6/2025 12:00:00 PM,5/6/2025 8:00:00 AM,525,188.6,34.0,94.7,207.3,525.0,0.0,0.91,6.3,31.5,7.6,16.0,1,6/6/2025 10:05:40 AM
5/6/2025 1:00:00 PM,5/6/2025 9:00:00 AM,525,185.5,34.0,98.6,206.5,525.0,0.0,0.91,6.3,31.5,5.4,33.9,1,6/6/2025 10:05:40 AM
5/6/2025 2:00:00 PM,5/6/2025 10:00:00 AM,525,195.1,34.0,88.7,207.2,525.0,0.0,0.87,6.3,31.5,4.1,10.5,1,6/6/2025 10:05:40 AM
5/6/2025 3:00:00 PM,5/6/2025 11:00:00 AM,525,195.2,34.0,89.5,206.3,525.0,0.0,0.86,6.3,31.5,10.1,25.7,1,6/6/2025 10:05:40 AM
5/6/2025 4:00:00 PM,5/6/2025 12:00:00 PM,525,228.4,67.2,55.0,173.9,525.0,0.0,0.84,6.3,31.5,6.0,20.1,1,6/6/2025 10:05:40 AM
5/6/2025 5:00:00 PM,5/6/2025 1:00:00 PM,525,251.8,67.2,31.0,175.1,525.0,0.0,0.87,6.3,31.5,4.0,27.9,1,6/6/2025 10:05:40 AM
5/6/2025 6:00:00 PM,5/6/2025 2:00:00 PM,525,195.7,67.2,87.2,174.9,525.0,0.0,0.89,6.3,31.5,2.5,28.4,1,6/6/2025 10:05:40 AM
5/6/2025 7:00:00 PM,5/6/2025 3:00:00 PM,525,207.3,67.2,74.5,175.6,525.0,0.0,0.90,6.3,31.5,7.5,36.1,1,6/6/2025 10:05:40 AM
5/6/2025 8:00:00 PM,5/6/2025 4:00:00 PM,525,207.2,67.2,74.6,175.8,525.0,0.0,0.91,6.3,31.5,5.2,30.3,1,6/6/2025 10:05:40 AM
5/6/2025 9:00:00 PM,5/6/2025 5:00:00 PM,800,301.9,5.2,123.1,370.0,800.0,0.0,0.89,6.3,31.5,6.4,31.1,1,6/6/2025 10:05:40 AM
5/6/2025 10:00:00 PM,5/6/2025 6:00:00 PM,800,295.4,89.0,131.6,284.1,800.0,0.0,0.90,6.3,31.5,5.7,29.2,1,6/6/2025 10:05:40 AM
5/6/2025 11:00:00 PM,5/6/2025 7:00:00 PM,800,288.0,87.2,145.7,279.3,800.0,0.0,0.91,6.3,31.5,5.5,30.5,1,6/6/2025 10:05:40 AM
5/7/2025 12:00:00 AM,5/6/2025 8:00:00 PM,800,288.0,87.2,145.8,279.1,800.0,0.0,0.89,6.3,31.5,1.3,20.9,1,6/6/2025 10:05:40 AM
5/7/2025 1:00:00 AM,5/6/2025 9:00:00 PM,800,289.3,5.3,142.4,363.1,800.0,0.0,0.91,6.3,31.5,3.2,27.4,1,6/6/2025 10:05:40 AM
5/7/2025 2:00:00 AM,5/6/2025 10:00:00 PM,800,292.3,72.1,136.2,299.4,800.0,0.0,0.91,6.3,31.5,2.0,32.2,1,6/6/2025 10:05:40 AM
5/7/2025 3:00:00 AM,5/6/2025 11:00:00 PM,800,300.0,72.1,123.8,303.8,800.0,0.0,0.91,6.3,31.5,3.1,30.3,1,6/6/2025 10:05:40 AM
5/7/2025 4:00:00 AM,5/7/2025 12:00:00 AM,525,187.8,67.6,92.4,177.2,525.0,0.0,0.91,6.2,31.4,8.0,34.4,1,6/6/2025 10:05:40 AM
5/7/2025 5:00:00 AM,5/7/2025 1:00:00 AM,525,187.7,37.8,92.5,207.3,525.0,0.0,0.90,6.2,31.4,4.5,27.9,1,6/6/2025 10:05:40 AM
5/7/2025 6:00:00 AM,5/7/2025 2:00:00 AM,525,187.8,36.0,92.3,209.0,525.0,0.0,0.88,6.2,31.4,8.9,35.7,1,6/6/2025 10:05:40 AM
5/7/2025 7:00:00 AM,5/7/2025 3:00:00 AM,525,212.0,65.8,70.0,177.3,525.0,0.0,0.90,6.2,31.4,5.6,37.9,1,6/6/2025 10:05:40 AM
5/7/2025 8:00:00 AM,5/7/2025 4:00:00 AM,525,179.2,65.8,102.0,177.9,525.0,0.0,0.90,6.2,31.4,8.3,36.1,1,6/6/2025 10:05:40 AM
5/7/2025 9:00:00 AM,5/7/2025 5:00:00 AM,800,292.4,77.2,132.8,297.9,800.0,0.0,0.88,6.2,31.4,6.0,35.3,1,6/6/2025 10:05:40 AM
5/7/2025 10:00:00 AM,5/7/2025 6:00:00 AM,800,288.6,191.7,141.5,178.1,800.0,0.0,0.87,6.2,31.4,6.9,27.7,1,6/6/2025 10:05:40 AM
5/7/2025 11:00:00 AM,5/7/2025 7:00:00 AM,800,299.0,191.7,129.1,180.3,800.0,0.0,0.89,6.2,31.4,3.4,28.1,1,6/6/2025 10:05:40 AM
5/7/2025 12:00:00 PM,5/7/2025 8:00:00 AM,525,174.9,69.2,107.2,173.9,525.0,0.0,0.90,6.2,31.4,7.7,36.1,1,6/6/2025 10:05:40 AM
5/7/2025 1:00:00 PM,5/7/2025 9:00:00 AM,525,171.9,69.2,110.0,173.7,525.0,0.0,0.91,6.2,31.4,4.6,35.0,1,6/6/2025 10:05:40 AM
5/7/2025 2:00:00 PM,5/7/2025 10:00:00 AM,525,180.9,69.2,100.5,174.4,525.0,0.0,0.91,6.2,31.4,4.9,23.7,1,6/6/2025 10:05:40 AM
5/7/2025 3:00:00 PM,5/7/2025 11:00:00 AM,525,181.1,69.2,100.5,174.5,525.0,0.0,0.89,6.2,31.4,9.4,26.8,1,6/6/2025 10:05:40 AM
5/7/2025 4:00:00 PM,5/7/2025 12:00:00 PM,525,224.5,69.2,58.8,172.5,525.0,0.0,0.91,6.2,31.4,8.3,29.4,1,6/6/2025 10:05:40 AM
5/7/2025 5:00:00 PM,5/7/2025 1:00:00 PM,525,224.5,69.2,59.1,172.2,525.0,0.0,0.87,6.2,31.4,9.0,31.9,1,6/6/2025 10:05:40 AM
5/7/2025 6:00:00 PM,5/7/2025 2:00:00 PM,525,179.1,69.2,102.3,174.1,525.0,0.0,0.90,6.2,31.4,6.8,24.4,1,6/6/2025 10:05:40 AM
5/7/2025 7:00:00 PM,5/7/2025 3:00:00 PM,525,178.9,8.9,102.7,234.6,525.0,0.0,0.85,6.2,31.4,11.2,33.1,1,6/6/2025 10:05:40 AM
5/7/2025 8:00:00 PM,5/7/2025 4:00:00 PM,525,179.0,8.9,102.9,234.6,525.0,0.0,0.90,6.2,31.4,8.9,35.2,1,6/6/2025 10:05:40 AM
5/7/2025 9:00:00 PM,5/7/2025 5:00:00 PM,800,291.5,8.9,137.4,362.6,800.0,0.0,0.89,6.2,31.4,6.7,24.4,1,6/6/2025 10:05:40 AM
5/7/2025 10:00:00 PM,5/7/2025 6:00:00 PM,800,292.3,90.8,134.4,282.6,800.0,0.0,0.87,6.2,31.4,3.0,20.9,1,6/6/2025 10:05:40 AM
5/7/2025 11:00:00 PM,5/7/2025 7:00:00 PM,800,284.8,90.8,147.1,276.9,800.0,0.0,0.89,6.2,31.4,3.5,27.1,1,6/6/2025 10:05:40 AM
5/8/2025 12:00:00 AM,5/7/2025 8:00:00 PM,800,284.0,90.8,147.3,277.6,800.0,0.0,0.92,6.2,31.4,5.4,24.6,1,6/6/2025 10:05:40 AM
5/8/2025 1:00:00 AM,5/7/2025 9:00:00 PM,800,285.1,8.9,145.7,360.3,800.0,0.0,0.91,6.2,31.4,3.9,31.9,1,6/6/2025 10:05:40 AM
5/8/2025 2:00:00 AM,5/7/2025 10:00:00 PM,800,287.9,87.2,140.0,284.8,800.0,0.0,0.92,6.2,31.4,3.4,30.0,1,6/6/2025 10:05:40 AM
5/8/2025 3:00:00 AM,5/7/2025 11:00:00 PM,800,288.8,87.2,136.1,288.1,800.0,0.0,0.89,6.2,31.4,7.7,30.5,1,6/6/2025 10:05:40 AM
5/8/2025 4:00:00 AM,5/8/2025 12:00:00 AM,525,189.2,65.8,92.9,177.1,525.0,0.0,0.92,6.1,31.2,2.9,31.1,1,6/6/2025 10:05:40 AM
5/8/2025 5:00:00 AM,5/8/2025 1:00:00 AM,525,189.2,65.8,93.0,177.2,525.0,0.0,0.87,6.1,31.2,5.5,24.9,1,6/6/2025 10:05:40 AM
5/8/2025 6:00:00 AM,5/8/2025 2:00:00 AM,525,211.3,65.8,71.4,176.8,525.0,0.0,0.89,6.1,31.2,7.3,36.3,1,6/6/2025 10:05:40 AM
5/8/2025 7:00:00 AM,5/8/2025 3:00:00 AM,525,211.8,65.8,70.6,177.1,525.0,0.0,0.90,6.1,31.2,5.7,32.5,1,6/6/2025 10:05:40 AM
5/8/2025 8:00:00 AM,5/8/2025 4:00:00 AM,525,179.6,65.8,102.8,176.9,525.0,0.0,0.91,6.1,31.2,6.6,32.2,1,6/6/2025 10:05:40 AM
5/8/2025 9:00:00 AM,5/8/2025 5:00:00 AM,800,287.7,77.2,133.9,301.1,800.0,0.0,0.87,6.1,31.2,4.8,36.4,1,6/6/2025 10:05:40 AM
5/8/2025 10:00:00 AM,5/8/2025 6:00:00 AM,800,283.1,195.2,142.7,179.1,800.0,0.0,0.88,6.1,31.2,5.4,36.3,1,6/6/2025 10:05:40 AM
5/8/2025 11:00:00 AM,5/8/2025 7:00:00 AM,800,291.0,203.2,130.7,175.0,800.0,0.0,0.91,6.1,31.2,2.3,30.5,1,6/6/2025 10:05:40 AM
5/8/2025 12:00:00 PM,5/8/2025 8:00:00 AM,525,178.3,77.3,105.0,164.3,525.0,0.0,0.90,6.1,31.2,2.0,28.3,1,6/6/2025 10:05:40 AM
5/8/2025 1:00:00 PM,5/8/2025 9:00:00 AM,525,174.5,77.3,108.4,165.0,525.0,0.0,0.87,6.1,31.2,11.0,31.7,1,6/6/2025 10:05:40 AM
5/8/2025 2:00:00 PM,5/8/2025 10:00:00 AM,525,184.7,77.3,98.3,165.0,525.0,0.0,0.92,6.1,31.2,8.0,35.1,1,6/6/2025 10:05:40 AM
5/8/2025 3:00:00 PM,5/8/2025 11:00:00 AM,525,184.8,69.2,98.2,172.9,525.0,0.0,0.88,6.1,31.2,6.7,44.1,1,6/6/2025 10:05:40 AM
5/8/2025 4:00:00 PM,5/8/2025 12:00:00 PM,525,226.6,69.2,57.7,171.8,525.0,0.0,0.91,6.1,31.2,7.4,35.9,1,6/6/2025 10:05:40 AM
5/8/2025 5:00:00 PM,5/8/2025 1:00:00 PM,525,226.6,69.2,57.7,171.9,525.0,0.0,0.91,6.1,31.2,6.0,39.6,1,6/6/2025 10:05:40 AM
5/8/2025 6:00:00 PM,5/8/2025 2:00:00 PM,525,182.4,8.9,100.2,233.6,525.0,0.0,0.86,6.1,31.2,8.4,30.1,1,6/6/2025 10:05:40 AM
5/8/2025 7:00:00 PM,5/8/2025 3:00:00 PM,525,182.3,32.6,100.2,210.0,525.0,0.0,0.89,6.1,31.2,10.2,19.8,1,6/6/2025 10:05:40 AM
5/8/2025 8:00:00 PM,5/8/2025 4:00:00 PM,525,182.4,36.2,100.2,206.2,525.0,0.0,0.88,6.1,31.2,7.8,32.6,1,6/6/2025 10:05:40 AM
5/8/2025 9:00:00 PM,5/8/2025 5:00:00 PM,800,290.3,36.2,130.5,343.1,800.0,0.0,0.88,6.1,31.2,4.5,25.6,1,6/6/2025 10:05:40 AM
5/8/2025 10:00:00 PM,5/8/2025 6:00:00 PM,800,290.8,90.8,132.6,286.0,800.0,0.0,0.92,6.1,31.2,5.2,29.9,1,6/6/2025 10:05:40 AM
5/8/2025 11:00:00 PM,5/8/2025 7:00:00 PM,800,283.7,90.8,143.5,282.3,800.0,0.0,0.92,6.1,31.2,2.6,29.9,1,6/6/2025 10:05:40 AM
5/9/2025 12:00:00 AM,5/8/2025 8:00:00 PM,800,283.6,90.8,145.4,280.6,800.0,0.0,0.91,6.1,31.2,4.6,32.7,1,6/6/2025 10:05:40 AM
5/9/2025 1:00:00 AM,5/8/2025 9:00:00 PM,800,284.8,90.8,143.7,280.9,800.0,0.0,0.92,6.1,31.2,4.5,33.7,1,6/6/2025 10:05:40 AM
5/9/2025 2:00:00 AM,5/8/2025 10:00:00 PM,800,286.1,3.6,135.3,374.9,800.0,0.0,0.90,6.1,31.2,4.9,28.6,1,6/6/2025 10:05:40 AM
5/9/2025 3:00:00 AM,5/8/2025 11:00:00 PM,800,286.7,75.3,137.4,300.6,800.0,0.0,0.91,6.1,31.2,9.1,35.6,1,6/6/2025 10:05:40 AM
5/9/2025 4:00:00 AM,5/9/2025 12:00:00 AM,525,189.8,60.5,92.9,181.5,525.0,0.0,0.89,6.1,31.1,10.9,33.5,1,6/6/2025 10:05:40 AM
5/9/2025 5:00:00 AM,5/9/2025 1:00:00 AM,525,189.8,64.0,92.8,178.1,525.0,0.0,0.88,6.1,31.1,9.9,41.6,1,6/6/2025 10:05:40 AM
5/9/2025 6:00:00 AM,5/9/2025 2:00:00 AM,525,254.7,64.0,28.2,178.2,525.0,0.0,0.90,6.1,31.1,7.8,29.2,1,6/6/2025 10:05:40 AM
5/9/2025 7:00:00 AM,5/9/2025 3:00:00 AM,525,255.3,64.0,28.2,177.5,525.0,0.0,0.91,6.1,31.1,5.6,40.0,1,6/6/2025 10:05:40 AM
5/9/2025 8:00:00 AM,5/9/2025 4:00:00 AM,525,180.1,64.0,102.6,178.2,525.0,0.0,0.89,6.1,31.1,6.7,32.6,1,6/6/2025 10:05:40 AM
5/9/2025 9:00:00 AM,5/9/2025 5:00:00 AM,800,284.2,75.4,134.5,306.2,800.0,0.0,0.91,6.1,31.1,5.5,32.9,1,6/6/2025 10:05:40 AM
5/9/2025 10:00:00 AM,5/9/2025 6:00:00 AM,800,282.7,0.0,140.5,376.6,800.0,0.0,0.89,6.1,31.1,8.3,33.6,1,6/6/2025 10:05:40 AM
5/9/2025 11:00:00 AM,5/9/2025 7:00:00 AM,800,292.7,64.0,129.0,314.2,800.0,0.0,0.89,6.1,31.1,4.8,37.6,1,6/6/2025 10:05:40 AM
5/9/2025 12:00:00 PM,5/9/2025 8:00:00 AM,525,178.5,64.0,104.4,178.0,525.0,0.0,0.89,6.1,31.1,8.6,28.9,1,6/6/2025 10:05:40 AM
5/9/2025 1:00:00 PM,5/9/2025 9:00:00 AM,525,174.0,0.0,107.3,243.4,525.0,0.0,0.88,6.1,31.1,5.0,38.3,1,6/6/2025 10:05:40 AM
5/9/2025 2:00:00 PM,5/9/2025 10:00:00 AM,525,185.4,64.0,97.3,178.2,525.0,0.0,0.91,6.1,31.1,7.3,31.4,1,6/6/2025 10:05:40 AM
5/9/2025 3:00:00 PM,5/9/2025 11:00:00 AM,525,185.5,64.0,97.3,178.1,525.0,0.0,0.89,6.1,31.1,6.7,28.9,1,6/6/2025 10:05:40 AM
5/9/2025 4:00:00 PM,5/9/2025 12:00:00 PM,525,227.1,64.0,57.4,176.6,525.0,0.0,0.89,6.1,31.1,4.8,38.4,1,6/6/2025 10:05:40 AM
5/9/2025 5:00:00 PM,5/9/2025 1:00:00 PM,525,183.3,65.8,99.5,176.4,525.0,0.0,0.91,6.1,31.1,5.8,35.7,1,6/6/2025 10:05:40 AM
5/9/2025 6:00:00 PM,5/9/2025 2:00:00 PM,525,183.3,65.8,99.5,176.6,525.0,0.0,0.90,6.1,31.1,8.8,25.2,1,6/6/2025 10:05:40 AM
5/9/2025 7:00:00 PM,5/9/2025 3:00:00 PM,525,183.3,67.5,99.5,174.6,525.0,0.0,0.91,6.1,31.1,6.7,32.1,1,6/6/2025 10:05:40 AM
5/9/2025 8:00:00 PM,5/9/2025 4:00:00 PM,525,183.4,67.5,99.5,174.6,525.0,0.0,0.91,6.1,31.1,9.4,30.0,1,6/6/2025 10:05:40 AM
5/9/2025 9:00:00 PM,5/9/2025 5:00:00 PM,800,290.2,67.5,136.9,305.3,800.0,0.0,0.87,6.1,31.1,4.7,33.2,1,6/6/2025 10:05:40 AM
5/9/2025 10:00:00 PM,5/9/2025 6:00:00 PM,800,290.6,149.4,126.0,234.2,800.0,0.0,0.87,6.1,31.1,8.4,36.5,1,6/6/2025 10:05:40 AM
5/9/2025 11:00:00 PM,5/9/2025 7:00:00 PM,800,282.9,85.3,136.3,295.4,800.0,0.0,0.90,6.1,31.1,5.6,28.2,1,6/6/2025 10:05:40 AM
5/10/2025 12:00:00 AM,5/9/2025 8:00:00 PM,800,282.9,85.3,134.7,297.2,800.0,0.0,0.92,6.1,31.1,5.7,34.0,1,6/6/2025 10:05:40 AM
5/10/2025 1:00:00 AM,5/9/2025 9:00:00 PM,800,283.9,85.3,132.5,298.2,800.0,0.0,0.90,6.1,31.1,7.6,33.4,1,6/6/2025 10:05:40 AM
5/10/2025 2:00:00 AM,5/9/2025 10:00:00 PM,800,285.0,78.8,124.1,311.7,800.0,0.0,0.91,6.1,31.1,4.3,30.3,1,6/6/2025 10:05:40 AM
5/10/2025 3:00:00 AM,5/9/2025 11:00:00 PM,800,285.6,75.4,128.0,310.8,800.0,0.0,0.89,6.1,31.1,5.2,34.0,1,6/6/2025 10:05:40 AM
5/10/2025 4:00:00 AM,5/10/2025 12:00:00 AM,525,188.2,75.4,94.4,166.9,525.0,0.0,0.92,6.1,31.2,6.0,26.3,1,6/6/2025 10:05:40 AM
5/10/2025 5:00:00 AM,5/10/2025 1:00:00 AM,525,188.3,75.4,94.4,167.1,525.0,0.0,0.92,6.1,31.2,8.2,31.0,1,6/6/2025 10:05:40 AM
5/10/2025 6:00:00 AM,5/10/2025 2:00:00 AM,525,209.5,75.4,73.2,166.9,525.0,0.0,0.89,6.1,31.2,5.2,46.5,1,6/6/2025 10:05:40 AM
5/10/2025 7:00:00 AM,5/10/2025 3:00:00 AM,525,210.1,75.4,72.4,167.1,525.0,0.0,0.90,6.1,31.2,6.7,40.6,1,6/6/2025 10:05:40 AM
5/10/2025 8:00:00 AM,5/10/2025 4:00:00 AM,525,178.5,44.9,104.1,197.5,525.0,0.0,0.91,6.1,31.2,7.8,36.9,1,6/6/2025 10:05:40 AM
5/10/2025 9:00:00 AM,5/10/2025 5:00:00 AM,800,284.2,75.4,124.7,315.7,800.0,0.0,0.88,6.1,31.2,6.5,30.6,1,6/6/2025 10:05:40 AM
5/10/2025 10:00:00 AM,5/10/2025 6:00:00 AM,800,282.0,75.4,130.3,312.3,800.0,0.0,0.90,6.1,31.2,2.4,33.1,1,6/6/2025 10:05:40 AM
5/10/2025 11:00:00 AM,5/10/2025 7:00:00 AM,800,294.8,75.4,112.2,317.6,800.0,0.0,0.87,6.1,31.2,6.5,29.4,1,6/6/2025 10:05:40 AM
5/10/2025 12:00:00 PM,5/10/2025 8:00:00 AM,525,180.7,64.2,102.1,177.9,525.0,0.0,0.92,6.1,31.2,4.6,35.7,1,6/6/2025 10:05:40 AM
5/10/2025 1:00:00 PM,5/10/2025 9:00:00 AM,525,175.1,64.2,106.3,179.1,525.0,0.0,0.89,6.1,31.2,8.0,33.2,1,6/6/2025 10:05:40 AM
5/10/2025 2:00:00 PM,5/10/2025 10:00:00 AM,525,177.1,64.2,104.1,179.6,525.0,0.0,0.91,6.1,31.2,7.6,34.2,1,6/6/2025 10:05:40 AM
5/10/2025 3:00:00 PM,5/10/2025 11:00:00 AM,525,177.1,64.2,104.0,179.3,525.0,0.0,0.95,6.1,31.2,5.1,28.8,1,6/6/2025 10:05:40 AM
5/10/2025 4:00:00 PM,5/10/2025 12:00:00 PM,525,220.7,64.2,63.4,176.7,525.0,0.0,0.90,6.1,31.2,8.0,35.4,1,6/6/2025 10:05:40 AM
5/10/2025 5:00:00 PM,5/10/2025 1:00:00 PM,525,221.8,64.2,62.3,176.6,525.0,0.0,0.89,6.1,31.2,7.6,37.3,1,6/6/2025 10:05:40 AM
5/10/2025 6:00:00 PM,5/10/2025 2:00:00 PM,525,221.7,64.2,62.2,176.7,525.0,0.0,0.94,6.1,31.2,8.2,31.4,1,6/6/2025 10:05:40 AM
5/10/2025 7:00:00 PM,5/10/2025 3:00:00 PM,525,176.3,64.2,105.0,179.4,525.0,0.0,0.93,6.1,31.2,8.1,35.9,1,6/6/2025 10:05:40 AM
5/10/2025 8:00:00 PM,5/10/2025 4:00:00 PM,525,176.3,64.2,105.0,179.3,525.0,0.0,0.89,6.1,31.2,7.4,34.5,1,6/6/2025 10:05:40 AM
5/10/2025 9:00:00 PM,5/10/2025 5:00:00 PM,800,284.8,64.2,133.0,317.8,800.0,0.0,0.90,6.1,31.2,5.6,29.6,1,6/6/2025 10:05:40 AM
5/10/2025 10:00:00 PM,5/10/2025 6:00:00 PM,800,284.8,64.2,131.0,319.8,800.0,0.0,0.88,6.1,31.2,7.8,29.8,1,6/6/2025 10:05:40 AM
5/10/2025 11:00:00 PM,5/10/2025 7:00:00 PM,800,284.8,7.0,126.0,382.2,800.0,0.0,0.89,6.1,31.2,5.8,36.1,1,6/6/2025 10:05:40 AM
5/11/2025 12:00:00 AM,5/10/2025 8:00:00 PM,800,284.6,88.9,130.9,295.4,800.0,0.0,0.91,6.1,31.2,3.2,34.4,1,6/6/2025 10:05:40 AM
5/11/2025 1:00:00 AM,5/10/2025 9:00:00 PM,800,286.0,88.9,128.1,296.9,800.0,0.0,0.90,6.1,31.2,4.1,28.8,1,6/6/2025 10:05:40 AM
5/11/2025 2:00:00 AM,5/10/2025 10:00:00 PM,800,285.8,64.2,128.1,322.3,800.0,0.0,0.85,6.1,31.2,5.3,36.2,1,6/6/2025 10:05:40 AM
5/11/2025 3:00:00 AM,5/10/2025 11:00:00 PM,800,300.0,64.2,109.0,326.8,800.0,0.0,0.88,6.1,31.2,7.3,35.1,1,6/6/2025 10:05:40 AM
5/11/2025 4:00:00 AM,5/11/2025 12:00:00 AM,525,210.6,64.2,71.9,178.4,525.0,0.0,0.92,6.1,31.2,9.9,36.9,1,6/6/2025 10:05:40 AM
5/11/2025 5:00:00 AM,5/11/2025 1:00:00 AM,525,189.2,64.2,93.3,178.4,525.0,0.0,0.90,6.1,31.2,8.1,37.8,1,6/6/2025 10:05:40 AM
5/11/2025 6:00:00 AM,5/11/2025 2:00:00 AM,525,210.6,64.2,71.9,178.6,525.0,0.0,0.92,6.1,31.2,8.0,37.0,1,6/6/2025 10:05:40 AM
5/11/2025 7:00:00 AM,5/11/2025 3:00:00 AM,525,211.2,64.2,71.5,178.2,525.0,0.0,0.92,6.1,31.2,7.1,43.2,1,6/6/2025 10:05:40 AM
5/11/2025 8:00:00 AM,5/11/2025 4:00:00 AM,525,179.8,64.2,102.4,178.9,525.0,0.0,0.91,6.1,31.2,8.4,35.7,1,6/6/2025 10:05:40 AM
5/11/2025 9:00:00 AM,5/11/2025 5:00:00 AM,800,286.0,64.2,120.7,329.2,800.0,0.0,0.90,6.1,31.2,7.3,38.9,1,6/6/2025 10:05:40 AM
5/11/2025 10:00:00 AM,5/11/2025 6:00:00 AM,800,286.3,64.2,121.4,328.5,800.0,0.0,0.91,6.1,31.2,5.3,35.1,1,6/6/2025 10:05:40 AM
5/11/2025 11:00:00 AM,5/11/2025 7:00:00 AM,800,298.6,64.2,103.9,333.4,800.0,0.0,0.89,6.1,31.2,5.7,35.0,1,6/6/2025 10:05:40 AM
5/11/2025 12:00:00 PM,5/11/2025 8:00:00 AM,525,227.7,64.2,56.5,176.8,525.0,0.0,0.91,6.1,31.2,8.5,31.1,1,6/6/2025 10:05:40 AM
5/11/2025 1:00:00 PM,5/11/2025 9:00:00 AM,525,179.9,107.6,102.2,135.3,525.0,0.0,0.91,6.1,31.2,7.1,38.5,1,6/6/2025 10:05:40 AM
5/11/2025 2:00:00 PM,5/11/2025 10:00:00 AM,525,180.0,107.6,102.4,135.1,525.0,0.0,0.92,6.1,31.2,7.4,36.5,1,6/6/2025 10:05:40 AM
5/11/2025 3:00:00 PM,5/11/2025 11:00:00 AM,525,180.0,107.6,102.4,135.0,525.0,0.0,0.90,6.1,31.2,6.8,27.5,1,6/6/2025 10:05:40 AM
5/11/2025 4:00:00 PM,5/11/2025 12:00:00 PM,525,222.5,107.6,61.6,133.5,525.0,0.0,0.89,6.1,31.2,5.2,34.5,1,6/6/2025 10:05:40 AM
5/11/2025 5:00:00 PM,5/11/2025 1:00:00 PM,525,222.5,107.6,61.7,133.5,525.0,0.0,0.91,6.1,31.2,8.1,31.3,1,6/6/2025 10:05:40 AM
5/11/2025 6:00:00 PM,5/11/2025 2:00:00 PM,525,222.4,107.6,61.9,133.3,525.0,0.0,0.92,6.1,31.2,6.7,26.6,1,6/6/2025 10:05:40 AM
5/11/2025 7:00:00 PM,5/11/2025 3:00:00 PM,525,178.2,64.2,104.1,178.4,525.0,0.0,0.92,6.1,31.2,4.8,32.8,1,6/6/2025 10:05:40 AM
5/11/2025 8:00:00 PM,5/11/2025 4:00:00 PM,525,178.2,0.0,104.1,242.4,525.0,0.0,0.92,6.1,31.2,6.3,30.2,1,6/6/2025 10:05:40 AM
5/11/2025 9:00:00 PM,5/11/2025 5:00:00 PM,800,285.8,3.4,130.7,379.8,800.0,0.0,0.88,6.1,31.2,7.6,34.6,1,6/6/2025 10:05:40 AM
5/11/2025 10:00:00 PM,5/11/2025 6:00:00 PM,800,285.7,85.3,132.7,296.0,800.0,0.0,0.90,6.1,31.2,5.0,31.5,1,6/6/2025 10:05:40 AM
5/11/2025 11:00:00 PM,5/11/2025 7:00:00 PM,800,285.7,85.3,129.1,299.6,800.0,0.0,0.92,6.1,31.2,4.6,29.4,1,6/6/2025 10:05:40 AM
5/12/2025 12:00:00 AM,5/11/2025 8:00:00 PM,800,285.5,85.3,132.2,296.8,800.0,0.0,0.91,6.1,31.2,3.2,36.6,1,6/6/2025 10:05:40 AM
5/12/2025 1:00:00 AM,5/11/2025 9:00:00 PM,800,286.9,85.3,130.7,297.2,800.0,0.0,0.92,6.1,31.2,4.1,29.1,1,6/6/2025 10:05:40 AM
5/12/2025 2:00:00 AM,5/11/2025 10:00:00 PM,800,286.8,75.0,127.8,310.5,800.0,0.0,0.90,6.1,31.2,4.8,33.0,1,6/6/2025 10:05:40 AM
5/12/2025 3:00:00 AM,5/11/2025 11:00:00 PM,800,286.9,75.0,125.0,313.2,800.0,0.0,0.89,6.1,31.2,4.6,31.7,1,6/6/2025 10:05:40 AM
5/12/2025 4:00:00 AM,5/12/2025 12:00:00 AM,525,187.6,74.7,93.4,169.1,525.0,0.0,0.92,6.1,31.2,5.6,35.1,1,6/6/2025 10:05:40 AM
5/12/2025 5:00:00 AM,5/12/2025 1:00:00 AM,525,187.6,74.7,93.3,169.4,525.0,0.0,0.88,6.1,31.2,8.9,36.2,1,6/6/2025 10:05:40 AM
5/12/2025 6:00:00 AM,5/12/2025 2:00:00 AM,525,255.1,74.7,26.9,167.9,525.0,0.0,0.89,6.1,31.2,8.7,37.5,1,6/6/2025 10:05:40 AM
5/12/2025 7:00:00 AM,5/12/2025 3:00:00 AM,525,255.6,74.7,26.1,168.6,525.0,0.0,0.89,6.1,31.2,7.5,36.8,1,6/6/2025 10:05:40 AM
5/12/2025 8:00:00 AM,5/12/2025 4:00:00 AM,525,182.4,74.7,99.9,167.9,525.0,0.0,0.91,6.1,31.2,7.8,24.4,1,6/6/2025 10:05:40 AM
5/12/2025 9:00:00 AM,5/12/2025 5:00:00 AM,800,288.9,64.2,122.7,323.8,800.0,0.0,0.90,6.1,31.2,6.0,32.8,1,6/6/2025 10:05:40 AM
5/12/2025 10:00:00 AM,5/12/2025 6:00:00 AM,800,289.1,64.2,126.4,320.0,800.0,0.0,0.85,6.1,31.2,7.6,31.7,1,6/6/2025 10:05:40 AM
5/12/2025 11:00:00 AM,5/12/2025 7:00:00 AM,800,300.4,64.2,110.6,324.4,800.0,0.0,0.90,6.1,31.2,5.0,30.6,1,6/6/2025 10:05:40 AM
5/12/2025 12:00:00 PM,5/12/2025 8:00:00 AM,525,184.1,64.2,98.1,178.4,525.0,0.0,0.94,6.1,31.2,3.9,32.9,1,6/6/2025 10:05:40 AM
5/12/2025 1:00:00 PM,5/12/2025 9:00:00 AM,525,181.1,64.2,101.3,178.2,525.0,0.0,0.89,6.1,31.2,9.4,35.1,1,6/6/2025 10:05:40 AM
5/12/2025 2:00:00 PM,5/12/2025 10:00:00 AM,525,213.4,64.2,69.3,177.7,525.0,0.0,0.91,6.1,31.2,7.3,31.7,1,6/6/2025 10:05:40 AM
5/12/2025 3:00:00 PM,5/12/2025 11:00:00 AM,525,213.5,64.2,69.2,177.6,525.0,0.0,0.90,6.1,31.2,4.5,42.1,1,6/6/2025 10:05:40 AM
5/12/2025 4:00:00 PM,5/12/2025 12:00:00 PM,525,254.7,179.4,26.7,63.9,525.0,0.0,0.90,6.1,31.2,7.6,21.9,1,6/6/2025 10:05:40 AM
5/12/2025 5:00:00 PM,5/12/2025 1:00:00 PM,525,210.4,182.8,71.9,59.7,525.0,0.0,0.86,6.1,31.2,8.3,33.8,1,6/6/2025 10:05:40 AM
5/12/2025 6:00:00 PM,5/12/2025 2:00:00 PM,525,210.4,182.8,71.9,59.7,525.0,0.0,0.92,6.1,31.2,8.8,32.6,1,6/6/2025 10:05:40 AM
5/12/2025 7:00:00 PM,5/12/2025 3:00:00 PM,525,210.3,182.8,72.0,59.8,525.0,0.0,0.91,6.1,31.2,8.1,36.4,1,6/6/2025 10:05:40 AM
5/12/2025 8:00:00 PM,5/12/2025 4:00:00 PM,525,210.4,3.4,72.0,239.1,525.0,0.0,0.92,6.1,31.2,7.0,34.5,1,6/6/2025 10:05:40 AM
5/12/2025 9:00:00 PM,5/12/2025 5:00:00 PM,800,311.8,3.4,109.5,375.0,800.0,0.0,0.92,6.1,31.2,5.8,28.0,1,6/6/2025 10:05:40 AM
5/12/2025 10:00:00 PM,5/12/2025 6:00:00 PM,800,316.1,85.3,104.5,293.9,800.0,0.0,0.91,6.1,31.2,5.3,23.8,1,6/6/2025 10:05:40 AM
5/12/2025 11:00:00 PM,5/12/2025 7:00:00 PM,800,308.5,85.3,116.3,289.5,800.0,0.0,0.92,6.1,31.2,4.8,26.7,1,6/6/2025 10:05:40 AM
5/13/2025 12:00:00 AM,5/12/2025 8:00:00 PM,800,308.4,85.3,120.3,285.7,800.0,0.0,0.91,6.1,31.2,6.1,27.5,1,6/6/2025 10:05:40 AM
5/13/2025 1:00:00 AM,5/12/2025 9:00:00 PM,800,309.6,85.3,117.9,286.8,800.0,0.0,0.91,6.1,31.2,7.1,32.2,1,6/6/2025 10:05:40 AM
5/13/2025 2:00:00 AM,5/12/2025 10:00:00 PM,800,308.6,84.5,116.9,289.7,800.0,0.0,0.91,6.1,31.2,4.3,24.5,1,6/6/2025 10:05:40 AM
5/13/2025 3:00:00 AM,5/12/2025 11:00:00 PM,800,309.4,84.5,113.1,292.3,800.0,0.0,0.89,6.1,31.2,7.3,24.7,1,6/6/2025 10:05:40 AM
5/13/2025 4:00:00 AM,5/13/2025 12:00:00 AM,525,209.4,64.1,73.3,178.2,525.0,0.0,0.88,6.1,31.1,10.8,35.9,1,6/6/2025 10:05:40 AM
5/13/2025 5:00:00 AM,5/13/2025 1:00:00 AM,525,209.4,64.1,73.3,178.3,525.0,0.0,0.92,6.1,31.1,4.4,33.8,1,6/6/2025 10:05:40 AM
5/13/2025 6:00:00 AM,5/13/2025 2:00:00 AM,525,253.4,64.1,30.0,177.7,525.0,0.0,0.88,6.1,31.1,5.3,36.1,1,6/6/2025 10:05:40 AM
5/13/2025 7:00:00 AM,5/13/2025 3:00:00 AM,525,253.8,64.1,29.2,178.0,525.0,0.0,0.91,6.1,31.1,4.9,30.9,1,6/6/2025 10:05:40 AM
5/13/2025 8:00:00 AM,5/13/2025 4:00:00 AM,525,201.0,64.1,81.6,178.4,525.0,0.0,0.91,6.1,31.1,7.6,25.3,1,6/6/2025 10:05:40 AM
5/13/2025 9:00:00 AM,5/13/2025 5:00:00 AM,800,299.3,64.1,114.8,321.6,800.0,0.0,0.90,6.1,31.1,5.7,30.4,1,6/6/2025 10:05:40 AM
5/13/2025 10:00:00 AM,5/13/2025 6:00:00 AM,800,299.5,64.1,119.3,316.9,800.0,0.0,0.90,6.1,31.1,4.9,31.7,1,6/6/2025 10:05:40 AM
5/13/2025 11:00:00 AM,5/13/2025 7:00:00 AM,800,311.1,64.1,105.4,319.2,800.0,0.0,0.91,6.1,31.1,4.7,30.6,1,6/6/2025 10:05:40 AM
5/13/2025 12:00:00 PM,5/13/2025 8:00:00 AM,525,203.3,67.5,79.4,174.7,525.0,0.0,0.91,6.1,31.1,4.7,42.2,1,6/6/2025 10:05:40 AM
5/13/2025 1:00:00 PM,5/13/2025 9:00:00 AM,525,198.8,67.5,83.7,174.7,525.0,0.0,0.88,6.1,31.1,7.6,39.5,1,6/6/2025 10:05:40 AM
5/13/2025 2:00:00 PM,5/13/2025 10:00:00 AM,525,209.4,67.5,73.7,174.3,525.0,0.0,0.93,6.1,31.1,7.2,29.0,1,6/6/2025 10:05:40 AM
5/13/2025 3:00:00 PM,5/13/2025 11:00:00 AM,525,209.5,67.5,73.5,174.3,525.0,0.0,0.88,6.1,31.1,6.8,29.8,1,6/6/2025 10:05:40 AM
5/13/2025 4:00:00 PM,5/13/2025 12:00:00 PM,525,251.3,182.7,31.4,59.4,525.0,0.0,0.92,6.1,31.1,9.4,35.1,1,6/6/2025 10:05:40 AM
5/13/2025 5:00:00 PM,5/13/2025 1:00:00 PM,525,207.4,182.7,75.6,59.3,525.0,0.0,0.90,6.1,31.1,7.4,26.7,1,6/6/2025 10:05:40 AM
5/13/2025 6:00:00 PM,5/13/2025 2:00:00 PM,525,207.4,182.7,75.6,59.3,525.0,0.0,0.88,6.1,31.1,5.0,17.4,1,6/6/2025 10:05:40 AM
5/13/2025 7:00:00 PM,5/13/2025 3:00:00 PM,525,207.4,182.7,75.6,59.3,525.0,0.0,0.89,6.1,31.1,9.0,28.5,1,6/6/2025 10:05:40 AM
5/13/2025 8:00:00 PM,5/13/2025 4:00:00 PM,525,207.4,0.0,75.6,242.1,525.0,0.0,0.89,6.1,31.1,4.9,30.1,1,6/6/2025 10:05:40 AM
5/13/2025 9:00:00 PM,5/13/2025 5:00:00 PM,800,305.6,81.9,111.8,300.6,800.0,0.0,0.89,6.1,31.1,6.7,28.1,1,6/6/2025 10:05:40 AM
5/13/2025 10:00:00 PM,5/13/2025 6:00:00 PM,800,306.3,81.9,113.6,298.0,800.0,0.0,0.92,6.1,31.1,2.8,26.4,1,6/6/2025 10:05:40 AM
5/13/2025 11:00:00 PM,5/13/2025 7:00:00 PM,800,299.0,81.9,125.8,293.4,800.0,0.0,0.91,6.1,31.1,4.9,23.3,1,6/6/2025 10:05:40 AM
5/14/2025 12:00:00 AM,5/13/2025 8:00:00 PM,800,299.1,100.2,125.9,274.9,800.0,0.0,0.91,6.1,31.1,6.1,37.5,1,6/6/2025 10:05:40 AM
5/14/2025 1:00:00 AM,5/13/2025 9:00:00 PM,800,282.1,100.2,128.3,289.1,800.0,0.0,0.93,6.1,31.1,4.6,30.5,1,6/6/2025 10:05:40 AM
5/14/2025 2:00:00 AM,5/13/2025 10:00:00 PM,800,280.9,64.1,125.9,329.0,800.0,0.0,0.91,6.1,31.1,0.7,17.2,1,6/6/2025 10:05:40 AM
5/14/2025 3:00:00 AM,5/13/2025 11:00:00 PM,800,296.4,64.1,118.8,320.4,800.0,0.0,0.90,6.1,31.1,6.1,22.4,1,6/6/2025 10:05:40 AM
5/14/2025 4:00:00 AM,5/14/2025 12:00:00 AM,525,213.4,67.6,69.9,173.7,525.0,0.0,0.89,6.0,31.0,3.8,31.4,1,6/6/2025 10:05:40 AM
5/14/2025 5:00:00 AM,5/14/2025 1:00:00 AM,525,213.1,37.5,70.3,203.8,525.0,0.0,0.88,6.0,31.0,6.3,31.1,1,6/6/2025 10:05:40 AM
5/14/2025 6:00:00 AM,5/14/2025 2:00:00 AM,525,251.2,37.5,32.9,203.2,525.0,0.0,0.90,6.0,31.0,7.0,30.3,1,6/6/2025 10:05:40 AM
5/14/2025 7:00:00 AM,5/14/2025 3:00:00 AM,525,251.6,67.6,32.3,173.1,525.0,0.0,0.91,6.0,31.0,7.3,29.6,1,6/6/2025 10:05:40 AM
5/14/2025 8:00:00 AM,5/14/2025 4:00:00 AM,525,216.4,67.6,67.8,173.1,525.0,0.0,0.88,6.0,31.0,4.0,22.4,1,6/6/2025 10:05:40 AM
5/14/2025 9:00:00 AM,5/14/2025 5:00:00 AM,800,305.3,67.6,105.2,321.7,800.0,0.0,0.88,6.0,31.0,6.3,33.1,1,6/6/2025 10:05:40 AM
5/14/2025 10:00:00 AM,5/14/2025 6:00:00 AM,800,306.5,67.6,104.3,321.2,800.0,0.0,0.92,6.0,31.0,5.2,30.6,1,6/6/2025 10:05:40 AM
5/14/2025 11:00:00 AM,5/14/2025 7:00:00 AM,800,317.1,67.6,94.6,320.8,800.0,0.0,0.88,6.0,31.0,5.9,28.0,1,6/6/2025 10:05:40 AM
5/14/2025 12:00:00 PM,5/14/2025 8:00:00 AM,525,232.7,64.1,50.6,177.5,525.0,0.0,0.90,6.0,31.0,5.5,20.9,1,6/6/2025 10:05:40 AM
5/14/2025 1:00:00 PM,5/14/2025 9:00:00 AM,525,232.0,64.1,51.7,177.2,525.0,0.0,0.89,6.0,31.0,6.0,32.3,1,6/6/2025 10:05:40 AM
5/14/2025 2:00:00 PM,5/14/2025 10:00:00 AM,525,233.7,64.1,49.1,178.1,525.0,0.0,0.91,6.0,31.0,8.0,39.4,1,6/6/2025 10:05:40 AM
5/14/2025 3:00:00 PM,5/14/2025 11:00:00 AM,525,232.4,64.1,51.2,177.4,525.0,0.0,0.88,6.0,31.0,9.1,38.9,1,6/6/2025 10:05:40 AM
5/14/2025 4:00:00 PM,5/14/2025 12:00:00 PM,525,252.1,179.4,30.2,63.2,525.0,0.0,0.90,6.0,31.0,6.8,31.6,1,6/6/2025 10:05:40 AM
5/14/2025 5:00:00 PM,5/14/2025 1:00:00 PM,525,214.0,179.4,69.3,62.2,525.0,0.0,0.89,6.0,31.0,9.4,24.6,1,6/6/2025 10:05:40 AM
5/14/2025 6:00:00 PM,5/14/2025 2:00:00 PM,525,214.0,118.8,69.3,122.7,525.0,0.0,0.87,6.0,31.0,6.6,20.4,1,6/6/2025 10:05:40 AM
5/14/2025 7:00:00 PM,5/14/2025 3:00:00 PM,525,214.1,146.6,69.3,94.9,525.0,0.0,0.90,6.0,31.0,5.7,33.4,1,6/6/2025 10:05:40 AM
5/14/2025 8:00:00 PM,5/14/2025 4:00:00 PM,525,214.1,58.6,69.2,183.0,525.0,0.0,0.92,6.0,31.0,4.5,28.5,1,6/6/2025 10:05:40 AM
5/14/2025 9:00:00 PM,5/14/2025 5:00:00 PM,800,305.4,113.2,113.1,268.2,800.0,0.0,0.91,6.0,31.0,6.7,30.7,1,6/6/2025 10:05:40 AM
5/14/2025 10:00:00 PM,5/14/2025 6:00:00 PM,800,306.4,113.2,113.9,266.4,800.0,0.0,0.92,6.0,31.0,2.6,30.7,1,6/6/2025 10:05:40 AM
5/14/2025 11:00:00 PM,5/14/2025 7:00:00 PM,800,299.3,113.2,124.3,263.2,800.0,0.0,0.90,6.0,31.0,3.9,32.6,1,6/6/2025 10:05:40 AM
5/15/2025 12:00:00 AM,5/14/2025 8:00:00 PM,800,299.3,113.2,124.1,263.2,800.0,0.0,0.92,6.0,31.0,4.7,31.6,1,6/6/2025 10:05:40 AM
5/15/2025 1:00:00 AM,5/14/2025 9:00:00 PM,800,300.4,113.2,122.0,264.3,800.0,0.0,0.91,6.0,31.0,4.2,29.6,1,6/6/2025 10:05:40 AM
5/15/2025 2:00:00 AM,5/14/2025 10:00:00 PM,800,299.3,91.9,122.5,286.4,800.0,0.0,0.89,6.0,31.0,3.4,27.9,1,6/6/2025 10:05:40 AM
5/15/2025 3:00:00 AM,5/14/2025 11:00:00 PM,800,299.4,91.9,117.0,291.4,800.0,0.0,0.90,6.0,31.0,7.1,32.0,1,6/6/2025 10:05:40 AM
5/15/2025 4:00:00 AM,5/15/2025 12:00:00 AM,525,207.7,62.7,76.0,178.7,525.0,0.0,0.89,6.0,31.0,6.3,33.1,1,6/6/2025 10:05:40 AM
5/15/2025 5:00:00 AM,5/15/2025 1:00:00 AM,525,212.0,62.7,71.7,179.1,525.0,0.0,0.90,6.0,31.0,6.3,22.9,1,6/6/2025 10:05:40 AM
5/15/2025 6:00:00 AM,5/15/2025 2:00:00 AM,525,255.1,62.7,28.9,178.5,525.0,0.0,0.87,6.0,31.0,8.4,31.7,1,6/6/2025 10:05:40 AM
5/15/2025 7:00:00 AM,5/15/2025 3:00:00 AM,525,255.5,62.7,27.9,178.9,525.0,0.0,0.90,6.0,31.0,9.8,31.2,1,6/6/2025 10:05:40 AM
5/15/2025 8:00:00 AM,5/15/2025 4:00:00 AM,525,205.1,62.7,78.6,178.9,525.0,0.0,0.88,6.0,31.0,10.7,34.2,1,6/6/2025 10:05:40 AM
5/15/2025 9:00:00 AM,5/15/2025 5:00:00 AM,800,298.6,62.7,112.5,326.1,800.0,0.0,0.88,6.0,31.0,4.8,37.8,1,6/6/2025 10:05:40 AM
5/15/2025 10:00:00 AM,5/15/2025 6:00:00 AM,800,298.7,62.7,117.7,320.6,800.0,0.0,0.90,6.0,31.0,5.5,35.6,1,6/6/2025 10:05:40 AM
5/15/2025 11:00:00 AM,5/15/2025 7:00:00 AM,800,307.0,73.1,108.9,311.0,800.0,0.0,0.91,6.0,31.0,5.4,37.0,1,6/6/2025 10:05:40 AM
5/15/2025 12:00:00 PM,5/15/2025 8:00:00 AM,525,204.5,73.8,79.2,167.4,525.0,0.0,0.90,6.0,31.0,4.6,30.1,1,6/6/2025 10:05:40 AM
5/15/2025 1:00:00 PM,5/15/2025 9:00:00 AM,525,202.7,84.2,80.9,157.2,525.0,0.0,0.88,6.0,31.0,7.2,33.4,1,6/6/2025 10:05:40 AM
5/15/2025 2:00:00 PM,5/15/2025 10:00:00 AM,525,213.1,84.2,71.0,156.9,525.0,0.0,0.89,6.0,31.0,5.2,12.7,1,6/6/2025 10:05:40 AM
5/15/2025 3:00:00 PM,5/15/2025 11:00:00 AM,525,213.5,84.9,70.4,156.3,525.0,0.0,0.89,6.0,31.0,6.4,31.3,1,6/6/2025 10:05:40 AM
5/15/2025 4:00:00 PM,5/15/2025 12:00:00 PM,525,254.4,200.1,27.9,42.9,525.0,0.0,0.83,6.0,31.0,10.4,31.1,1,6/6/2025 10:05:40 AM
5/15/2025 5:00:00 PM,5/15/2025 1:00:00 PM,525,211.8,136.0,71.7,105.4,525.0,0.0,0.88,6.0,31.0,8.0,35.7,1,6/6/2025 10:05:40 AM
5/15/2025 6:00:00 PM,5/15/2025 2:00:00 PM,525,213.4,136.0,69.7,105.9,525.0,0.0,0.91,6.0,31.0,8.7,18.6,1,6/6/2025 10:05:40 AM
5/15/2025 7:00:00 PM,5/15/2025 3:00:00 PM,525,207.1,136.0,76.4,105.5,525.0,0.0,0.94,6.0,31.0,7.4,28.1,1,6/6/2025 10:05:40 AM
5/15/2025 8:00:00 PM,5/15/2025 4:00:00 PM,525,207.1,81.9,76.2,159.5,525.0,0.0,0.88,6.0,31.0,4.4,25.7,1,6/6/2025 10:05:40 AM
5/15/2025 9:00:00 PM,5/15/2025 5:00:00 PM,800,303.1,81.9,110.1,305.1,800.0,0.0,0.91,6.0,31.0,5.5,25.0,1,6/6/2025 10:05:40 AM
5/15/2025 10:00:00 PM,5/15/2025 6:00:00 PM,800,325.0,81.9,79.7,313.4,800.0,0.0,0.93,6.0,31.0,5.2,32.4,1,6/6/2025 10:05:40 AM
5/15/2025 11:00:00 PM,5/15/2025 7:00:00 PM,800,295.6,81.9,127.1,295.4,800.0,0.0,0.87,6.0,31.0,7.3,24.0,1,6/6/2025 10:05:40 AM
5/16/2025 12:00:00 AM,5/15/2025 8:00:00 PM,800,295.4,81.9,126.4,296.2,800.0,0.0,0.88,6.0,31.0,5.6,23.0,1,6/6/2025 10:05:40 AM
5/16/2025 1:00:00 AM,5/15/2025 9:00:00 PM,800,309.2,81.9,106.3,302.7,800.0,0.0,0.89,6.0,31.0,0.9,25.4,1,6/6/2025 10:05:40 AM
5/16/2025 2:00:00 AM,5/15/2025 10:00:00 PM,800,308.1,83.6,105.7,302.9,800.0,0.0,0.88,6.0,31.0,2.5,21.9,1,6/6/2025 10:05:40 AM
5/16/2025 3:00:00 AM,5/15/2025 11:00:00 PM,800,295.7,83.6,120.3,300.5,800.0,0.0,0.85,6.0,31.0,9.3,30.4,1,6/6/2025 10:05:40 AM
5/16/2025 4:00:00 AM,5/16/2025 12:00:00 AM,525,210.0,60.6,72.7,181.3,525.0,0.0,0.90,6.0,31.2,4.1,24.7,1,6/6/2025 10:05:40 AM
5/16/2025 5:00:00 AM,5/16/2025 1:00:00 AM,525,226.6,60.6,56.0,181.8,525.0,0.0,0.89,6.0,31.2,6.4,28.8,1,6/6/2025 10:05:40 AM
5/16/2025 6:00:00 AM,5/16/2025 2:00:00 AM,525,210.7,60.6,72.8,180.7,525.0,0.0,0.91,6.0,31.2,6.2,22.0,1,6/6/2025 10:05:40 AM
5/16/2025 7:00:00 AM,5/16/2025 3:00:00 AM,525,253.4,60.6,30.5,180.4,525.0,0.0,0.90,6.0,31.2,4.1,31.7,1,6/6/2025 10:05:40 AM
5/16/2025 8:00:00 AM,5/16/2025 4:00:00 AM,525,203.4,60.6,80.3,180.6,525.0,0.0,0.90,6.0,31.2,7.0,32.5,1,6/6/2025 10:05:40 AM
5/16/2025 9:00:00 AM,5/16/2025 5:00:00 AM,800,293.7,71.0,115.5,319.8,800.0,0.0,0.90,6.0,31.2,7.5,26.6,1,6/6/2025 10:05:40 AM
5/16/2025 10:00:00 AM,5/16/2025 6:00:00 AM,800,295.5,71.0,113.0,320.3,800.0,0.0,0.91,6.0,31.2,3.7,28.1,1,6/6/2025 10:05:40 AM
5/16/2025 11:00:00 AM,5/16/2025 7:00:00 AM,800,302.8,72.9,108.4,315.5,800.0,0.0,0.91,6.0,31.2,5.1,31.4,1,6/6/2025 10:05:40 AM
5/16/2025 12:00:00 PM,5/16/2025 8:00:00 AM,525,205.3,62.5,78.5,178.6,525.0,0.0,0.89,6.0,31.2,6.3,33.8,1,6/6/2025 10:05:40 AM
5/16/2025 1:00:00 PM,5/16/2025 9:00:00 AM,525,201.1,62.5,82.4,178.8,525.0,0.0,0.90,6.0,31.2,4.3,16.7,1,6/6/2025 10:05:40 AM
5/16/2025 2:00:00 PM,5/16/2025 10:00:00 AM,525,213.6,53.2,69.4,188.6,525.0,0.0,0.87,6.0,31.2,10.4,26.1,1,6/6/2025 10:05:40 AM
5/16/2025 3:00:00 PM,5/16/2025 11:00:00 AM,525,189.7,53.2,94.4,187.6,525.0,0.0,0.91,6.0,31.2,1.4,28.9,1,6/6/2025 10:05:40 AM
5/16/2025 4:00:00 PM,5/16/2025 12:00:00 PM,525,232.5,138.0,50.6,103.9,525.0,0.0,0.82,6.0,31.2,10.4,26.5,1,6/6/2025 10:05:40 AM
5/16/2025 5:00:00 PM,5/16/2025 1:00:00 PM,525,185.5,117.2,97.9,124.3,525.0,0.0,0.93,6.0,31.2,4.3,25.6,1,6/6/2025 10:05:40 AM
5/16/2025 6:00:00 PM,5/16/2025 2:00:00 PM,525,185.5,117.2,97.9,124.3,525.0,0.0,0.91,6.0,31.2,9.4,35.0,1,6/6/2025 10:05:40 AM
5/16/2025 7:00:00 PM,5/16/2025 3:00:00 PM,525,182.7,259.7,83.5,0.0,526.0,0.0,0.93,6.0,31.2,6.0,28.7,1,6/6/2025 10:05:40 AM
5/16/2025 8:00:00 PM,5/16/2025 4:00:00 PM,525,181.6,144.4,102.7,96.1,525.0,0.0,0.89,6.0,31.2,4.6,17.3,1,6/6/2025 10:05:40 AM
5/16/2025 9:00:00 PM,5/16/2025 5:00:00 PM,800,285.6,148.0,138.2,227.9,800.0,0.0,0.91,6.0,31.2,5.0,17.6,1,6/6/2025 10:05:40 AM
5/16/2025 10:00:00 PM,5/16/2025 6:00:00 PM,800,287.9,148.0,132.1,231.7,800.0,0.0,0.85,6.0,31.2,5.1,23.6,1,6/6/2025 10:05:40 AM
5/16/2025 11:00:00 PM,5/16/2025 7:00:00 PM,800,299.8,148.0,116.1,235.8,800.0,0.0,0.87,6.0,31.2,6.4,21.5,1,6/6/2025 10:05:40 AM
5/17/2025 12:00:00 AM,5/16/2025 8:00:00 PM,800,313.2,148.0,105.0,233.7,800.0,0.0,0.89,6.0,31.2,4.9,27.8,1,6/6/2025 10:05:40 AM
5/17/2025 1:00:00 AM,5/16/2025 9:00:00 PM,800,307.1,83.8,113.4,296.0,800.0,0.0,0.89,6.0,31.2,5.3,24.6,1,6/6/2025 10:05:40 AM
5/17/2025 2:00:00 AM,5/16/2025 10:00:00 PM,800,304.5,1.9,113.1,380.3,800.0,0.0,0.88,6.0,31.2,5.5,21.2,1,6/6/2025 10:05:40 AM
5/17/2025 3:00:00 AM,5/16/2025 11:00:00 PM,800,304.4,72.9,115.1,307.1,800.0,0.0,0.87,6.0,31.2,6.8,24.5,1,6/6/2025 10:05:40 AM
5/17/2025 4:00:00 AM,5/17/2025 12:00:00 AM,525,260.8,1.9,23.0,239.4,525.0,0.0,0.86,6.1,31.4,5.8,9.2,1,6/6/2025 10:05:40 AM
5/17/2025 5:00:00 AM,5/17/2025 1:00:00 AM,525,215.7,62.4,67.5,179.1,525.0,0.0,0.92,6.1,31.4,5.7,29.5,1,6/6/2025 10:05:40 AM
5/17/2025 6:00:00 AM,5/17/2025 2:00:00 AM,525,215.6,62.4,67.4,179.4,525.0,0.0,0.88,6.1,31.4,6.7,35.9,1,6/6/2025 10:05:40 AM
5/17/2025 7:00:00 AM,5/17/2025 3:00:00 AM,525,216.6,62.4,66.8,179.2,525.0,0.0,0.93,6.1,31.4,1.4,34.4,1,6/6/2025 10:05:40 AM
5/17/2025 8:00:00 AM,5/17/2025 4:00:00 AM,525,208.0,32.4,75.6,208.9,525.0,0.0,0.92,6.1,31.4,6.4,32.7,1,6/6/2025 10:05:40 AM
5/17/2025 9:00:00 AM,5/17/2025 5:00:00 AM,800,305.8,85.9,108.8,299.4,800.0,0.0,0.90,6.1,31.4,4.6,30.4,1,6/6/2025 10:05:40 AM
5/17/2025 10:00:00 AM,5/17/2025 6:00:00 AM,800,307.6,85.9,104.5,301.8,800.0,0.0,0.90,6.1,31.4,3.4,30.0,1,6/6/2025 10:05:40 AM
5/17/2025 11:00:00 AM,5/17/2025 7:00:00 AM,800,314.7,84.0,98.3,302.9,800.0,0.0,0.90,6.1,31.4,3.1,22.7,1,6/6/2025 10:05:40 AM
5/17/2025 12:00:00 PM,5/17/2025 8:00:00 AM,525,209.1,64.0,74.5,177.1,525.0,0.0,0.92,6.1,31.4,8.1,29.8,1,6/6/2025 10:05:40 AM
5/17/2025 1:00:00 PM,5/17/2025 9:00:00 AM,525,184.6,64.0,98.7,177.5,525.0,0.0,0.90,6.1,31.4,9.0,35.1,1,6/6/2025 10:05:40 AM
5/17/2025 2:00:00 PM,5/17/2025 10:00:00 AM,525,186.3,64.0,97.7,176.9,525.0,0.0,0.92,6.1,31.4,6.2,26.4,1,6/6/2025 10:05:40 AM
5/17/2025 3:00:00 PM,5/17/2025 11:00:00 AM,525,186.6,64.0,97.3,177.1,525.0,0.0,0.88,6.1,31.4,9.1,34.6,1,6/6/2025 10:05:40 AM
5/17/2025 4:00:00 PM,5/17/2025 12:00:00 PM,525,230.9,179.2,53.6,61.1,525.1,0.0,0.90,6.1,31.4,9.8,27.7,1,6/6/2025 10:05:40 AM
5/17/2025 5:00:00 PM,5/17/2025 1:00:00 PM,525,184.9,179.2,97.2,63.6,525.0,0.0,0.91,6.1,31.4,10.3,34.8,1,6/6/2025 10:05:40 AM
5/17/2025 6:00:00 PM,5/17/2025 2:00:00 PM,525,230.8,179.2,54.2,60.6,525.0,0.0,0.89,6.1,31.4,9.9,34.7,1,6/6/2025 10:05:40 AM
5/17/2025 7:00:00 PM,5/17/2025 3:00:00 PM,525,184.8,257.6,85.3,0.0,527.7,0.0,0.93,6.1,31.4,8.9,36.2,1,6/6/2025 10:05:40 AM
5/17/2025 8:00:00 PM,5/17/2025 4:00:00 PM,525,184.7,81.9,98.6,159.9,525.0,0.0,0.91,6.1,31.4,8.0,30.2,1,6/6/2025 10:05:40 AM
5/17/2025 9:00:00 PM,5/17/2025 5:00:00 PM,800,292.6,81.9,136.4,289.4,800.0,0.0,0.89,6.1,31.4,6.7,29.9,1,6/6/2025 10:05:40 AM
5/17/2025 10:00:00 PM,5/17/2025 6:00:00 PM,800,324.0,81.9,90.6,303.6,800.0,0.0,0.89,6.1,31.4,4.6,23.4,1,6/6/2025 10:05:40 AM
5/17/2025 11:00:00 PM,5/17/2025 7:00:00 PM,800,294.3,81.9,131.3,292.3,800.0,0.0,0.89,6.1,31.4,7.5,24.4,1,6/6/2025 10:05:40 AM
5/18/2025 12:00:00 AM,5/17/2025 8:00:00 PM,800,295.6,81.9,127.9,294.6,800.0,0.0,0.92,6.1,31.4,3.7,29.1,1,6/6/2025 10:05:40 AM
5/18/2025 1:00:00 AM,5/17/2025 9:00:00 PM,800,295.6,81.9,128.0,294.4,800.0,0.0,0.92,6.1,31.4,3.6,27.8,1,6/6/2025 10:05:40 AM
5/18/2025 2:00:00 AM,5/17/2025 10:00:00 PM,800,294.6,0.0,130.3,374.9,800.0,0.0,0.90,6.1,31.4,5.1,23.7,1,6/6/2025 10:05:40 AM
5/18/2025 3:00:00 AM,5/17/2025 11:00:00 PM,800,294.2,74.3,131.6,299.9,800.0,0.0,0.89,6.1,31.4,4.0,24.0,1,6/6/2025 10:05:40 AM
5/18/2025 4:00:00 AM,5/18/2025 12:00:00 AM,525,193.3,74.5,90.4,167.0,525.0,0.0,0.91,6.1,31.5,4.9,23.6,1,6/6/2025 10:05:40 AM
5/18/2025 5:00:00 AM,5/18/2025 1:00:00 AM,525,193.3,74.5,90.4,167.1,525.0,0.0,0.89,6.1,31.5,6.9,34.7,1,6/6/2025 10:05:40 AM
5/18/2025 6:00:00 AM,5/18/2025 2:00:00 AM,525,211.9,70.8,71.6,170.9,525.0,0.0,0.90,6.1,31.5,7.3,33.2,1,6/6/2025 10:05:40 AM
5/18/2025 7:00:00 AM,5/18/2025 3:00:00 AM,525,196.3,74.5,87.2,167.2,525.0,0.0,0.91,6.1,31.5,6.5,38.3,1,6/6/2025 10:05:40 AM
5/18/2025 8:00:00 AM,5/18/2025 4:00:00 AM,525,185.1,74.5,98.5,166.9,525.0,0.0,0.90,6.1,31.5,3.2,32.1,1,6/6/2025 10:05:40 AM
5/18/2025 9:00:00 AM,5/18/2025 5:00:00 AM,800,289.9,14.0,129.4,366.7,800.0,0.0,0.87,6.1,31.5,5.0,31.6,1,6/6/2025 10:05:40 AM
5/18/2025 10:00:00 AM,5/18/2025 6:00:00 AM,800,290.2,74.5,129.9,305.4,800.0,0.0,0.91,6.1,31.5,3.5,28.3,1,6/6/2025 10:05:40 AM
5/18/2025 11:00:00 AM,5/18/2025 7:00:00 AM,800,300.8,74.5,115.6,309.1,800.0,0.0,0.91,6.1,31.5,5.2,30.7,1,6/6/2025 10:05:40 AM
5/18/2025 12:00:00 PM,5/18/2025 8:00:00 AM,525,186.7,74.5,97.0,166.9,525.0,0.0,0.89,6.1,31.5,6.4,29.8,1,6/6/2025 10:05:40 AM
5/18/2025 1:00:00 PM,5/18/2025 9:00:00 AM,525,181.5,74.5,100.8,168.1,525.0,0.0,0.89,6.1,31.5,8.3,41.0,1,6/6/2025 10:05:40 AM
5/18/2025 2:00:00 PM,5/18/2025 10:00:00 AM,525,183.6,74.5,99.9,166.9,525.0,0.0,0.88,6.1,31.5,8.8,34.6,1,6/6/2025 10:05:40 AM
5/18/2025 3:00:00 PM,5/18/2025 11:00:00 AM,525,181.7,74.5,100.3,168.4,525.0,0.0,0.87,6.1,31.5,11.1,35.3,1,6/6/2025 10:05:40 AM
5/18/2025 4:00:00 PM,5/18/2025 12:00:00 PM,525,226.7,189.5,58.7,50.1,525.0,0.0,0.92,6.1,31.5,4.0,27.8,1,6/6/2025 10:05:40 AM
5/18/2025 5:00:00 PM,5/18/2025 1:00:00 PM,525,183.9,189.5,100.3,51.3,525.0,0.0,0.91,6.1,31.5,8.5,34.6,1,6/6/2025 10:05:40 AM
5/18/2025 6:00:00 PM,5/18/2025 2:00:00 PM,525,227.9,189.5,56.2,51.6,525.2,0.0,0.89,6.1,31.5,6.6,24.9,1,6/6/2025 10:05:40 AM
5/18/2025 7:00:00 PM,5/18/2025 3:00:00 PM,525,183.9,189.5,100.3,51.4,525.0,0.0,0.90,6.1,31.5,10.5,34.6,1,6/6/2025 10:05:40 AM
5/18/2025 8:00:00 PM,5/18/2025 4:00:00 PM,525,183.9,156.4,100.3,84.3,525.0,0.0,0.91,6.1,31.5,7.4,31.5,1,6/6/2025 10:05:40 AM
5/18/2025 9:00:00 PM,5/18/2025 5:00:00 PM,800,287.6,92.3,139.2,281.0,800.0,0.0,0.92,6.1,31.5,8.1,34.3,1,6/6/2025 10:05:40 AM
5/18/2025 10:00:00 PM,5/18/2025 6:00:00 PM,800,287.6,92.3,141.4,279.0,800.0,0.0,0.91,6.1,31.5,6.3,31.1,1,6/6/2025 10:05:40 AM
5/18/2025 11:00:00 PM,5/18/2025 7:00:00 PM,800,289.6,92.3,136.5,281.7,800.0,0.0,0.92,6.1,31.5,5.3,27.8,1,6/6/2025 10:05:40 AM
5/19/2025 12:00:00 AM,5/18/2025 8:00:00 PM,800,287.3,92.3,141.4,279.1,800.0,0.0,0.93,6.1,31.5,3.0,23.3,1,6/6/2025 10:05:40 AM
5/19/2025 1:00:00 AM,5/18/2025 9:00:00 PM,800,288.4,92.3,139.2,280.1,800.0,0.0,0.92,6.1,31.5,1.7,25.0,1,6/6/2025 10:05:40 AM
5/19/2025 2:00:00 AM,5/18/2025 10:00:00 PM,800,288.3,10.4,137.4,363.9,800.0,0.0,0.90,6.1,31.5,7.7,29.0,1,6/6/2025 10:05:40 AM
5/19/2025 3:00:00 AM,5/18/2025 11:00:00 PM,800,288.4,14.0,134.3,363.1,800.0,0.0,0.89,6.1,31.5,6.0,31.9,1,6/6/2025 10:05:40 AM
5/19/2025 4:00:00 AM,5/19/2025 12:00:00 AM,525,196.6,74.6,87.4,166.7,525.0,0.0,0.90,6.2,31.7,3.3,23.9,1,6/6/2025 10:05:40 AM
5/19/2025 5:00:00 AM,5/19/2025 1:00:00 AM,525,190.0,76.5,94.2,164.6,525.0,0.0,0.87,6.2,31.7,9.1,31.3,1,6/6/2025 10:05:40 AM
5/19/2025 6:00:00 AM,5/19/2025 2:00:00 AM,525,209.2,76.5,75.1,164.3,525.0,0.0,0.88,6.2,31.7,6.9,20.8,1,6/6/2025 10:05:40 AM
5/19/2025 7:00:00 AM,5/19/2025 3:00:00 AM,525,234.5,76.5,51.2,163.1,525.0,0.0,0.90,6.2,31.7,6.8,37.5,1,6/6/2025 10:05:40 AM
5/19/2025 8:00:00 AM,5/19/2025 4:00:00 AM,525,185.5,76.5,98.7,164.5,525.0,0.0,0.90,6.2,31.7,7.6,33.8,1,6/6/2025 10:05:40 AM
5/19/2025 9:00:00 AM,5/19/2025 5:00:00 AM,800,290.3,76.5,127.3,306.0,800.0,0.0,0.90,6.2,31.7,3.5,40.8,1,6/6/2025 10:05:40 AM
5/19/2025 10:00:00 AM,5/19/2025 6:00:00 AM,800,286.0,1.9,138.7,373.4,800.0,0.0,0.89,6.2,31.7,6.3,31.3,1,6/6/2025 10:05:40 AM
5/19/2025 11:00:00 AM,5/19/2025 7:00:00 AM,800,294.5,76.5,127.3,302.1,800.0,0.0,0.91,6.2,31.7,4.7,25.2,1,6/6/2025 10:05:40 AM
5/19/2025 12:00:00 PM,5/19/2025 8:00:00 AM,525,180.9,76.5,103.5,164.3,525.0,0.0,0.91,6.2,31.7,6.0,38.2,1,6/6/2025 10:05:40 AM
5/19/2025 1:00:00 PM,5/19/2025 9:00:00 AM,525,178.0,76.5,106.3,164.5,525.0,0.0,0.90,6.2,31.7,2.3,39.0,1,6/6/2025 10:05:40 AM
5/19/2025 2:00:00 PM,5/19/2025 10:00:00 AM,525,192.4,76.5,91.6,164.3,525.0,0.0,0.92,6.2,31.7,3.5,28.7,1,6/6/2025 10:05:40 AM
5/19/2025 3:00:00 PM,5/19/2025 11:00:00 AM,525,192.4,76.5,91.7,164.5,525.0,0.0,0.89,6.2,31.7,6.9,32.2,1,6/6/2025 10:05:40 AM
5/19/2025 4:00:00 PM,5/19/2025 12:00:00 PM,525,234.7,180.9,50.0,59.4,525.0,0.0,0.90,6.2,31.7,7.1,31.6,1,6/6/2025 10:05:40 AM
5/19/2025 5:00:00 PM,5/19/2025 1:00:00 PM,525,190.1,180.9,93.5,60.6,525.0,0.0,0.90,6.2,31.7,5.3,31.4,1,6/6/2025 10:05:40 AM
5/19/2025 6:00:00 PM,5/19/2025 2:00:00 PM,525,189.9,180.9,93.3,60.9,525.0,0.0,0.90,6.2,31.7,7.0,19.5,1,6/6/2025 10:05:40 AM
5/19/2025 7:00:00 PM,5/19/2025 3:00:00 PM,525,186.0,116.8,96.0,126.3,525.0,0.0,0.93,6.2,31.7,9.8,30.3,1,6/6/2025 10:05:40 AM
5/19/2025 8:00:00 PM,5/19/2025 4:00:00 PM,525,183.5,1.9,99.0,240.7,525.0,0.0,0.92,6.2,31.7,8.7,26.3,1,6/6/2025 10:05:40 AM
5/19/2025 9:00:00 PM,5/19/2025 5:00:00 PM,800,295.8,1.9,113.3,389.2,800.0,0.0,0.94,6.2,31.7,7.2,22.6,1,6/6/2025 10:05:40 AM
5/19/2025 10:00:00 PM,5/19/2025 6:00:00 PM,800,310.7,83.8,115.8,289.7,800.0,0.0,0.91,6.2,31.7,7.5,32.1,1,6/6/2025 10:05:40 AM
5/19/2025 11:00:00 PM,5/19/2025 7:00:00 PM,800,308.2,83.8,118.0,289.8,800.0,0.0,0.91,6.2,31.7,2.6,27.8,1,6/6/2025 10:05:40 AM
5/20/2025 12:00:00 AM,5/19/2025 8:00:00 PM,800,292.6,83.8,141.0,282.9,800.0,0.0,0.93,6.2,31.7,7.4,27.4,1,6/6/2025 10:05:40 AM
5/20/2025 1:00:00 AM,5/19/2025 9:00:00 PM,800,290.9,83.8,142.5,283.0,800.0,0.0,0.92,6.2,31.7,5.0,25.6,1,6/6/2025 10:05:40 AM
5/20/2025 2:00:00 AM,5/19/2025 10:00:00 PM,800,290.4,66.0,140.2,303.5,800.0,0.0,0.91,6.2,31.7,3.1,23.6,1,6/6/2025 10:05:40 AM
5/20/2025 3:00:00 AM,5/19/2025 11:00:00 PM,800,290.5,76.5,137.0,296.3,800.0,0.0,0.89,6.2,31.7,7.5,28.0,1,6/6/2025 10:05:40 AM
5/20/2025 4:00:00 AM,5/20/2025 12:00:00 AM,525,193.5,102.9,89.5,139.2,525.0,0.0,0.92,6.2,31.7,8.8,21.8,1,6/6/2025 10:05:40 AM
5/20/2025 5:00:00 AM,5/20/2025 1:00:00 AM,525,191.7,102.9,89.7,140.8,525.0,0.0,0.90,6.2,31.7,9.7,37.2,1,6/6/2025 10:05:40 AM
5/20/2025 6:00:00 AM,5/20/2025 2:00:00 AM,525,212.2,102.9,71.3,138.9,525.0,0.0,0.92,6.2,31.7,9.6,28.6,1,6/6/2025 10:05:40 AM
5/20/2025 7:00:00 AM,5/20/2025 3:00:00 AM,525,248.9,102.9,33.5,139.9,525.0,0.0,0.89,6.2,31.7,11.0,33.8,1,6/6/2025 10:05:40 AM
5/20/2025 8:00:00 AM,5/20/2025 4:00:00 AM,525,181.6,102.9,102.5,138.1,525.0,0.0,0.90,6.2,31.7,10.1,30.3,1,6/6/2025 10:05:40 AM
5/20/2025 9:00:00 AM,5/20/2025 5:00:00 AM,800,291.4,102.9,132.4,273.5,800.0,0.0,0.93,6.2,31.7,3.5,30.7,1,6/6/2025 10:05:40 AM
5/20/2025 10:00:00 AM,5/20/2025 6:00:00 AM,800,291.6,79.8,136.6,291.7,800.0,0.0,0.86,6.2,31.7,7.2,32.6,1,6/6/2025 10:05:40 AM
5/20/2025 11:00:00 AM,5/20/2025 7:00:00 AM,800,300.6,79.8,125.0,294.4,800.0,0.0,0.93,6.2,31.7,4.5,23.4,1,6/6/2025 10:05:40 AM
5/20/2025 12:00:00 PM,5/20/2025 8:00:00 AM,525,183.0,80.7,99.1,162.1,525.0,0.0,0.90,6.2,31.7,4.0,29.6,1,6/6/2025 10:05:40 AM
5/20/2025 1:00:00 PM,5/20/2025 9:00:00 AM,525,179.6,80.7,102.6,161.7,525.0,0.0,0.89,6.2,31.7,6.0,35.4,1,6/6/2025 10:05:40 AM
5/20/2025 2:00:00 PM,5/20/2025 10:00:00 AM,525,191.7,80.7,92.1,160.6,525.0,0.0,0.89,6.2,31.7,8.4,38.4,1,6/6/2025 10:05:40 AM
5/20/2025 3:00:00 PM,5/20/2025 11:00:00 AM,525,191.9,80.7,91.7,160.7,525.0,0.0,0.90,6.2,31.7,7.6,34.5,1,6/6/2025 10:05:40 AM
5/20/2025 4:00:00 PM,5/20/2025 12:00:00 PM,525,235.1,80.7,50.0,159.1,525.0,0.0,0.91,6.2,31.7,8.9,37.4,1,6/6/2025 10:05:40 AM
5/20/2025 5:00:00 PM,5/20/2025 1:00:00 PM,525,189.7,195.6,93.4,46.1,525.0,0.0,0.88,6.2,31.7,6.2,32.0,1,6/6/2025 10:05:40 AM
5/20/2025 6:00:00 PM,5/20/2025 2:00:00 PM,525,207.3,195.6,75.6,46.5,525.0,0.0,0.91,6.2,31.7,4.3,31.4,1,6/6/2025 10:05:40 AM
5/20/2025 7:00:00 PM,5/20/2025 3:00:00 PM,525,208.7,195.6,74.4,46.3,525.0,0.0,0.90,6.2,31.7,6.5,23.0,1,6/6/2025 10:05:40 AM
5/20/2025 8:00:00 PM,5/20/2025 4:00:00 PM,525,208.8,16.8,74.4,225.2,525.0,0.0,0.91,6.2,31.7,9.6,29.6,1,6/6/2025 10:05:40 AM
5/20/2025 9:00:00 PM,5/20/2025 5:00:00 PM,800,315.9,98.7,110.1,275.1,800.0,0.0,0.90,6.2,31.7,7.1,31.5,1,6/6/2025 10:05:40 AM
5/20/2025 10:00:00 PM,5/20/2025 6:00:00 PM,800,316.3,98.7,112.1,272.8,800.0,0.0,0.93,6.2,31.7,6.2,28.1,1,6/6/2025 10:05:40 AM
5/20/2025 11:00:00 PM,5/20/2025 7:00:00 PM,800,309.2,98.7,119.5,272.7,800.0,0.0,0.92,6.2,31.7,7.2,24.1,1,6/6/2025 10:05:40 AM
5/21/2025 12:00:00 AM,5/20/2025 8:00:00 PM,800,310.9,98.7,118.6,271.9,800.0,0.0,0.93,6.2,31.7,5.5,35.2,1,6/6/2025 10:05:40 AM
5/21/2025 1:00:00 AM,5/20/2025 9:00:00 PM,800,312.0,98.7,114.9,274.4,800.0,0.0,0.91,6.2,31.7,5.3,31.6,1,6/6/2025 10:05:40 AM
5/21/2025 2:00:00 AM,5/20/2025 10:00:00 PM,800,311.5,13.1,112.0,363.4,800.0,0.0,0.91,6.2,31.7,2.2,30.4,1,6/6/2025 10:05:40 AM
5/21/2025 3:00:00 AM,5/20/2025 11:00:00 PM,800,312.1,77.0,110.1,300.7,800.0,0.0,0.87,6.2,31.7,6.3,28.2,1,6/6/2025 10:05:40 AM
5/21/2025 4:00:00 AM,5/21/2025 12:00:00 AM,525,212.0,65.9,70.2,176.7,525.0,0.0,0.88,6.2,31.7,4.8,27.0,1,6/6/2025 10:05:40 AM
5/21/2025 5:00:00 AM,5/21/2025 1:00:00 AM,525,212.1,65.9,70.3,176.6,525.0,0.0,0.90,6.2,31.7,9.4,28.4,1,6/6/2025 10:05:40 AM
5/21/2025 6:00:00 AM,5/21/2025 2:00:00 AM,525,212.2,65.9,70.3,176.5,525.0,0.0,0.89,6.2,31.7,9.8,32.9,1,6/6/2025 10:05:40 AM
5/21/2025 7:00:00 AM,5/21/2025 3:00:00 AM,525,259.2,65.9,24.8,175.1,525.0,0.0,0.86,6.2,31.7,8.9,32.8,1,6/6/2025 10:05:40 AM
5/21/2025 8:00:00 AM,5/21/2025 4:00:00 AM,525,202.2,65.9,80.4,176.5,525.0,0.0,0.91,6.2,31.7,7.7,37.6,1,6/6/2025 10:05:40 AM
5/21/2025 9:00:00 AM,5/21/2025 5:00:00 AM,800,311.2,65.9,103.8,319.1,800.0,0.0,0.90,6.2,31.7,5.3,36.3,1,6/6/2025 10:05:40 AM
5/21/2025 10:00:00 AM,5/21/2025 6:00:00 AM,800,310.6,65.9,114.2,309.2,800.0,0.0,0.87,6.2,31.7,10.0,30.3,1,6/6/2025 10:05:40 AM
5/21/2025 11:00:00 AM,5/21/2025 7:00:00 AM,800,321.8,1.9,95.3,381.3,800.0,0.0,0.90,6.2,31.7,6.7,26.4,1,6/6/2025 10:05:40 AM
5/21/2025 12:00:00 PM,5/21/2025 8:00:00 AM,525,203.9,1.9,78.7,240.5,525.0,0.0,0.91,6.2,31.7,4.0,31.3,1,6/6/2025 10:05:40 AM
5/21/2025 1:00:00 PM,5/21/2025 9:00:00 AM,525,199.5,65.9,83.2,176.3,525.0,0.0,0.88,6.2,31.7,5.7,27.6,1,6/6/2025 10:05:40 AM
5/21/2025 2:00:00 PM,5/21/2025 10:00:00 AM,525,210.5,65.9,72.1,176.0,525.0,0.0,0.88,6.2,31.7,6.5,29.3,1,6/6/2025 10:05:40 AM
5/21/2025 3:00:00 PM,5/21/2025 11:00:00 AM,525,209.9,65.9,72.6,176.3,525.0,0.0,0.90,6.2,31.7,3.9,34.5,1,6/6/2025 10:05:40 AM
5/21/2025 4:00:00 PM,5/21/2025 12:00:00 PM,525,254.3,65.9,30.0,174.5,525.0,0.0,0.92,6.2,31.7,5.0,32.5,1,6/6/2025 10:05:40 AM
5/21/2025 5:00:00 PM,5/21/2025 1:00:00 PM,525,208.3,180.8,74.1,61.8,525.0,0.0,0.92,6.2,31.7,6.2,28.3,1,6/6/2025 10:05:40 AM
5/21/2025 6:00:00 PM,5/21/2025 2:00:00 PM,525,208.3,180.8,74.1,61.8,525.0,0.0,0.91,6.2,31.7,5.1,21.6,1,6/6/2025 10:05:40 AM
5/21/2025 7:00:00 PM,5/21/2025 3:00:00 PM,525,208.3,180.8,74.1,61.8,525.0,0.0,0.91,6.2,31.7,6.4,31.5,1,6/6/2025 10:05:40 AM
5/21/2025 8:00:00 PM,5/21/2025 4:00:00 PM,525,208.3,65.9,74.1,176.6,525.0,0.0,0.93,6.2,31.7,7.7,30.0,1,6/6/2025 10:05:40 AM
5/21/2025 9:00:00 PM,5/21/2025 5:00:00 PM,800,317.3,65.9,106.8,309.7,800.0,0.0,0.89,6.2,31.7,6.3,30.8,1,6/6/2025 10:05:40 AM
5/21/2025 10:00:00 PM,5/21/2025 6:00:00 PM,800,317.6,147.8,106.9,227.4,800.0,0.0,0.92,6.2,31.7,5.7,32.2,1,6/6/2025 10:05:40 AM
5/21/2025 11:00:00 PM,5/21/2025 7:00:00 PM,800,310.1,83.8,117.3,288.7,800.0,0.0,0.92,6.2,31.7,5.4,30.0,1,6/6/2025 10:05:40 AM
5/22/2025 12:00:00 AM,5/21/2025 8:00:00 PM,800,310.1,83.8,117.8,288.2,800.0,0.0,0.93,6.2,31.7,5.3,27.4,1,6/6/2025 10:05:40 AM
5/22/2025 1:00:00 AM,5/21/2025 9:00:00 PM,800,311.1,147.8,115.6,225.2,800.0,0.0,0.93,6.2,31.7,3.9,26.6,1,6/6/2025 10:05:40 AM
5/22/2025 2:00:00 AM,5/21/2025 10:00:00 PM,800,310.5,76.8,114.4,298.0,800.0,0.0,0.91,6.2,31.7,5.5,25.3,1,6/6/2025 10:05:40 AM
5/22/2025 3:00:00 AM,5/21/2025 11:00:00 PM,800,311.2,76.8,109.8,301.9,800.0,0.0,0.89,6.2,31.7,4.7,32.8,1,6/6/2025 10:05:40 AM
5/22/2025 4:00:00 AM,5/22/2025 12:00:00 AM,525,216.6,65.9,65.9,176.4,525.0,0.0,0.93,6.1,31.7,2.7,32.7,1,6/6/2025 10:05:40 AM
5/22/2025 5:00:00 AM,5/22/2025 1:00:00 AM,525,198.0,65.9,83.1,178.2,525.0,0.0,0.88,6.1,31.7,10.8,33.6,1,6/6/2025 10:05:40 AM
5/22/2025 6:00:00 AM,5/22/2025 2:00:00 AM,525,198.2,65.9,83.0,177.8,525.0,0.0,0.92,6.1,31.7,6.8,33.4,1,6/6/2025 10:05:40 AM
5/22/2025 7:00:00 AM,5/22/2025 3:00:00 AM,525,241.6,65.9,42.2,175.0,525.0,0.0,0.91,6.1,31.7,4.0,28.9,1,6/6/2025 10:05:40 AM
5/22/2025 8:00:00 AM,5/22/2025 4:00:00 AM,525,189.2,65.9,93.2,176.7,525.0,0.0,0.91,6.1,31.7,7.0,38.2,1,6/6/2025 10:05:40 AM
5/22/2025 9:00:00 AM,5/22/2025 5:00:00 AM,800,302.4,65.9,122.7,309.0,800.0,0.0,0.90,6.1,31.7,5.9,34.2,1,6/6/2025 10:05:40 AM
5/22/2025 10:00:00 AM,5/22/2025 6:00:00 AM,800,316.2,65.9,108.0,309.6,800.0,0.0,0.87,6.1,31.7,6.7,31.2,1,6/6/2025 10:05:40 AM
5/22/2025 11:00:00 AM,5/22/2025 7:00:00 AM,800,314.3,65.9,111.9,307.8,800.0,0.0,0.90,6.1,31.7,6.5,18.9,1,6/6/2025 10:05:40 AM
5/22/2025 12:00:00 PM,5/22/2025 8:00:00 AM,525,206.2,65.9,76.2,176.5,525.0,0.0,0.91,6.1,31.7,4.3,31.5,1,6/6/2025 10:05:40 AM
5/22/2025 1:00:00 PM,5/22/2025 9:00:00 AM,525,204.3,65.9,78.1,176.4,525.0,0.0,0.91,6.1,31.7,4.6,34.0,1,6/6/2025 10:05:40 AM
5/22/2025 2:00:00 PM,5/22/2025 10:00:00 AM,525,204.3,83.0,78.1,159.4,525.0,0.0,0.90,6.1,31.7,7.2,28.4,1,6/6/2025 10:05:40 AM
5/22/2025 3:00:00 PM,5/22/2025 11:00:00 AM,525,204.3,83.0,78.1,159.3,525.0,0.0,0.89,6.1,31.7,10.6,40.3,1,6/6/2025 10:05:40 AM
5/22/2025 4:00:00 PM,5/22/2025 12:00:00 PM,525,246.6,100.4,37.8,140.2,525.0,0.0,0.86,6.1,31.7,6.0,34.7,1,6/6/2025 10:05:40 AM
5/22/2025 5:00:00 PM,5/22/2025 1:00:00 PM,525,198.2,100.4,84.9,141.5,525.0,0.0,0.86,6.1,31.7,10.5,35.2,1,6/6/2025 10:05:40 AM
5/22/2025 6:00:00 PM,5/22/2025 2:00:00 PM,525,196.8,69.9,84.9,173.5,525.0,0.0,0.88,6.1,31.7,10.1,36.0,1,6/6/2025 10:05:40 AM
5/22/2025 7:00:00 PM,5/22/2025 3:00:00 PM,525,198.2,69.9,84.9,172.0,525.0,0.0,0.90,6.1,31.7,8.2,43.8,1,6/6/2025 10:05:40 AM
5/22/2025 8:00:00 PM,5/22/2025 4:00:00 PM,525,196.8,69.9,84.9,173.4,525.0,0.0,0.93,6.1,31.7,4.8,24.1,1,6/6/2025 10:05:40 AM
5/22/2025 9:00:00 PM,5/22/2025 5:00:00 PM,800,307.0,69.9,123.5,299.6,800.0,0.0,0.90,6.1,31.7,4.6,22.9,1,6/6/2025 10:05:40 AM
5/22/2025 10:00:00 PM,5/22/2025 6:00:00 PM,800,307.3,151.8,124.0,216.6,800.0,0.0,0.91,6.1,31.7,7.1,20.3,1,6/6/2025 10:05:40 AM
5/22/2025 11:00:00 PM,5/22/2025 7:00:00 PM,800,300.4,118.3,134.0,247.3,800.0,0.0,0.91,6.1,31.7,5.7,28.6,1,6/6/2025 10:05:40 AM
5/23/2025 12:00:00 AM,5/22/2025 8:00:00 PM,800,300.5,118.3,132.7,248.4,800.0,0.0,0.91,6.1,31.7,5.2,29.1,1,6/6/2025 10:05:40 AM
5/23/2025 1:00:00 AM,5/22/2025 9:00:00 PM,800,301.2,118.3,131.3,249.1,800.0,0.0,0.92,6.1,31.7,3.5,25.8,1,6/6/2025 10:05:40 AM
5/23/2025 2:00:00 AM,5/22/2025 10:00:00 PM,800,300.7,36.4,130.0,333.0,800.0,0.0,0.93,6.1,31.7,5.0,28.0,1,6/6/2025 10:05:40 AM
5/23/2025 3:00:00 AM,5/22/2025 11:00:00 PM,800,301.4,90.6,126.6,281.4,800.0,0.0,0.87,6.1,31.7,8.8,33.1,1,6/6/2025 10:05:40 AM
5/23/2025 4:00:00 AM,5/23/2025 12:00:00 AM,525,200.5,62.4,81.7,180.2,525.0,0.0,0.92,6.1,31.6,3.4,32.9,1,6/6/2025 10:05:40 AM
5/23/2025 5:00:00 AM,5/23/2025 1:00:00 AM,525,200.4,62.4,81.8,180.2,525.0,0.0,0.91,6.1,31.6,7.0,38.3,1,6/6/2025 10:05:40 AM
5/23/2025 6:00:00 AM,5/23/2025 2:00:00 AM,525,200.6,62.4,81.7,180.1,525.0,0.0,0.91,6.1,31.6,5.0,38.2,1,6/6/2025 10:05:40 AM
5/23/2025 7:00:00 AM,5/23/2025 3:00:00 AM,525,259.8,62.4,24.2,178.7,525.0,0.0,0.90,6.1,31.6,7.9,38.2,1,6/6/2025 10:05:40 AM
5/23/2025 8:00:00 AM,5/23/2025 4:00:00 AM,525,194.0,62.4,88.9,179.2,525.0,0.0,0.94,6.1,31.6,2.6,33.6,1,6/6/2025 10:05:40 AM
5/23/2025 9:00:00 AM,5/23/2025 5:00:00 AM,800,301.8,62.4,122.0,313.8,800.0,0.0,0.87,6.1,31.6,7.3,31.6,1,6/6/2025 10:05:40 AM
5/23/2025 10:00:00 AM,5/23/2025 6:00:00 AM,800,301.8,83.8,127.2,287.0,800.0,0.0,0.85,6.1,31.6,5.1,32.9,1,6/6/2025 10:05:40 AM
5/23/2025 11:00:00 AM,5/23/2025 7:00:00 AM,800,312.5,144.3,110.9,232.4,800.0,0.0,0.91,6.1,31.6,1.4,19.3,1,6/6/2025 10:05:40 AM
5/23/2025 12:00:00 PM,5/23/2025 8:00:00 AM,525,196.0,62.4,86.4,180.3,525.0,0.0,0.75,6.1,31.6,9.6,31.7,1,6/6/2025 10:05:40 AM
5/23/2025 1:00:00 PM,5/23/2025 9:00:00 AM,525,200.7,62.4,81.2,180.7,525.0,0.0,0.82,6.1,31.6,8.9,38.4,1,6/6/2025 10:05:40 AM
5/23/2025 2:00:00 PM,5/23/2025 10:00:00 AM,525,211.4,103.8,71.4,138.3,525.0,0.0,0.83,6.1,31.6,5.2,30.1,1,6/6/2025 10:05:40 AM
5/23/2025 3:00:00 PM,5/23/2025 11:00:00 AM,525,200.7,103.8,81.7,138.7,525.0,0.0,0.81,6.1,31.6,6.8,39.8,1,6/6/2025 10:05:40 AM
5/23/2025 4:00:00 PM,5/23/2025 12:00:00 PM,525,241.3,73.3,44.7,166.2,525.0,0.0,0.81,6.1,31.6,8.4,36.0,1,6/6/2025 10:05:40 AM
5/23/2025 5:00:00 PM,5/23/2025 1:00:00 PM,525,201.1,94.1,82.1,147.7,525.0,0.0,0.89,6.1,31.6,7.6,34.6,1,6/6/2025 10:05:40 AM
5/23/2025 6:00:00 PM,5/23/2025 2:00:00 PM,525,206.0,94.1,77.2,147.7,525.0,0.0,0.92,6.1,31.6,10.8,32.0,1,6/6/2025 10:05:40 AM
5/23/2025 7:00:00 PM,5/23/2025 3:00:00 PM,525,205.4,62.4,75.8,181.3,525.0,0.0,0.94,6.1,31.6,6.9,33.5,1,6/6/2025 10:05:40 AM
5/23/2025 8:00:00 PM,5/23/2025 4:00:00 PM,525,205.4,62.4,76.6,180.5,525.0,0.0,0.90,6.1,31.6,10.8,31.6,1,6/6/2025 10:05:40 AM
5/23/2025 9:00:00 PM,5/23/2025 5:00:00 PM,800,314.3,62.4,119.6,304.1,800.0,0.0,0.91,6.1,31.6,6.3,28.8,1,6/6/2025 10:05:40 AM
5/23/2025 10:00:00 PM,5/23/2025 6:00:00 PM,800,314.6,62.4,119.4,303.6,800.0,0.0,0.92,6.1,31.6,6.9,26.4,1,6/6/2025 10:05:40 AM
5/23/2025 11:00:00 PM,5/23/2025 7:00:00 PM,800,307.5,83.8,127.6,281.1,800.0,0.0,0.90,6.1,31.6,5.6,35.0,1,6/6/2025 10:05:40 AM
5/24/2025 12:00:00 AM,5/23/2025 8:00:00 PM,800,307.6,83.8,126.5,282.1,800.0,0.0,0.93,6.1,31.6,4.9,28.1,1,6/6/2025 10:05:40 AM
5/24/2025 1:00:00 AM,5/23/2025 9:00:00 PM,800,308.4,83.8,124.6,282.9,800.0,0.0,0.93,6.1,31.6,4.1,29.9,1,6/6/2025 10:05:40 AM
5/24/2025 2:00:00 AM,5/23/2025 10:00:00 PM,800,311.6,1.9,121.7,364.7,800.0,0.0,0.92,6.1,31.6,4.1,33.3,1,6/6/2025 10:05:40 AM
5/24/2025 3:00:00 AM,5/23/2025 11:00:00 PM,800,311.5,62.4,121.0,304.7,800.0,0.0,0.93,6.1,31.6,2.4,36.2,1,6/6/2025 10:05:40 AM
5/24/2025 4:00:00 AM,5/24/2025 12:00:00 AM,525,201.3,66.0,80.8,177.1,525.0,0.0,0.92,6.1,31.4,6.5,35.3,1,6/6/2025 10:05:40 AM
5/24/2025 5:00:00 AM,5/24/2025 1:00:00 AM,525,201.3,66.0,80.8,177.1,525.0,0.0,0.90,6.1,31.4,11.3,35.2,1,6/6/2025 10:05:40 AM
5/24/2025 6:00:00 AM,5/24/2025 2:00:00 AM,525,215.7,66.0,66.4,177.0,525.0,0.0,0.89,6.1,31.4,9.8,31.3,1,6/6/2025 10:05:40 AM
5/24/2025 7:00:00 AM,5/24/2025 3:00:00 AM,525,215.8,66.0,66.1,177.4,525.0,0.0,0.89,6.1,31.4,9.9,35.2,1,6/6/2025 10:05:40 AM
5/24/2025 8:00:00 AM,5/24/2025 4:00:00 AM,525,232.3,35.5,50.4,206.9,525.0,0.0,0.88,6.1,31.4,6.1,38.8,1,6/6/2025 10:05:40 AM
5/24/2025 9:00:00 AM,5/24/2025 5:00:00 AM,800,310.3,66.0,118.3,305.3,800.0,0.0,0.89,6.1,31.4,4.9,35.6,1,6/6/2025 10:05:40 AM
5/24/2025 10:00:00 AM,5/24/2025 6:00:00 AM,800,310.3,66.0,121.1,302.4,800.0,0.0,0.91,6.1,31.4,5.0,25.9,1,6/6/2025 10:05:40 AM
5/24/2025 11:00:00 AM,5/24/2025 7:00:00 AM,800,322.9,66.0,106.4,304.9,800.0,0.0,0.92,6.1,31.4,2.0,25.7,1,6/6/2025 10:05:40 AM
5/24/2025 12:00:00 PM,5/24/2025 8:00:00 AM,525,197.4,66.0,84.6,176.8,525.0,0.0,0.89,6.1,31.4,4.3,30.9,1,6/6/2025 10:05:40 AM
5/24/2025 1:00:00 PM,5/24/2025 9:00:00 AM,525,193.0,66.0,89.1,177.0,525.0,0.0,0.89,6.1,31.4,7.6,30.3,1,6/6/2025 10:05:40 AM
5/24/2025 2:00:00 PM,5/24/2025 10:00:00 AM,525,193.0,66.0,89.1,177.0,525.0,0.0,0.88,6.1,31.4,8.3,42.0,1,6/6/2025 10:05:40 AM
5/24/2025 3:00:00 PM,5/24/2025 11:00:00 AM,525,193.1,67.7,89.1,175.2,525.0,0.0,0.88,6.1,31.4,7.4,41.4,1,6/6/2025 10:05:40 AM
5/24/2025 4:00:00 PM,5/24/2025 12:00:00 PM,525,231.5,67.7,51.0,174.9,525.0,0.0,0.88,6.1,31.4,6.0,37.2,1,6/6/2025 10:05:40 AM
5/24/2025 5:00:00 PM,5/24/2025 1:00:00 PM,525,231.5,67.7,51.0,175.0,525.0,0.0,0.90,6.1,31.4,4.0,27.7,1,6/6/2025 10:05:40 AM
5/24/2025 6:00:00 PM,5/24/2025 2:00:00 PM,525,231.5,5.5,50.5,237.6,525.0,0.0,0.91,6.1,31.4,7.2,41.2,1,6/6/2025 10:05:40 AM
5/24/2025 7:00:00 PM,5/24/2025 3:00:00 PM,525,191.7,66.0,90.6,176.7,525.0,0.0,0.89,6.1,31.4,10.0,34.4,1,6/6/2025 10:05:40 AM
5/24/2025 8:00:00 PM,5/24/2025 4:00:00 PM,525,191.8,66.0,90.5,176.7,525.0,0.0,0.91,6.1,31.4,10.0,39.7,1,6/6/2025 10:05:40 AM
5/24/2025 9:00:00 PM,5/24/2025 5:00:00 PM,800,310.0,5.5,122.8,361.7,800.0,0.0,0.91,6.1,31.4,7.0,31.1,1,6/6/2025 10:05:40 AM
5/24/2025 10:00:00 PM,5/24/2025 6:00:00 PM,800,310.0,1.9,121.6,366.3,800.0,0.0,0.92,6.1,31.4,5.0,28.0,1,6/6/2025 10:05:40 AM
5/24/2025 11:00:00 PM,5/24/2025 7:00:00 PM,800,309.8,83.8,121.0,285.3,800.0,0.0,0.94,6.1,31.4,7.5,36.1,1,6/6/2025 10:05:40 AM
5/25/2025 12:00:00 AM,5/24/2025 8:00:00 PM,800,309.8,83.8,121.4,284.9,800.0,0.0,0.92,6.1,31.4,4.6,33.9,1,6/6/2025 10:05:40 AM
5/25/2025 1:00:00 AM,5/24/2025 9:00:00 PM,800,310.5,83.8,119.6,285.8,800.0,0.0,0.92,6.1,31.4,4.8,30.1,1,6/6/2025 10:05:40 AM
5/25/2025 2:00:00 AM,5/24/2025 10:00:00 PM,800,310.7,1.9,117.6,369.4,800.0,0.0,0.93,6.1,31.4,4.4,30.5,1,6/6/2025 10:05:40 AM
5/25/2025 3:00:00 AM,5/24/2025 11:00:00 PM,800,310.3,66.0,117.5,305.9,800.0,0.0,0.92,6.1,31.4,3.5,34.1,1,6/6/2025 10:05:40 AM
5/25/2025 4:00:00 AM,5/25/2025 12:00:00 AM,525,217.8,73.3,63.8,170.1,525.0,0.0,0.91,6.1,31.4,9.4,45.1,1,6/6/2025 10:05:40 AM
5/25/2025 5:00:00 AM,5/25/2025 1:00:00 AM,525,217.9,73.3,63.8,170.0,525.0,0.0,0.91,6.1,31.4,7.6,47.3,1,6/6/2025 10:05:40 AM
5/25/2025 6:00:00 AM,5/25/2025 2:00:00 AM,525,232.0,73.3,49.9,170.1,525.0,0.0,0.93,6.1,31.4,9.5,40.7,1,6/6/2025 10:05:40 AM
5/25/2025 7:00:00 AM,5/25/2025 3:00:00 AM,525,232.1,73.3,49.6,170.3,525.0,0.0,0.94,6.1,31.4,4.9,37.8,1,6/6/2025 10:05:40 AM
5/25/2025 8:00:00 AM,5/25/2025 4:00:00 AM,525,210.5,73.3,71.5,169.6,525.0,0.0,0.91,6.1,31.4,7.9,41.9,1,6/6/2025 10:05:40 AM
5/25/2025 9:00:00 AM,5/25/2025 5:00:00 AM,800,322.5,73.3,99.6,304.4,800.0,0.0,0.92,6.1,31.4,3.0,32.2,1,6/6/2025 10:05:40 AM
5/25/2025 10:00:00 AM,5/25/2025 6:00:00 AM,800,321.8,66.1,103.6,308.3,800.0,0.0,0.93,6.1,31.4,1.9,29.1,1,6/6/2025 10:05:40 AM
5/25/2025 11:00:00 AM,5/25/2025 7:00:00 AM,800,323.3,66.1,99.2,311.3,800.0,0.0,0.92,6.1,31.4,2.0,28.1,1,6/6/2025 10:05:40 AM
5/25/2025 12:00:00 PM,5/25/2025 8:00:00 AM,525,210.1,66.1,71.9,176.8,525.0,0.0,0.91,6.1,31.4,7.1,35.0,1,6/6/2025 10:05:40 AM
5/25/2025 1:00:00 PM,5/25/2025 9:00:00 AM,525,210.7,66.1,71.3,176.8,525.0,0.0,0.91,6.1,31.4,7.7,37.7,1,6/6/2025 10:05:40 AM
5/25/2025 2:00:00 PM,5/25/2025 10:00:00 AM,525,210.8,66.1,71.4,176.6,525.0,0.0,0.92,6.1,31.4,7.3,31.0,1,6/6/2025 10:05:40 AM
5/25/2025 3:00:00 PM,5/25/2025 11:00:00 AM,525,210.9,66.1,71.4,176.8,525.0,0.0,0.92,6.1,31.4,9.0,41.0,1,6/6/2025 10:05:40 AM
5/25/2025 4:00:00 PM,5/25/2025 12:00:00 PM,525,249.0,66.1,32.9,177.1,525.0,0.0,0.92,6.1,31.4,6.6,37.4,1,6/6/2025 10:05:40 AM
5/25/2025 5:00:00 PM,5/25/2025 1:00:00 PM,525,248.9,181.3,32.9,62.0,525.0,0.0,0.92,6.1,31.4,10.1,34.4,1,6/6/2025 10:05:40 AM
5/25/2025 6:00:00 PM,5/25/2025 2:00:00 PM,525,248.8,181.3,32.9,62.1,525.0,0.0,0.92,6.1,31.4,12.4,32.9,1,6/6/2025 10:05:40 AM
5/25/2025 7:00:00 PM,5/25/2025 3:00:00 PM,525,209.8,181.3,72.9,61.3,525.0,0.0,0.93,6.1,31.4,9.2,35.3,1,6/6/2025 10:05:40 AM
5/25/2025 8:00:00 PM,5/25/2025 4:00:00 PM,525,209.8,181.3,72.8,61.3,525.0,0.0,0.90,6.1,31.4,6.0,39.2,1,6/6/2025 10:05:40 AM
5/25/2025 9:00:00 PM,5/25/2025 5:00:00 PM,800,319.8,66.1,110.4,303.4,800.0,0.0,0.92,6.1,31.4,4.1,27.6,1,6/6/2025 10:05:40 AM
5/25/2025 10:00:00 PM,5/25/2025 6:00:00 PM,800,320.1,1.9,111.3,366.3,800.0,0.0,0.92,6.1,31.4,4.9,31.5,1,6/6/2025 10:05:40 AM
5/25/2025 11:00:00 PM,5/25/2025 7:00:00 PM,800,319.9,1.9,112.6,365.4,800.0,0.0,0.91,6.1,31.4,3.7,19.4,1,6/6/2025 10:05:40 AM
5/26/2025 12:00:00 AM,5/25/2025 8:00:00 PM,800,319.9,83.8,111.9,284.0,800.0,0.0,0.92,6.1,31.4,4.8,32.0,1,6/6/2025 10:05:40 AM
5/26/2025 1:00:00 AM,5/25/2025 9:00:00 PM,800,321.8,83.8,107.1,287.2,800.0,0.0,0.92,6.1,31.4,5.7,30.0,1,6/6/2025 10:05:40 AM
5/26/2025 2:00:00 AM,5/25/2025 10:00:00 PM,800,323.2,35.6,106.0,335.1,800.0,0.0,0.91,6.1,31.4,3.6,32.9,1,6/6/2025 10:05:40 AM
5/26/2025 3:00:00 AM,5/25/2025 11:00:00 PM,800,322.1,66.1,105.0,306.9,800.0,0.0,0.92,6.1,31.4,1.8,20.6,1,6/6/2025 10:05:40 AM
5/26/2025 4:00:00 AM,5/26/2025 12:00:00 AM,525,217.6,81.4,64.8,161.1,525.0,0.0,0.84,6.1,31.3,6.1,23.7,1,6/6/2025 10:05:40 AM
5/26/2025 5:00:00 AM,5/26/2025 1:00:00 AM,525,217.6,81.4,63.8,162.1,525.0,0.0,0.89,6.1,31.3,8.8,37.9,1,6/6/2025 10:05:40 AM
5/26/2025 6:00:00 AM,5/26/2025 2:00:00 AM,525,232.4,81.4,49.6,161.5,525.0,0.0,0.91,6.1,31.3,8.6,29.2,1,6/6/2025 10:05:40 AM
5/26/2025 7:00:00 AM,5/26/2025 3:00:00 AM,525,278.3,81.4,4.3,161.1,525.0,0.0,0.93,6.1,31.3,6.3,30.8,1,6/6/2025 10:05:40 AM
5/26/2025 8:00:00 AM,5/26/2025 4:00:00 AM,525,209.4,81.4,72.3,161.9,525.0,0.0,0.89,6.1,31.3,7.1,29.2,1,6/6/2025 10:05:40 AM
5/26/2025 9:00:00 AM,5/26/2025 5:00:00 AM,800,323.0,81.4,99.5,296.0,800.0,0.0,0.90,6.1,31.3,3.5,30.7,1,6/6/2025 10:05:40 AM
5/26/2025 10:00:00 AM,5/26/2025 6:00:00 AM,800,322.4,66.0,104.7,306.8,800.0,0.0,0.89,6.1,31.3,1.6,17.7,1,6/6/2025 10:05:40 AM
5/26/2025 11:00:00 AM,5/26/2025 7:00:00 AM,800,320.6,66.0,107.4,305.9,800.0,0.0,0.89,6.1,31.3,4.7,25.3,1,6/6/2025 10:05:40 AM
5/26/2025 12:00:00 PM,5/26/2025 8:00:00 AM,525,206.3,66.0,75.9,176.9,525.0,0.0,0.90,6.1,31.3,7.1,33.2,1,6/6/2025 10:05:40 AM
5/26/2025 1:00:00 PM,5/26/2025 9:00:00 AM,525,206.3,66.0,75.8,177.0,525.0,0.0,0.92,6.1,31.3,6.6,34.5,1,6/6/2025 10:05:40 AM
5/26/2025 2:00:00 PM,5/26/2025 10:00:00 AM,525,206.8,66.0,75.3,177.0,525.0,0.0,0.94,6.1,31.3,5.3,31.6,1,6/6/2025 10:05:40 AM
5/26/2025 3:00:00 PM,5/26/2025 11:00:00 AM,525,206.8,66.0,75.4,176.9,525.0,0.0,0.92,6.1,31.3,9.1,33.3,1,6/6/2025 10:05:40 AM
5/26/2025 4:00:00 PM,5/26/2025 12:00:00 PM,525,246.4,66.0,36.0,176.5,525.0,0.0,0.94,6.1,31.3,7.2,33.0,1,6/6/2025 10:05:40 AM
5/26/2025 5:00:00 PM,5/26/2025 1:00:00 PM,525,205.7,181.2,76.4,61.6,525.0,0.0,0.94,6.1,31.3,2.6,32.3,1,6/6/2025 10:05:40 AM
5/26/2025 6:00:00 PM,5/26/2025 2:00:00 PM,525,205.2,181.2,76.5,61.9,525.0,0.0,0.93,6.1,31.3,9.6,32.6,1,6/6/2025 10:05:40 AM
5/26/2025 7:00:00 PM,5/26/2025 3:00:00 PM,525,205.3,181.2,76.8,61.6,525.0,0.0,0.91,6.1,31.3,7.7,35.0,1,6/6/2025 10:05:40 AM
5/26/2025 8:00:00 PM,5/26/2025 4:00:00 PM,525,205.9,177.7,76.1,65.1,525.0,0.0,0.96,6.1,31.3,6.0,32.0,1,6/6/2025 10:05:40 AM
5/26/2025 9:00:00 PM,5/26/2025 5:00:00 PM,800,322.8,66.0,105.9,305.1,800.0,0.0,0.91,6.1,31.3,6.6,29.0,1,6/6/2025 10:05:40 AM
5/26/2025 10:00:00 PM,5/26/2025 6:00:00 PM,800,322.9,1.9,106.2,368.8,800.0,0.0,0.92,6.1,31.3,7.4,30.2,1,6/6/2025 10:05:40 AM
5/26/2025 11:00:00 PM,5/26/2025 7:00:00 PM,800,322.8,83.8,107.5,285.8,800.0,0.0,0.91,6.1,31.3,5.4,28.2,1,6/6/2025 10:05:40 AM
5/27/2025 12:00:00 AM,5/26/2025 8:00:00 PM,800,321.2,83.8,112.7,282.4,800.0,0.0,0.92,6.1,31.3,4.0,29.1,1,6/6/2025 10:05:40 AM
5/27/2025 1:00:00 AM,5/26/2025 9:00:00 PM,800,322.1,83.8,110.4,283.6,800.0,0.0,0.91,6.1,31.3,5.8,27.2,1,6/6/2025 10:05:40 AM
5/27/2025 2:00:00 AM,5/26/2025 10:00:00 PM,800,321.9,66.0,108.1,304.0,800.0,0.0,0.92,6.1,31.3,1.2,26.5,1,6/6/2025 10:05:40 AM
5/27/2025 3:00:00 AM,5/26/2025 11:00:00 PM,800,322.6,66.0,104.8,306.4,800.0,0.0,0.91,6.1,31.3,1.1,26.9,1,6/6/2025 10:05:40 AM
5/27/2025 4:00:00 AM,5/27/2025 12:00:00 AM,525,215.4,64.7,66.5,178.4,525.0,0.0,0.90,6.1,31.2,7.1,32.8,1,6/6/2025 10:05:40 AM
5/27/2025 5:00:00 AM,5/27/2025 1:00:00 AM,525,215.4,64.7,66.5,178.3,525.0,0.0,0.91,6.1,31.2,4.8,27.7,1,6/6/2025 10:05:40 AM
5/27/2025 6:00:00 AM,5/27/2025 2:00:00 AM,525,230.2,64.7,51.8,178.2,525.0,0.0,0.90,6.1,31.2,7.3,31.7,1,6/6/2025 10:05:40 AM
5/27/2025 7:00:00 AM,5/27/2025 3:00:00 AM,525,277.8,64.0,5.0,178.4,525.0,0.0,0.89,6.1,31.2,7.6,36.1,1,6/6/2025 10:05:40 AM
5/27/2025 8:00:00 AM,5/27/2025 4:00:00 AM,525,209.0,64.0,73.3,178.9,525.0,0.0,0.90,6.1,31.2,6.7,33.9,1,6/6/2025 10:05:40 AM
5/27/2025 9:00:00 AM,5/27/2025 5:00:00 AM,800,321.5,64.0,98.7,315.5,800.0,0.0,0.88,6.1,31.2,6.5,30.8,1,6/6/2025 10:05:40 AM
5/27/2025 10:00:00 AM,5/27/2025 6:00:00 AM,800,318.4,64.0,110.0,307.5,800.0,0.0,0.91,6.1,31.2,7.0,37.9,1,6/6/2025 10:05:40 AM
5/27/2025 11:00:00 AM,5/27/2025 7:00:00 AM,800,318.0,64.0,109.2,308.6,800.0,0.0,0.91,6.1,31.2,5.9,31.4,1,6/6/2025 10:05:40 AM
5/27/2025 12:00:00 PM,5/27/2025 8:00:00 AM,525,203.9,64.7,78.5,178.0,525.0,0.0,0.92,6.1,31.2,4.3,38.4,1,6/6/2025 10:05:40 AM
5/27/2025 1:00:00 PM,5/27/2025 9:00:00 AM,525,203.9,64.7,78.5,177.9,525.0,0.0,0.91,6.1,31.2,7.1,38.4,1,6/6/2025 10:05:40 AM
5/27/2025 2:00:00 PM,5/27/2025 10:00:00 AM,525,203.8,64.7,79.0,177.5,525.0,0.0,0.90,6.1,31.2,8.2,36.2,1,6/6/2025 10:05:40 AM
5/27/2025 3:00:00 PM,5/27/2025 11:00:00 AM,525,203.9,65.4,78.5,177.3,525.0,0.0,0.92,6.1,31.2,7.2,30.1,1,6/6/2025 10:05:40 AM
5/27/2025 4:00:00 PM,5/27/2025 12:00:00 PM,525,244.0,65.4,39.2,176.6,525.0,0.0,0.88,6.1,31.2,6.2,31.6,1,6/6/2025 10:05:40 AM
5/27/2025 5:00:00 PM,5/27/2025 1:00:00 PM,525,205.2,180.4,77.4,62.1,525.0,0.0,0.91,6.1,31.2,7.6,37.5,1,6/6/2025 10:05:40 AM
5/27/2025 6:00:00 PM,5/27/2025 2:00:00 PM,525,203.4,180.4,79.2,62.0,525.0,0.0,0.93,6.1,31.2,2.1,30.2,1,6/6/2025 10:05:40 AM
5/27/2025 7:00:00 PM,5/27/2025 3:00:00 PM,525,205.2,180.4,77.4,62.0,525.0,0.0,0.91,6.1,31.2,10.1,31.1,1,6/6/2025 10:05:40 AM
5/27/2025 8:00:00 PM,5/27/2025 4:00:00 PM,525,204.8,180.4,77.4,62.3,525.0,0.0,0.92,6.1,31.2,6.6,33.5,1,6/6/2025 10:05:40 AM
5/27/2025 9:00:00 PM,5/27/2025 5:00:00 PM,800,318.4,65.4,109.6,306.2,800.0,0.0,0.89,6.1,31.2,6.1,29.7,1,6/6/2025 10:05:40 AM
5/27/2025 10:00:00 PM,5/27/2025 6:00:00 PM,800,321.4,94.7,105.4,278.4,800.0,0.0,0.92,6.1,31.2,6.6,30.0,1,6/6/2025 10:05:40 AM
5/27/2025 11:00:00 PM,5/27/2025 7:00:00 PM,800,330.9,94.7,96.4,278.0,800.0,0.0,0.92,6.1,31.2,6.3,33.6,1,6/6/2025 10:05:40 AM
5/28/2025 12:00:00 AM,5/27/2025 8:00:00 PM,800,328.2,94.7,102.5,274.8,800.0,0.0,0.91,6.1,31.2,5.9,31.4,1,6/6/2025 10:05:40 AM
5/28/2025 1:00:00 AM,5/27/2025 9:00:00 PM,800,318.2,94.7,113.8,273.2,800.0,0.0,0.91,6.1,31.2,4.4,25.4,1,6/6/2025 10:05:40 AM
5/28/2025 2:00:00 AM,5/27/2025 10:00:00 PM,800,318.5,1.9,110.5,369.1,800.0,0.0,0.90,6.1,31.2,6.7,27.1,1,6/6/2025 10:05:40 AM
5/28/2025 3:00:00 AM,5/27/2025 11:00:00 PM,800,319.1,1.9,108.3,370.8,800.0,0.0,0.91,6.1,31.2,5.7,30.1,1,6/6/2025 10:05:40 AM
5/28/2025 4:00:00 AM,5/28/2025 12:00:00 AM,525,216.1,66.2,66.2,176.3,525.0,0.0,0.91,6.1,31.1,8.0,27.7,1,6/6/2025 10:05:40 AM
5/28/2025 5:00:00 AM,5/28/2025 1:00:00 AM,525,216.1,64.2,66.2,178.6,525.0,0.0,0.90,6.1,31.1,7.3,28.6,1,6/6/2025 10:05:40 AM
5/28/2025 6:00:00 AM,5/28/2025 2:00:00 AM,525,230.9,64.2,51.5,178.4,525.0,0.0,0.90,6.1,31.1,9.7,33.0,1,6/6/2025 10:05:40 AM
5/28/2025 7:00:00 AM,5/28/2025 3:00:00 AM,525,274.6,60.7,8.6,181.1,525.0,0.0,0.89,6.1,31.1,8.3,34.8,1,6/6/2025 10:05:40 AM
5/28/2025 8:00:00 AM,5/28/2025 4:00:00 AM,525,207.8,60.7,74.3,182.0,525.0,0.0,0.93,6.1,31.1,4.5,33.9,1,6/6/2025 10:05:40 AM
5/28/2025 9:00:00 AM,5/28/2025 5:00:00 AM,800,320.3,60.7,103.2,316.0,800.0,0.0,0.87,6.1,31.1,6.2,31.5,1,6/6/2025 10:05:40 AM
5/28/2025 10:00:00 AM,5/28/2025 6:00:00 AM,800,319.6,70.0,109.1,301.4,800.0,0.0,0.92,6.1,31.1,5.9,32.9,1,6/6/2025 10:05:40 AM
5/28/2025 11:00:00 AM,5/28/2025 7:00:00 AM,800,319.2,9.3,107.2,364.3,800.0,0.0,0.89,6.1,31.1,6.0,34.6,1,6/6/2025 10:05:40 AM
5/28/2025 12:00:00 PM,5/28/2025 8:00:00 AM,525,202.7,67.7,80.9,174.0,525.0,0.0,0.93,6.1,31.1,1.9,28.8,1,6/6/2025 10:05:40 AM
5/28/2025 1:00:00 PM,5/28/2025 9:00:00 AM,525,205.8,22.7,76.5,220.3,525.0,0.0,0.91,6.1,31.1,2.3,32.7,1,6/6/2025 10:05:40 AM
5/28/2025 2:00:00 PM,5/28/2025 10:00:00 AM,525,204.9,86.9,77.6,155.8,525.0,0.0,0.92,6.1,31.1,1.3,23.3,1,6/6/2025 10:05:40 AM
5/28/2025 3:00:00 PM,5/28/2025 11:00:00 AM,525,204.7,83.4,77.7,159.2,525.0,0.0,0.89,6.1,31.1,6.5,28.6,1,6/6/2025 10:05:40 AM
5/28/2025 4:00:00 PM,5/28/2025 12:00:00 PM,525,244.1,83.4,39.1,158.4,525.0,0.0,0.89,6.1,31.1,7.1,43.4,1,6/6/2025 10:05:40 AM
5/28/2025 5:00:00 PM,5/28/2025 1:00:00 PM,525,203.7,198.5,78.4,44.2,525.0,0.0,0.94,6.1,31.1,6.5,33.7,1,6/6/2025 10:05:40 AM
5/28/2025 6:00:00 PM,5/28/2025 2:00:00 PM,525,204.3,194.8,77.9,47.8,525.0,0.0,0.89,6.1,31.1,9.1,31.8,1,6/6/2025 10:05:40 AM
5/28/2025 7:00:00 PM,5/28/2025 3:00:00 PM,525,204.8,194.8,77.1,48.1,525.0,0.0,0.93,6.1,31.1,6.8,30.5,1,6/6/2025 10:05:40 AM
5/28/2025 8:00:00 PM,5/28/2025 4:00:00 PM,525,204.8,194.8,77.2,48.0,525.0,0.0,0.92,6.1,31.1,5.7,34.8,1,6/6/2025 10:05:40 AM
5/28/2025 9:00:00 PM,5/28/2025 5:00:00 PM,800,320.4,107.0,109.8,262.7,800.0,0.0,0.91,6.1,31.1,4.0,29.9,1,6/6/2025 10:05:40 AM
5/28/2025 10:00:00 PM,5/28/2025 6:00:00 PM,800,324.5,91.2,105.5,278.9,800.0,0.0,0.92,6.1,31.1,4.4,31.2,1,6/6/2025 10:05:40 AM
5/28/2025 11:00:00 PM,5/28/2025 7:00:00 PM,800,321.2,91.2,109.6,278.0,800.0,0.0,0.92,6.1,31.1,6.1,32.2,1,6/6/2025 10:05:40 AM
5/29/2025 12:00:00 AM,5/28/2025 8:00:00 PM,800,321.2,91.2,110.6,277.2,800.0,0.0,0.92,6.1,31.1,5.5,33.9,1,6/6/2025 10:05:40 AM
5/29/2025 1:00:00 AM,5/28/2025 9:00:00 PM,800,321.9,91.2,108.6,278.3,800.0,0.0,0.91,6.1,31.1,6.2,28.8,1,6/6/2025 10:05:40 AM
5/29/2025 2:00:00 AM,5/28/2025 10:00:00 PM,800,322.3,79.7,106.2,291.8,800.0,0.0,0.91,6.1,31.1,6.0,32.7,1,6/6/2025 10:05:40 AM
5/29/2025 3:00:00 AM,5/28/2025 11:00:00 PM,800,322.7,79.7,102.0,295.4,800.0,0.0,0.89,6.1,31.1,7.5,26.5,1,6/6/2025 10:05:40 AM
5/29/2025 4:00:00 AM,5/29/2025 12:00:00 AM,525,215.7,60.7,65.9,182.7,525.0,0.0,0.90,6.1,31.0,6.0,29.7,1,6/6/2025 10:05:40 AM
5/29/2025 5:00:00 AM,5/29/2025 1:00:00 AM,525,216.0,60.7,66.1,182.3,525.0,0.0,0.90,6.1,31.0,8.7,32.6,1,6/6/2025 10:05:40 AM
5/29/2025 6:00:00 AM,5/29/2025 2:00:00 AM,525,230.9,62.6,51.1,180.1,525.0,0.0,0.89,6.1,31.0,6.2,35.9,1,6/6/2025 10:05:40 AM
5/29/2025 7:00:00 AM,5/29/2025 3:00:00 AM,525,274.6,62.6,8.4,179.4,525.0,0.0,0.89,6.1,31.0,6.7,25.9,1,6/6/2025 10:05:40 AM
5/29/2025 8:00:00 AM,5/29/2025 4:00:00 AM,525,208.8,62.6,73.6,180.3,525.0,0.0,0.93,6.1,31.0,5.2,29.5,1,6/6/2025 10:05:40 AM
5/29/2025 9:00:00 AM,5/29/2025 5:00:00 AM,800,321.3,62.6,96.5,319.4,800.0,0.0,0.89,6.1,31.0,5.9,32.7,1,6/6/2025 10:05:40 AM
5/29/2025 10:00:00 AM,5/29/2025 6:00:00 AM,800,320.6,72.3,110.9,296.3,800.0,0.0,0.91,6.1,31.0,3.4,27.2,1,6/6/2025 10:05:40 AM
5/29/2025 11:00:00 AM,5/29/2025 7:00:00 AM,800,320.4,72.3,109.3,297.8,800.0,0.0,0.91,6.1,31.0,5.7,22.5,1,6/6/2025 10:05:40 AM
5/29/2025 12:00:00 PM,5/29/2025 8:00:00 AM,525,220.7,72.3,61.5,170.2,525.0,0.0,0.92,6.1,31.0,6.6,27.4,1,6/6/2025 10:05:40 AM
5/29/2025 1:00:00 PM,5/29/2025 9:00:00 AM,525,220.0,62.6,61.7,180.3,525.0,0.0,0.87,6.1,31.0,7.1,34.0,1,6/6/2025 10:05:40 AM
5/29/2025 2:00:00 PM,5/29/2025 10:00:00 AM,525,221.0,62.6,61.2,180.2,525.0,0.0,0.90,6.1,31.0,2.4,33.1,1,6/6/2025 10:05:40 AM
5/29/2025 3:00:00 PM,5/29/2025 11:00:00 AM,525,221.1,62.6,61.2,179.8,525.0,0.0,0.87,6.1,31.0,3.9,34.6,1,6/6/2025 10:05:40 AM
5/29/2025 4:00:00 PM,5/29/2025 12:00:00 PM,525,260.2,89.9,22.6,151.9,525.0,0.0,0.88,6.1,31.0,7.9,32.9,1,6/6/2025 10:05:40 AM
5/29/2025 5:00:00 PM,5/29/2025 1:00:00 PM,525,215.1,89.9,67.2,152.8,525.0,0.0,0.93,6.1,31.0,6.1,28.4,1,6/6/2025 10:05:40 AM
5/29/2025 6:00:00 PM,5/29/2025 2:00:00 PM,525,207.5,205.1,74.8,37.4,525.0,0.0,0.91,6.1,31.0,6.7,28.6,1,6/6/2025 10:05:40 AM
5/29/2025 7:00:00 PM,5/29/2025 3:00:00 PM,525,206.1,205.1,76.1,37.5,525.0,0.0,0.92,6.1,31.0,6.6,40.3,1,6/6/2025 10:05:40 AM
5/29/2025 8:00:00 PM,5/29/2025 4:00:00 PM,525,207.5,144.4,74.8,98.3,525.0,0.0,0.92,6.1,31.0,10.5,31.4,1,6/6/2025 10:05:40 AM
5/29/2025 9:00:00 PM,5/29/2025 5:00:00 PM,800,323.4,29.2,106.8,340.6,800.0,0.0,0.92,6.1,31.0,5.8,24.6,1,6/6/2025 10:05:40 AM
5/29/2025 10:00:00 PM,5/29/2025 6:00:00 PM,800,323.6,83.8,108.9,283.6,800.0,0.0,0.92,6.1,31.0,4.7,23.7,1,6/6/2025 10:05:40 AM
5/29/2025 11:00:00 PM,5/29/2025 7:00:00 PM,800,321.3,83.8,116.4,278.5,800.0,0.0,0.91,6.1,31.0,6.5,31.8,1,6/6/2025 10:05:40 AM
5/30/2025 12:00:00 AM,5/29/2025 8:00:00 PM,800,321.2,83.8,115.7,279.2,800.0,0.0,0.90,6.1,31.0,5.1,37.9,1,6/6/2025 10:05:40 AM
5/30/2025 1:00:00 AM,5/29/2025 9:00:00 PM,800,321.8,83.8,114.3,279.9,800.0,0.0,0.92,6.1,31.0,6.1,33.9,1,6/6/2025 10:05:40 AM
5/30/2025 2:00:00 AM,5/29/2025 10:00:00 PM,800,322.0,1.9,112.2,363.5,800.0,0.0,0.92,6.1,31.0,5.4,29.0,1,6/6/2025 10:05:40 AM
5/30/2025 3:00:00 AM,5/29/2025 11:00:00 PM,800,322.7,72.3,109.6,295.2,800.0,0.0,0.90,6.1,31.0,6.1,32.8,1,6/6/2025 10:05:40 AM
5/30/2025 4:00:00 AM,5/30/2025 12:00:00 AM,525,200.4,73.7,81.1,169.7,525.0,0.0,0.93,6.1,31.0,5.2,36.7,1,6/6/2025 10:05:40 AM
5/30/2025 5:00:00 AM,5/30/2025 1:00:00 AM,525,200.4,73.7,81.1,169.8,525.0,0.0,0.91,6.1,31.0,6.9,32.8,1,6/6/2025 10:05:40 AM
5/30/2025 6:00:00 AM,5/30/2025 2:00:00 AM,525,214.5,73.7,67.3,169.5,525.0,0.0,0.90,6.1,31.0,3.8,30.6,1,6/6/2025 10:05:40 AM
5/30/2025 7:00:00 AM,5/30/2025 3:00:00 AM,525,262.3,75.6,20.0,167.2,525.0,0.0,0.89,6.1,31.0,7.7,30.4,1,6/6/2025 10:05:40 AM
5/30/2025 8:00:00 AM,5/30/2025 4:00:00 AM,525,192.0,75.6,90.1,167.8,525.0,0.0,0.92,6.1,31.0,7.2,43.2,1,6/6/2025 10:05:40 AM
5/30/2025 9:00:00 AM,5/30/2025 5:00:00 AM,800,310.4,85.3,119.6,285.1,800.0,0.0,0.90,6.1,31.0,5.5,35.7,1,6/6/2025 10:05:40 AM
5/30/2025 10:00:00 AM,5/30/2025 6:00:00 AM,800,313.3,72.3,117.3,297.2,800.0,0.0,0.88,6.1,31.0,5.9,32.7,1,6/6/2025 10:05:40 AM
5/30/2025 11:00:00 AM,5/30/2025 7:00:00 AM,800,323.7,1.9,104.6,369.6,800.0,0.0,0.88,6.1,31.0,6.4,35.7,1,6/6/2025 10:05:40 AM
5/30/2025 12:00:00 PM,5/30/2025 8:00:00 AM,525,198.1,1.9,83.8,241.2,525.0,0.0,0.91,6.1,31.0,5.3,33.4,1,6/6/2025 10:05:40 AM
5/30/2025 1:00:00 PM,5/30/2025 9:00:00 AM,525,195.1,1.7,86.9,241.2,525.0,0.0,0.89,6.1,31.0,5.7,25.1,1,6/6/2025 10:05:40 AM
5/30/2025 2:00:00 PM,5/30/2025 10:00:00 AM,525,193.6,62.3,88.5,180.6,525.0,0.0,0.86,6.1,31.0,9.7,34.8,1,6/6/2025 10:05:40 AM
5/30/2025 3:00:00 PM,5/30/2025 11:00:00 AM,525,193.7,62.3,88.1,180.9,525.0,0.0,0.91,6.1,31.0,8.3,40.2,1,6/6/2025 10:05:40 AM
5/30/2025 4:00:00 PM,5/30/2025 12:00:00 PM,525,237.6,60.6,44.6,182.3,525.0,0.0,0.91,6.1,31.0,8.9,36.8,1,6/6/2025 10:05:40 AM
5/30/2025 5:00:00 PM,5/30/2025 1:00:00 PM,525,191.9,175.8,89.9,67.3,525.0,0.0,0.91,6.1,31.0,5.6,20.4,1,6/6/2025 10:05:40 AM
5/30/2025 6:00:00 PM,5/30/2025 2:00:00 PM,525,191.9,175.8,89.9,67.3,525.0,0.0,0.89,6.1,31.0,5.2,30.4,1,6/6/2025 10:05:40 AM
5/30/2025 7:00:00 PM,5/30/2025 3:00:00 PM,525,191.9,175.8,89.9,67.4,525.0,0.0,0.88,6.1,31.0,11.2,36.7,1,6/6/2025 10:05:40 AM
5/30/2025 8:00:00 PM,5/30/2025 4:00:00 PM,525,191.9,115.2,89.9,127.8,525.0,0.0,0.92,6.1,31.0,5.5,36.9,1,6/6/2025 10:05:40 AM
5/30/2025 9:00:00 PM,5/30/2025 5:00:00 PM,800,311.2,0.0,122.6,366.2,800.0,0.0,0.91,6.1,31.0,5.7,29.4,1,6/6/2025 10:05:40 AM
5/30/2025 10:00:00 PM,5/30/2025 6:00:00 PM,800,311.6,152.4,122.9,213.2,800.0,0.0,0.91,6.1,31.0,6.2,32.9,1,6/6/2025 10:05:40 AM
5/30/2025 11:00:00 PM,5/30/2025 7:00:00 PM,800,303.6,125.2,131.9,239.1,800.0,0.0,0.91,6.1,31.0,8.1,34.9,1,6/6/2025 10:05:40 AM
5/31/2025 12:00:00 AM,5/30/2025 8:00:00 PM,800,303.6,125.2,131.4,239.6,800.0,0.0,0.92,6.1,31.0,4.8,32.3,1,6/6/2025 10:05:40 AM
5/31/2025 1:00:00 AM,5/30/2025 9:00:00 PM,800,304.9,185.8,128.8,180.4,800.0,0.0,0.91,6.1,31.0,9.0,24.1,1,6/6/2025 10:05:40 AM
5/31/2025 2:00:00 AM,5/30/2025 10:00:00 PM,800,308.4,103.9,123.1,264.7,800.0,0.0,0.92,6.1,31.0,1.7,23.1,1,6/6/2025 10:05:40 AM
5/31/2025 3:00:00 AM,5/30/2025 11:00:00 PM,800,308.7,103.9,122.2,265.4,800.0,0.0,0.90,6.1,31.0,5.7,27.4,1,6/6/2025 10:05:40 AM
5/31/2025 4:00:00 AM,5/31/2025 12:00:00 AM,525,200.9,73.6,81.3,169.1,525.0,0.0,0.86,6.1,31.0,3.7,28.5,1,6/6/2025 10:05:40 AM
5/31/2025 5:00:00 AM,5/31/2025 1:00:00 AM,525,200.9,73.6,81.3,169.2,525.0,0.0,0.90,6.1,31.0,7.1,34.6,1,6/6/2025 10:05:40 AM
5/31/2025 6:00:00 AM,5/31/2025 2:00:00 AM,525,214.5,73.6,67.7,169.0,525.0,0.0,0.92,6.1,31.0,4.5,32.4,1,6/6/2025 10:05:40 AM
5/31/2025 7:00:00 AM,5/31/2025 3:00:00 AM,525,215.4,73.6,65.8,170.1,525.0,0.0,0.91,6.1,31.0,1.5,33.5,1,6/6/2025 10:05:40 AM
5/31/2025 8:00:00 AM,5/31/2025 4:00:00 AM,525,192.6,43.5,89.8,199.1,525.0,0.0,0.89,6.1,31.0,7.5,38.5,1,6/6/2025 10:05:40 AM
5/31/2025 9:00:00 AM,5/31/2025 5:00:00 AM,800,307.1,73.6,118.9,300.3,800.0,0.0,0.90,6.1,31.0,6.3,34.2,1,6/6/2025 10:05:40 AM
5/31/2025 10:00:00 AM,5/31/2025 6:00:00 AM,800,301.4,75.6,125.8,297.1,800.0,0.0,0.92,6.1,31.0,3.9,24.0,1,6/6/2025 10:05:40 AM
5/31/2025 11:00:00 AM,5/31/2025 7:00:00 AM,800,311.2,75.6,114.3,298.8,800.0,0.0,0.90,6.1,31.0,5.0,31.3,1,6/6/2025 10:05:40 AM
5/31/2025 12:00:00 PM,5/31/2025 8:00:00 AM,525,189.7,77.5,93.1,164.5,525.0,0.0,0.90,6.1,31.0,6.9,35.2,1,6/6/2025 10:05:40 AM
5/31/2025 1:00:00 PM,5/31/2025 9:00:00 AM,525,186.9,77.5,96.0,164.6,525.0,0.0,0.92,6.1,31.0,4.8,33.8,1,6/6/2025 10:05:40 AM
5/31/2025 2:00:00 PM,5/31/2025 10:00:00 AM,525,186.9,77.5,95.8,164.8,525.0,0.0,0.91,6.1,31.0,5.1,39.7,1,6/6/2025 10:05:40 AM
5/31/2025 3:00:00 PM,5/31/2025 11:00:00 AM,525,186.8,77.5,95.5,165.2,525.0,0.0,0.91,6.1,31.0,7.9,31.7,1,6/6/2025 10:05:40 AM
5/31/2025 4:00:00 PM,5/31/2025 12:00:00 PM,525,230.1,192.6,53.0,49.5,525.0,0.0,0.91,6.1,31.0,6.6,38.2,1,6/6/2025 10:05:40 AM
5/31/2025 5:00:00 PM,5/31/2025 1:00:00 PM,525,230.1,192.6,52.3,50.4,525.2,0.0,0.93,6.1,31.0,11.5,35.6,1,6/6/2025 10:05:40 AM
5/31/2025 6:00:00 PM,5/31/2025 2:00:00 PM,525,230.0,192.6,53.0,49.3,525.0,0.0,0.92,6.1,31.0,5.7,23.9,1,6/6/2025 10:05:40 AM
5/31/2025 7:00:00 PM,5/31/2025 3:00:00 PM,525,184.8,192.6,97.4,54.7,529.3,0.0,0.92,6.1,31.0,9.3,30.0,1,6/6/2025 10:05:40 AM
5/31/2025 8:00:00 PM,5/31/2025 4:00:00 PM,525,190.2,77.5,91.9,165.2,525.0,0.0,0.91,6.1,31.0,7.2,27.4,1,6/6/2025 10:05:40 AM
5/31/2025 9:00:00 PM,5/31/2025 5:00:00 PM,800,307.3,77.5,127.3,288.4,800.0,0.0,0.91,6.1,31.0,6.7,32.4,1,6/6/2025 10:05:40 AM
5/31/2025 10:00:00 PM,5/31/2025 6:00:00 PM,800,307.3,159.4,125.9,207.7,800.0,0.0,0.89,6.1,31.0,5.7,29.3,1,6/6/2025 10:05:40 AM
5/31/2025 11:00:00 PM,5/31/2025 7:00:00 PM,800,307.1,98.7,125.3,269.5,800.0,0.0,0.92,6.1,31.0,5.0,27.5,1,6/6/2025 10:05:40 AM
6/1/2025 12:00:00 AM,5/31/2025 8:00:00 PM,800,307.1,98.7,125.6,269.2,800.0,0.0,0.93,6.1,31.0,5.7,32.5,1,6/6/2025 10:05:40 AM
6/1/2025 1:00:00 AM,5/31/2025 9:00:00 PM,800,308.6,81.9,123.4,286.1,800.0,0.0,0.93,6.1,31.0,4.3,24.6,1,6/6/2025 10:05:40 AM
6/1/2025 2:00:00 AM,5/31/2025 10:00:00 PM,800,308.5,0.0,122.6,368.9,800.0,0.0,0.92,6.1,31.0,2.1,27.4,1,6/6/2025 10:05:40 AM
6/1/2025 3:00:00 AM,5/31/2025 11:00:00 PM,800,307.7,104.0,122.1,266.1,800.0,0.0,0.91,6.1,31.0,0.9,27.3,1,6/6/2025 10:05:40 AM
6/1/2025 4:00:00 AM,6/1/2025 12:00:00 AM,525,206.2,60.3,76.0,182.4,525.0,0.0,0.90,6.1,31.1,4.6,23.5,1,7/4/2025 10:05:37 AM
6/1/2025 5:00:00 AM,6/1/2025 1:00:00 AM,525,206.2,60.3,76.0,182.6,525.0,0.0,0.93,6.1,31.1,6.2,26.3,1,7/4/2025 10:05:37 AM
6/1/2025 6:00:00 AM,6/1/2025 2:00:00 AM,525,218.8,60.3,63.8,182.4,525.0,0.0,0.90,6.1,31.1,5.4,32.6,1,7/4/2025 10:05:37 AM
6/1/2025 7:00:00 AM,6/1/2025 3:00:00 AM,525,219.0,60.3,63.4,182.5,525.0,0.0,0.90,6.1,31.1,6.7,39.0,1,7/4/2025 10:05:37 AM
6/1/2025 8:00:00 AM,6/1/2025 4:00:00 AM,525,197.9,60.3,84.4,182.6,525.0,0.0,0.90,6.1,31.1,5.6,32.7,1,7/4/2025 10:05:37 AM
6/1/2025 9:00:00 AM,6/1/2025 5:00:00 AM,800,312.5,103.8,110.1,273.6,800.0,0.0,0.90,6.1,31.1,3.9,28.6,1,7/4/2025 10:05:37 AM
6/1/2025 10:00:00 AM,6/1/2025 6:00:00 AM,800,311.4,103.8,116.0,268.9,800.0,0.0,0.90,6.1,31.1,5.2,37.3,1,7/4/2025 10:05:37 AM
6/1/2025 11:00:00 AM,6/1/2025 7:00:00 AM,800,321.6,103.8,102.7,271.9,800.0,0.0,0.91,6.1,31.1,4.0,28.0,1,7/4/2025 10:05:37 AM
6/1/2025 12:00:00 PM,6/1/2025 8:00:00 AM,800,313.9,73.4,109.5,303.3,800.0,0.0,0.90,6.1,31.1,5.0,31.0,1,7/4/2025 10:05:37 AM
6/1/2025 1:00:00 PM,6/1/2025 9:00:00 AM,800,312.5,73.4,109.8,304.4,800.0,0.0,0.91,6.1,31.1,5.6,34.3,1,7/4/2025 10:05:37 AM
6/1/2025 2:00:00 PM,6/1/2025 10:00:00 AM,800,313.0,73.4,108.2,305.3,800.0,0.0,0.89,6.1,31.1,5.2,30.6,1,7/4/2025 10:05:37 AM
6/1/2025 3:00:00 PM,6/1/2025 11:00:00 AM,800,313.4,73.4,107.1,306.3,800.0,0.0,0.89,6.1,31.1,6.1,34.0,1,7/4/2025 10:05:37 AM
6/1/2025 4:00:00 PM,6/1/2025 12:00:00 PM,800,337.0,73.4,78.3,311.2,800.0,0.0,0.92,6.1,31.1,6.0,39.1,1,7/4/2025 10:05:37 AM
6/1/2025 5:00:00 PM,6/1/2025 1:00:00 PM,800,336.9,73.4,74.8,314.8,800.0,0.0,0.92,6.1,31.1,7.9,32.2,1,7/4/2025 10:05:37 AM
6/1/2025 6:00:00 PM,6/1/2025 2:00:00 PM,525,237.8,188.6,31.6,69.8,527.5,0.0,0.95,6.1,31.1,8.1,37.1,1,7/4/2025 10:05:37 AM
6/1/2025 7:00:00 PM,6/1/2025 3:00:00 PM,525,195.6,188.6,86.1,55.5,526.0,0.0,0.92,6.1,31.1,6.7,35.1,1,7/4/2025 10:05:37 AM
6/1/2025 8:00:00 PM,6/1/2025 4:00:00 PM,525,195.5,73.4,86.7,169.6,525.2,0.0,0.92,6.1,31.1,10.5,41.0,1,7/4/2025 10:05:37 AM
6/1/2025 9:00:00 PM,6/1/2025 5:00:00 PM,525,195.5,73.4,86.7,169.3,525.0,0.0,0.95,6.1,31.1,5.6,18.8,1,7/4/2025 10:05:36 AM
6/1/2025 10:00:00 PM,6/1/2025 6:00:00 PM,800,310.7,155.3,95.9,238.5,800.0,0.0,0.92,6.1,31.1,8.2,31.8,1,7/4/2025 10:05:36 AM
6/1/2025 11:00:00 PM,6/1/2025 7:00:00 PM,800,311.4,125.3,120.3,243.2,800.0,0.0,0.91,6.1,31.1,5.9,30.4,1,7/4/2025 10:05:36 AM
6/2/2025 12:00:00 AM,6/1/2025 8:00:00 PM,800,310.0,125.3,124.6,240.3,800.0,0.0,0.92,6.1,31.1,5.7,32.7,1,7/4/2025 10:05:37 AM
6/2/2025 1:00:00 AM,6/1/2025 9:00:00 PM,800,312.9,125.3,117.4,244.1,800.0,0.0,0.93,6.1,31.1,2.7,28.0,1,7/4/2025 10:05:37 AM
6/2/2025 2:00:00 AM,6/1/2025 10:00:00 PM,800,311.4,73.4,119.6,295.4,800.0,0.0,0.92,6.1,31.1,5.9,30.4,1,7/4/2025 10:05:37 AM
6/2/2025 3:00:00 AM,6/1/2025 11:00:00 PM,800,311.2,73.4,116.7,298.6,800.0,0.0,0.92,6.1,31.1,1.9,27.6,1,7/4/2025 10:05:37 AM
6/2/2025 4:00:00 AM,6/2/2025 12:00:00 AM,525,205.4,103.9,77.0,138.8,525.0,0.0,0.93,6.2,31.2,9.7,23.1,1,7/4/2025 10:05:37 AM
6/2/2025 5:00:00 AM,6/2/2025 1:00:00 AM,525,205.3,60.4,77.1,182.3,525.0,0.0,0.92,6.2,31.2,8.0,35.4,1,7/4/2025 10:05:37 AM
6/2/2025 6:00:00 AM,6/2/2025 2:00:00 AM,525,217.9,103.9,64.4,138.9,525.0,0.0,0.92,6.2,31.2,6.9,39.7,1,7/4/2025 10:05:37 AM
6/2/2025 7:00:00 AM,6/2/2025 3:00:00 AM,525,261.1,103.9,22.2,137.8,525.0,0.0,0.92,6.2,31.2,6.0,36.1,1,7/4/2025 10:05:37 AM
6/2/2025 8:00:00 AM,6/2/2025 4:00:00 AM,525,197.9,103.9,84.5,138.9,525.0,0.0,0.93,6.2,31.2,8.3,36.2,1,7/4/2025 10:05:37 AM
6/2/2025 9:00:00 AM,6/2/2025 5:00:00 AM,800,311.2,103.9,117.4,267.7,800.0,0.0,0.90,6.2,31.2,6.8,30.2,1,7/4/2025 10:05:37 AM
6/2/2025 10:00:00 AM,6/2/2025 6:00:00 AM,800,311.4,103.9,120.5,264.5,800.0,0.0,0.93,6.2,31.2,5.4,26.1,1,7/4/2025 10:05:37 AM
6/2/2025 11:00:00 AM,6/2/2025 7:00:00 AM,800,320.8,103.9,107.9,267.7,800.0,0.0,0.89,6.2,31.2,1.7,23.4,1,7/4/2025 10:05:37 AM
6/2/2025 12:00:00 PM,6/2/2025 8:00:00 AM,800,311.9,60.4,120.0,307.7,800.0,0.0,0.91,6.2,31.2,3.7,32.6,1,7/4/2025 10:05:37 AM
6/2/2025 1:00:00 PM,6/2/2025 9:00:00 AM,800,310.1,60.4,120.1,309.6,800.0,0.0,0.89,6.2,31.2,6.7,33.2,1,7/4/2025 10:05:37 AM
6/2/2025 2:00:00 PM,6/2/2025 10:00:00 AM,800,317.9,60.4,109.2,312.7,800.0,0.0,0.90,6.2,31.2,7.3,29.8,1,7/4/2025 10:05:37 AM
6/2/2025 3:00:00 PM,6/2/2025 11:00:00 AM,800,316.6,60.4,108.8,314.2,800.0,0.0,0.91,6.2,31.2,6.4,30.8,1,7/4/2025 10:05:37 AM
6/2/2025 4:00:00 PM,6/2/2025 12:00:00 PM,800,343.6,61.9,68.3,326.4,800.0,0.0,0.92,6.2,31.2,6.9,31.6,1,7/4/2025 10:05:37 AM
6/2/2025 5:00:00 PM,6/2/2025 1:00:00 PM,800,314.7,61.9,104.5,318.8,800.0,0.0,0.91,6.2,31.2,6.4,34.9,1,7/4/2025 10:05:37 AM
6/2/2025 6:00:00 PM,6/2/2025 2:00:00 PM,525,204.7,61.9,78.3,179.8,525.0,0.0,0.90,6.2,31.2,7.6,40.9,1,7/4/2025 10:05:37 AM
6/2/2025 7:00:00 PM,6/2/2025 3:00:00 PM,525,204.6,61.9,78.3,179.8,525.0,0.0,0.93,6.2,31.2,7.2,33.4,1,7/4/2025 10:05:37 AM
6/2/2025 8:00:00 PM,6/2/2025 4:00:00 PM,525,203.4,1.5,79.0,241.1,525.0,0.0,0.90,6.2,31.2,7.6,38.4,1,7/4/2025 10:05:37 AM
6/2/2025 9:00:00 PM,6/2/2025 5:00:00 PM,525,205.3,5.0,77.0,237.6,525.0,0.0,0.91,6.2,31.2,6.1,34.6,1,7/4/2025 10:05:37 AM
6/2/2025 10:00:00 PM,6/2/2025 6:00:00 PM,800,320.6,86.9,109.9,282.8,800.0,0.0,0.89,6.2,31.2,5.5,32.1,1,7/4/2025 10:05:37 AM
6/2/2025 11:00:00 PM,6/2/2025 7:00:00 PM,800,313.8,83.4,119.2,283.7,800.0,0.0,0.92,6.2,31.2,4.7,30.2,1,7/4/2025 10:05:37 AM
6/3/2025 12:00:00 AM,6/2/2025 8:00:00 PM,800,312.4,83.4,123.5,280.7,800.0,0.0,0.93,6.2,31.2,2.5,28.7,1,7/4/2025 10:05:37 AM
6/3/2025 1:00:00 AM,6/2/2025 9:00:00 PM,800,313.7,83.4,121.1,281.9,800.0,0.0,0.91,6.2,31.2,3.3,25.1,1,7/4/2025 10:05:36 AM
6/3/2025 2:00:00 AM,6/2/2025 10:00:00 PM,800,313.1,1.5,120.1,365.4,800.0,0.0,0.86,6.2,31.2,4.9,20.0,1,7/4/2025 10:05:36 AM
6/3/2025 3:00:00 AM,6/2/2025 11:00:00 PM,800,313.9,61.9,117.1,307.4,800.0,0.0,0.86,6.2,31.2,3.1,29.3,1,7/4/2025 10:05:36 AM
6/3/2025 4:00:00 AM,6/3/2025 12:00:00 AM,525,205.1,62.0,77.2,180.5,525.0,0.0,0.86,6.2,31.2,12.3,27.6,1,7/4/2025 10:05:37 AM
6/3/2025 5:00:00 AM,6/3/2025 1:00:00 AM,525,204.9,62.0,77.1,181.0,525.0,0.0,0.89,6.2,31.2,3.2,28.8,1,7/4/2025 10:05:37 AM
6/3/2025 6:00:00 AM,6/3/2025 2:00:00 AM,525,261.8,62.0,21.1,180.3,525.0,0.0,0.87,6.2,31.2,3.2,29.6,1,7/4/2025 10:05:37 AM
6/3/2025 7:00:00 AM,6/3/2025 3:00:00 AM,525,259.7,62.0,23.3,179.9,525.0,0.0,0.89,6.2,31.2,5.0,30.4,1,7/4/2025 10:05:37 AM
6/3/2025 8:00:00 AM,6/3/2025 4:00:00 AM,525,197.1,62.0,85.0,180.9,525.0,0.0,0.94,6.2,31.2,5.1,28.0,1,7/4/2025 10:05:37 AM
6/3/2025 9:00:00 AM,6/3/2025 5:00:00 AM,800,312.4,105.4,115.4,266.6,800.0,0.0,0.91,6.2,31.2,5.2,28.2,1,7/4/2025 10:05:37 AM
6/3/2025 10:00:00 AM,6/3/2025 6:00:00 AM,800,318.5,105.4,110.0,266.0,800.0,0.0,0.90,6.2,31.2,2.7,35.1,1,7/4/2025 10:05:37 AM
6/3/2025 11:00:00 AM,6/3/2025 7:00:00 AM,800,339.6,105.4,82.7,272.1,800.0,0.0,0.93,6.2,31.2,2.0,28.9,1,7/4/2025 10:05:37 AM
6/3/2025 12:00:00 PM,6/3/2025 8:00:00 AM,800,329.4,105.4,96.4,268.6,800.0,0.0,0.90,6.2,31.2,6.5,28.8,1,7/4/2025 10:05:37 AM
6/3/2025 1:00:00 PM,6/3/2025 9:00:00 AM,800,327.1,105.4,96.0,271.5,800.0,0.0,0.91,6.2,31.2,6.3,30.8,1,7/4/2025 10:05:37 AM
6/3/2025 2:00:00 PM,6/3/2025 10:00:00 AM,800,335.6,105.4,83.5,275.7,800.0,0.0,0.86,6.2,31.2,5.9,29.2,1,7/4/2025 10:05:37 AM
6/3/2025 3:00:00 PM,6/3/2025 11:00:00 AM,800,333.4,105.4,86.4,274.6,800.0,0.0,0.89,6.2,31.2,5.8,34.4,1,7/4/2025 10:05:37 AM
6/3/2025 4:00:00 PM,6/3/2025 12:00:00 PM,800,357.9,220.5,45.1,176.5,800.0,0.0,0.89,6.2,31.2,5.9,36.2,1,7/4/2025 10:05:37 AM
6/3/2025 5:00:00 PM,6/3/2025 1:00:00 PM,800,328.6,222.2,86.6,162.6,800.0,0.0,0.92,6.2,31.2,5.2,27.9,1,7/4/2025 10:05:37 AM
6/3/2025 6:00:00 PM,6/3/2025 2:00:00 PM,525,221.7,178.8,60.0,64.4,525.0,0.0,0.88,6.2,31.2,6.5,34.5,1,7/4/2025 10:05:37 AM
6/3/2025 7:00:00 PM,6/3/2025 3:00:00 PM,525,221.7,147.2,60.1,95.9,525.0,0.0,0.91,6.2,31.2,5.5,19.3,1,7/4/2025 10:05:37 AM
6/3/2025 8:00:00 PM,6/3/2025 4:00:00 PM,525,221.8,1.7,59.9,241.4,525.0,0.0,0.92,6.2,31.2,5.2,26.2,1,7/4/2025 10:05:37 AM
6/3/2025 9:00:00 PM,6/3/2025 5:00:00 PM,525,221.9,83.6,60.0,159.4,525.0,0.0,0.92,6.2,31.2,7.8,27.5,1,7/4/2025 10:05:37 AM
6/3/2025 10:00:00 PM,6/3/2025 6:00:00 PM,800,326.5,87.0,93.3,293.2,800.0,0.0,0.91,6.2,31.2,6.6,33.1,1,7/4/2025 10:05:37 AM
6/3/2025 11:00:00 PM,6/3/2025 7:00:00 PM,800,318.7,87.0,105.4,288.5,800.0,0.0,0.91,6.2,31.2,2.9,28.9,1,7/4/2025 10:05:37 AM
6/4/2025 12:00:00 AM,6/3/2025 8:00:00 PM,800,317.3,83.6,111.4,287.6,800.0,0.0,0.92,6.2,31.2,7.5,33.9,1,7/4/2025 10:05:37 AM
6/4/2025 1:00:00 AM,6/3/2025 9:00:00 PM,800,318.5,83.6,107.7,290.3,800.0,0.0,0.93,6.2,31.2,3.2,29.0,1,7/4/2025 10:05:37 AM
6/4/2025 2:00:00 AM,6/3/2025 10:00:00 PM,800,320.9,1.7,101.5,376.0,800.0,0.0,0.87,6.2,31.2,2.4,19.0,1,7/4/2025 10:05:37 AM
6/4/2025 3:00:00 AM,6/3/2025 11:00:00 PM,800,321.6,105.6,99.1,273.6,800.0,0.0,0.89,6.2,31.2,4.7,31.1,1,7/4/2025 10:05:37 AM
6/4/2025 4:00:00 AM,6/4/2025 12:00:00 AM,525,201.8,84.0,80.5,158.6,525.0,0.0,0.91,6.2,31.2,5.3,37.9,1,7/4/2025 10:05:36 AM
6/4/2025 5:00:00 AM,6/4/2025 1:00:00 AM,525,202.9,84.0,79.4,158.7,525.0,0.0,0.88,6.2,31.2,11.8,29.3,1,7/4/2025 10:05:36 AM
6/4/2025 6:00:00 AM,6/4/2025 2:00:00 AM,525,215.1,84.0,66.5,159.4,525.0,0.0,0.92,6.2,31.2,8.3,23.7,1,7/4/2025 10:05:37 AM
6/4/2025 7:00:00 AM,6/4/2025 3:00:00 AM,525,257.3,84.0,26.0,157.7,525.0,0.0,0.92,6.2,31.2,3.1,29.1,1,7/4/2025 10:05:37 AM
6/4/2025 8:00:00 AM,6/4/2025 4:00:00 AM,525,215.0,84.0,66.4,159.6,525.0,0.0,0.92,6.2,31.2,8.2,29.9,1,7/4/2025 10:05:37 AM
6/4/2025 9:00:00 AM,6/4/2025 5:00:00 AM,800,321.3,127.5,97.3,254.1,800.0,0.0,0.91,6.2,31.2,6.3,26.3,1,7/4/2025 10:05:37 AM
6/4/2025 10:00:00 AM,6/4/2025 6:00:00 AM,800,311.9,118.2,115.3,254.3,800.0,0.0,0.92,6.2,31.2,2.3,25.7,1,7/4/2025 10:05:37 AM
6/4/2025 11:00:00 AM,6/4/2025 7:00:00 AM,800,319.2,118.2,106.2,256.2,800.0,0.0,0.91,6.2,31.2,1.9,26.7,1,7/4/2025 10:05:37 AM
6/4/2025 12:00:00 PM,6/4/2025 8:00:00 AM,800,296.5,84.0,124.8,295.1,800.0,0.0,0.91,6.2,31.2,4.3,30.2,1,7/4/2025 10:05:37 AM
6/4/2025 1:00:00 PM,6/4/2025 9:00:00 AM,800,294.4,84.0,122.5,299.0,800.0,0.0,0.88,6.2,31.2,5.6,34.9,1,7/4/2025 10:05:37 AM
6/4/2025 2:00:00 PM,6/4/2025 10:00:00 AM,800,301.6,84.0,110.4,304.2,800.0,0.0,0.91,6.2,31.2,7.2,34.9,1,7/4/2025 10:05:37 AM
6/4/2025 3:00:00 PM,6/4/2025 11:00:00 AM,800,301.5,84.0,106.6,307.5,800.0,0.0,0.87,6.2,31.2,5.6,28.6,1,7/4/2025 10:05:37 AM
6/4/2025 4:00:00 PM,6/4/2025 12:00:00 PM,800,322.7,199.1,79.3,199.0,800.0,0.0,0.90,6.2,31.2,6.8,34.9,1,7/4/2025 10:05:37 AM
6/4/2025 5:00:00 PM,6/4/2025 1:00:00 PM,800,293.9,199.1,122.5,184.5,800.0,0.0,0.91,6.2,31.2,7.5,30.3,1,7/4/2025 10:05:37 AM
6/4/2025 6:00:00 PM,6/4/2025 2:00:00 PM,525,192.0,175.5,90.5,67.2,525.0,0.0,0.95,6.2,31.2,7.6,36.0,1,7/4/2025 10:05:37 AM
6/4/2025 7:00:00 PM,6/4/2025 3:00:00 PM,525,192.0,147.2,90.5,95.3,525.0,0.0,0.92,6.2,31.2,10.9,36.1,1,7/4/2025 10:05:37 AM
6/4/2025 8:00:00 PM,6/4/2025 4:00:00 PM,525,192.0,97.4,90.3,145.5,525.0,0.0,0.91,6.2,31.2,5.9,36.0,1,7/4/2025 10:05:37 AM
6/4/2025 9:00:00 PM,6/4/2025 5:00:00 PM,525,194.0,116.0,88.1,126.7,525.0,0.0,0.93,6.2,31.2,4.7,18.9,1,7/4/2025 10:05:37 AM
6/4/2025 10:00:00 PM,6/4/2025 6:00:00 PM,800,297.6,116.0,128.8,257.8,800.0,0.0,0.89,6.2,31.2,5.6,26.8,1,7/4/2025 10:05:37 AM
6/4/2025 11:00:00 PM,6/4/2025 7:00:00 PM,800,290.8,105.6,134.2,269.3,800.0,0.0,0.91,6.2,31.2,5.3,33.8,1,7/4/2025 10:05:37 AM
6/5/2025 12:00:00 AM,6/4/2025 8:00:00 PM,800,289.7,105.6,139.8,264.9,800.0,0.0,0.92,6.2,31.2,4.7,27.5,1,7/4/2025 10:05:37 AM
6/5/2025 1:00:00 AM,6/4/2025 9:00:00 PM,800,290.9,102.2,137.2,269.8,800.0,0.0,0.92,6.2,31.2,2.2,19.5,1,7/4/2025 10:05:37 AM
6/5/2025 2:00:00 AM,6/4/2025 10:00:00 PM,800,292.2,34.1,134.8,338.9,800.0,0.0,0.82,6.2,31.2,7.8,25.6,1,7/4/2025 10:05:36 AM
6/5/2025 3:00:00 AM,6/4/2025 11:00:00 PM,800,293.6,97.8,130.1,278.6,800.0,0.0,0.88,6.2,31.2,3.6,26.8,1,7/4/2025 10:05:36 AM
6/5/2025 4:00:00 AM,6/5/2025 12:00:00 AM,525,197.7,104.7,84.4,138.2,525.0,0.0,0.84,6.2,31.0,8.3,32.9,1,7/4/2025 10:05:36 AM
6/5/2025 5:00:00 AM,6/5/2025 1:00:00 AM,525,197.7,74.7,84.2,168.3,525.0,0.0,0.90,6.2,31.0,8.2,28.6,1,7/4/2025 10:05:36 AM
6/5/2025 6:00:00 AM,6/5/2025 2:00:00 AM,525,215.4,74.7,66.6,168.3,525.0,0.0,0.86,6.2,31.0,8.2,27.3,1,7/4/2025 10:05:36 AM
6/5/2025 7:00:00 AM,6/5/2025 3:00:00 AM,525,255.2,104.7,27.4,137.6,525.0,0.0,0.87,6.2,31.0,6.8,36.5,1,7/4/2025 10:05:37 AM
6/5/2025 8:00:00 AM,6/5/2025 4:00:00 AM,525,189.1,104.7,93.3,137.9,525.0,0.0,0.90,6.2,31.0,6.1,35.0,1,7/4/2025 10:05:37 AM
6/5/2025 9:00:00 AM,6/5/2025 5:00:00 AM,800,292.8,109.0,123.1,275.1,800.0,0.0,0.89,6.2,31.0,5.3,28.9,1,7/4/2025 10:05:37 AM
6/5/2025 10:00:00 AM,6/5/2025 6:00:00 AM,800,296.3,75.7,121.8,306.2,800.0,0.0,0.88,6.2,31.0,4.0,33.2,1,7/4/2025 10:05:37 AM
6/5/2025 11:00:00 AM,6/5/2025 7:00:00 AM,800,307.8,75.7,110.7,305.9,800.0,0.0,0.90,6.2,31.0,3.2,23.7,1,7/4/2025 10:05:37 AM
6/5/2025 12:00:00 PM,6/5/2025 8:00:00 AM,800,297.8,75.7,123.5,302.8,800.0,0.0,0.90,6.2,31.0,3.9,32.4,1,7/4/2025 10:05:37 AM
6/5/2025 1:00:00 PM,6/5/2025 9:00:00 AM,800,295.4,75.7,125.3,303.6,800.0,0.0,0.89,6.2,31.0,2.5,30.3,1,7/4/2025 10:05:37 AM
6/5/2025 2:00:00 PM,6/5/2025 10:00:00 AM,800,302.2,75.7,115.5,306.6,800.0,0.0,0.91,6.2,31.0,3.4,34.2,1,7/4/2025 10:05:37 AM
6/5/2025 3:00:00 PM,6/5/2025 11:00:00 AM,800,303.1,75.7,113.5,307.7,800.0,0.0,0.89,6.2,31.0,5.3,26.7,1,7/4/2025 10:05:37 AM
6/5/2025 4:00:00 PM,6/5/2025 12:00:00 PM,800,328.1,75.7,74.7,321.8,800.0,0.0,0.91,6.2,31.0,4.9,32.8,1,7/4/2025 10:05:37 AM
6/5/2025 5:00:00 PM,6/5/2025 1:00:00 PM,800,301.8,1.7,111.5,385.0,800.0,0.0,0.91,6.2,31.0,5.5,28.5,1,7/4/2025 10:05:37 AM
6/5/2025 6:00:00 PM,6/5/2025 2:00:00 PM,525,202.9,83.6,79.7,158.9,525.0,0.0,0.89,6.2,31.0,5.3,30.7,1,7/4/2025 10:05:37 AM
6/5/2025 7:00:00 PM,6/5/2025 3:00:00 PM,525,202.9,87.1,79.7,155.4,525.0,0.0,0.92,6.2,31.0,7.6,27.4,1,7/4/2025 10:05:37 AM
6/5/2025 8:00:00 PM,6/5/2025 4:00:00 PM,525,203.0,87.1,79.9,154.7,525.0,0.0,0.92,6.2,31.0,7.5,29.3,1,7/4/2025 10:05:37 AM
6/5/2025 9:00:00 PM,6/5/2025 5:00:00 PM,525,201.8,96.4,80.8,146.1,525.0,0.0,0.94,6.2,31.0,5.6,31.4,1,7/4/2025 10:05:37 AM
6/5/2025 10:00:00 PM,6/5/2025 6:00:00 PM,800,308.4,96.4,122.2,272.9,800.0,0.0,0.90,6.2,31.0,5.8,24.3,1,7/4/2025 10:05:37 AM
6/5/2025 11:00:00 PM,6/5/2025 7:00:00 PM,800,299.4,96.4,136.9,267.3,800.0,0.0,0.93,6.2,31.0,5.1,24.0,1,7/4/2025 10:05:37 AM
6/6/2025 12:00:00 AM,6/5/2025 8:00:00 PM,800,299.5,96.4,136.2,268.0,800.0,0.0,0.92,6.2,31.0,4.9,26.2,1,7/4/2025 10:05:37 AM
6/6/2025 1:00:00 AM,6/5/2025 9:00:00 PM,800,303.0,25.7,129.0,342.1,800.0,0.0,0.92,6.2,31.0,4.6,23.9,1,7/4/2025 10:05:37 AM
6/6/2025 2:00:00 AM,6/5/2025 10:00:00 PM,800,303.7,99.7,129.8,267.0,800.0,0.0,0.89,6.2,31.0,4.7,25.2,1,7/4/2025 10:05:37 AM
6/6/2025 3:00:00 AM,6/5/2025 11:00:00 PM,800,304.8,99.7,126.5,269.2,800.0,0.0,0.91,6.2,31.0,5.9,21.0,1,7/4/2025 10:05:37 AM
6/6/2025 4:00:00 AM,6/6/2025 12:00:00 AM,525,199.8,128.9,82.6,113.5,525.0,0.0,0.91,6.2,31.2,5.8,28.1,1,7/4/2025 10:05:37 AM
6/6/2025 5:00:00 AM,6/6/2025 1:00:00 AM,525,199.9,128.9,82.4,113.6,525.0,0.0,0.89,6.2,31.2,6.7,23.6,1,7/4/2025 10:05:37 AM
6/6/2025 6:00:00 AM,6/6/2025 2:00:00 AM,525,215.3,128.9,67.1,113.5,525.0,0.0,0.93,6.2,31.2,3.7,31.9,1,7/4/2025 10:05:37 AM
6/6/2025 7:00:00 AM,6/6/2025 3:00:00 AM,525,258.3,128.9,24.8,113.0,525.0,0.0,0.88,6.2,31.2,5.4,30.3,1,7/4/2025 10:05:37 AM
6/6/2025 8:00:00 AM,6/6/2025 4:00:00 AM,525,195.8,80.2,86.3,162.7,525.0,0.0,0.90,6.2,31.2,4.5,25.3,1,7/4/2025 10:05:37 AM
6/6/2025 9:00:00 AM,6/6/2025 5:00:00 AM,800,308.7,123.9,116.8,250.5,800.0,0.0,0.90,6.2,31.2,5.8,21.3,1,7/4/2025 10:05:36 AM
6/6/2025 10:00:00 AM,6/6/2025 6:00:00 AM,800,305.4,119.2,123.8,251.5,800.0,0.0,0.88,6.2,31.2,6.6,28.7,1,7/4/2025 10:05:36 AM
6/6/2025 11:00:00 AM,6/6/2025 7:00:00 AM,800,317.3,105.2,109.0,268.4,800.0,0.0,0.89,6.2,31.2,5.1,34.7,1,7/4/2025 10:05:36 AM
6/6/2025 12:00:00 PM,6/6/2025 8:00:00 AM,800,305.6,146.3,127.6,220.0,800.0,0.0,0.91,6.2,31.2,5.0,34.7,1,7/4/2025 10:05:36 AM
6/6/2025 1:00:00 PM,6/6/2025 9:00:00 AM,800,303.3,75.9,129.6,291.1,800.0,0.0,0.90,6.2,31.2,5.4,28.6,1,7/4/2025 10:05:36 AM
6/6/2025 2:00:00 PM,6/6/2025 10:00:00 AM,800,311.8,146.3,118.3,223.5,800.0,0.0,0.88,6.2,31.2,5.5,32.0,1,7/4/2025 10:05:36 AM
6/6/2025 3:00:00 PM,6/6/2025 11:00:00 AM,800,312.7,146.3,116.0,224.8,800.0,0.0,0.93,6.2,31.2,7.2,31.9,1,7/4/2025 10:05:37 AM
6/6/2025 4:00:00 PM,6/6/2025 12:00:00 PM,800,339.5,231.0,80.2,148.8,800.0,0.0,0.92,6.2,31.2,7.6,26.9,1,7/4/2025 10:05:37 AM
6/6/2025 5:00:00 PM,6/6/2025 1:00:00 PM,800,311.6,187.3,115.7,184.9,800.0,0.0,0.91,6.2,31.2,4.1,25.6,1,7/4/2025 10:05:37 AM
6/6/2025 6:00:00 PM,6/6/2025 2:00:00 PM,525,199.7,271.0,60.9,0.0,531.7,0.0,0.95,6.2,31.2,5.8,30.9,1,7/4/2025 10:05:37 AM
6/6/2025 7:00:00 PM,6/6/2025 3:00:00 PM,525,199.2,242.9,82.9,0.0,525.0,0.0,0.94,6.2,31.2,4.7,19.0,1,7/4/2025 10:05:37 AM
6/6/2025 8:00:00 PM,6/6/2025 4:00:00 PM,525,199.7,140.3,82.9,101.8,525.0,0.0,0.90,6.2,31.2,8.8,34.3,1,7/4/2025 10:05:37 AM
6/6/2025 9:00:00 PM,6/6/2025 5:00:00 PM,525,200.4,138.4,81.7,104.1,525.0,0.0,0.91,6.2,31.2,6.2,29.4,1,7/4/2025 10:05:37 AM
6/6/2025 10:00:00 PM,6/6/2025 6:00:00 PM,800,314.7,101.0,116.9,267.2,800.0,0.0,0.92,6.2,31.2,5.1,26.4,1,7/4/2025 10:05:37 AM
6/6/2025 11:00:00 PM,6/6/2025 7:00:00 PM,800,305.6,87.1,130.8,276.3,800.0,0.0,0.92,6.2,31.2,7.2,25.7,1,7/4/2025 10:05:37 AM
6/7/2025 12:00:00 AM,6/6/2025 8:00:00 PM,800,305.7,101.8,130.4,262.1,800.0,0.0,0.93,6.2,31.2,3.4,25.5,1,7/4/2025 10:05:37 AM
6/7/2025 1:00:00 AM,6/6/2025 9:00:00 PM,800,307.0,34.6,128.0,330.0,800.0,0.0,0.93,6.2,31.2,5.4,23.1,1,7/4/2025 10:05:37 AM
6/7/2025 2:00:00 AM,6/6/2025 10:00:00 PM,800,309.6,108.7,122.2,258.9,800.0,0.0,0.91,6.2,31.2,6.2,30.7,1,7/4/2025 10:05:37 AM
6/7/2025 3:00:00 AM,6/6/2025 11:00:00 PM,800,309.9,108.7,121.9,259.2,800.0,0.0,0.91,6.2,31.2,5.9,35.7,1,7/4/2025 10:05:37 AM
6/7/2025 4:00:00 AM,6/7/2025 12:00:00 AM,525,199.6,104.3,82.3,138.9,525.0,0.0,0.91,6.2,31.3,6.6,31.9,1,7/4/2025 10:05:37 AM
6/7/2025 5:00:00 AM,6/7/2025 1:00:00 AM,525,199.6,104.3,82.3,138.9,525.0,0.0,0.88,6.2,31.3,9.2,33.6,1,7/4/2025 10:05:37 AM
6/7/2025 6:00:00 AM,6/7/2025 2:00:00 AM,525,217.2,104.3,65.2,138.4,525.0,0.0,0.92,6.2,31.3,7.3,39.8,1,7/4/2025 10:05:37 AM
6/7/2025 7:00:00 AM,6/7/2025 3:00:00 AM,525,217.2,104.3,65.1,138.4,525.0,0.0,0.93,6.2,31.3,6.5,33.0,1,7/4/2025 10:05:37 AM
6/7/2025 8:00:00 AM,6/7/2025 4:00:00 AM,525,196.0,92.3,86.6,150.1,525.0,0.0,0.86,6.2,31.3,10.9,26.3,1,7/4/2025 10:05:37 AM
6/7/2025 9:00:00 AM,6/7/2025 5:00:00 AM,800,308.4,118.3,117.0,256.3,800.0,0.0,0.88,6.2,31.3,6.1,22.5,1,7/4/2025 10:05:37 AM
6/7/2025 10:00:00 AM,6/7/2025 6:00:00 AM,800,305.6,118.3,122.1,253.7,800.0,0.0,0.90,6.2,31.3,4.4,32.2,1,7/4/2025 10:05:37 AM
6/7/2025 11:00:00 AM,6/7/2025 7:00:00 AM,800,345.7,118.3,69.3,267.0,800.0,0.0,0.89,6.2,31.3,4.8,34.1,1,7/4/2025 10:05:37 AM
6/7/2025 12:00:00 PM,6/7/2025 8:00:00 AM,800,320.3,118.3,107.2,254.4,800.0,0.0,0.88,6.2,31.3,6.2,30.6,1,7/4/2025 10:05:37 AM
6/7/2025 1:00:00 PM,6/7/2025 9:00:00 AM,800,305.7,133.3,127.1,234.0,800.0,0.0,0.89,6.2,31.3,6.7,28.5,1,7/4/2025 10:05:37 AM
6/7/2025 2:00:00 PM,6/7/2025 10:00:00 AM,800,305.7,148.3,126.5,219.4,800.0,0.0,0.89,6.2,31.3,6.7,26.4,1,7/4/2025 10:05:37 AM
6/7/2025 3:00:00 PM,6/7/2025 11:00:00 AM,800,303.3,148.3,127.3,221.2,800.0,0.0,0.88,6.2,31.3,6.6,29.1,1,7/4/2025 10:05:37 AM
6/7/2025 4:00:00 PM,6/7/2025 12:00:00 PM,800,333.5,264.1,86.0,116.2,800.0,0.0,0.90,6.2,31.3,6.3,36.6,1,7/4/2025 10:05:37 AM
6/7/2025 5:00:00 PM,6/7/2025 1:00:00 PM,800,333.4,264.1,85.2,117.2,800.0,0.0,0.90,6.2,31.3,6.7,30.1,1,7/4/2025 10:05:37 AM
6/7/2025 6:00:00 PM,6/7/2025 2:00:00 PM,525,230.0,266.0,38.3,0.0,534.1,0.0,0.93,6.2,31.3,7.4,31.7,1,7/4/2025 10:05:36 AM
6/7/2025 7:00:00 PM,6/7/2025 3:00:00 PM,525,190.4,188.0,92.3,54.3,525.0,0.0,0.92,6.2,31.3,8.0,34.6,1,7/4/2025 10:05:36 AM
6/7/2025 8:00:00 PM,6/7/2025 4:00:00 PM,525,190.1,155.9,92.2,87.0,525.0,0.0,0.88,6.2,31.3,6.3,30.8,1,7/4/2025 10:05:36 AM
6/7/2025 9:00:00 PM,6/7/2025 5:00:00 PM,525,190.1,155.9,92.9,86.3,525.0,0.0,0.92,6.2,31.3,6.6,37.9,1,7/4/2025 10:05:36 AM
6/7/2025 10:00:00 PM,6/7/2025 6:00:00 PM,800,304.7,159.4,124.9,211.0,800.0,0.0,0.92,6.2,31.3,6.9,34.5,1,7/4/2025 10:05:37 AM
6/7/2025 11:00:00 PM,6/7/2025 7:00:00 PM,800,315.3,159.4,112.0,213.4,800.0,0.0,0.94,6.2,31.3,6.4,26.3,1,7/4/2025 10:05:37 AM
6/8/2025 12:00:00 AM,6/7/2025 8:00:00 PM,800,303.1,157.5,127.9,211.5,800.0,0.0,0.94,6.2,31.3,4.2,26.0,1,7/4/2025 10:05:37 AM
6/8/2025 1:00:00 AM,6/7/2025 9:00:00 PM,800,304.6,157.5,126.3,211.5,800.0,0.0,0.93,6.2,31.3,4.5,28.7,1,7/4/2025 10:05:37 AM
6/8/2025 2:00:00 AM,6/7/2025 10:00:00 PM,800,307.4,148.3,121.8,222.4,800.0,0.0,0.91,6.2,31.3,4.6,26.3,1,7/4/2025 10:05:37 AM
6/8/2025 3:00:00 AM,6/7/2025 11:00:00 PM,800,306.6,148.3,121.6,223.3,800.0,0.0,0.90,6.2,31.3,4.0,27.6,1,7/4/2025 10:05:37 AM
6/8/2025 4:00:00 AM,6/8/2025 12:00:00 AM,525,239.6,136.4,42.4,106.6,525.0,0.0,0.90,6.2,31.3,3.7,23.9,1,7/4/2025 10:05:37 AM
6/8/2025 5:00:00 AM,6/8/2025 1:00:00 AM,525,239.7,136.4,42.4,106.5,525.0,0.0,0.93,6.2,31.3,4.1,38.4,1,7/4/2025 10:05:37 AM
6/8/2025 6:00:00 AM,6/8/2025 2:00:00 AM,525,259.4,136.4,23.0,106.4,525.0,0.0,0.88,6.2,31.3,8.7,41.9,1,7/4/2025 10:05:37 AM
6/8/2025 7:00:00 AM,6/8/2025 3:00:00 AM,525,259.8,136.4,22.5,106.4,525.0,0.0,0.92,6.2,31.3,5.3,30.7,1,7/4/2025 10:05:37 AM
6/8/2025 8:00:00 AM,6/8/2025 4:00:00 AM,525,236.1,136.4,46.3,106.3,525.0,0.0,0.92,6.2,31.3,2.0,32.4,1,7/4/2025 10:05:37 AM
6/8/2025 9:00:00 AM,6/8/2025 5:00:00 AM,800,336.1,136.4,81.1,246.3,800.0,0.0,0.90,6.2,31.3,5.7,31.6,1,7/4/2025 10:05:37 AM
6/8/2025 10:00:00 AM,6/8/2025 6:00:00 AM,800,334.7,150.6,77.7,237.2,800.0,0.0,0.92,6.2,31.3,2.7,31.5,1,7/4/2025 10:05:37 AM
6/8/2025 11:00:00 AM,6/8/2025 7:00:00 AM,800,345.9,150.6,63.4,240.0,800.0,0.0,0.90,6.2,31.3,6.8,25.1,1,7/4/2025 10:05:37 AM
6/8/2025 12:00:00 PM,6/8/2025 8:00:00 AM,800,336.7,150.6,80.9,231.7,800.0,0.0,0.91,6.2,31.3,6.2,34.5,1,7/4/2025 10:05:37 AM
6/8/2025 1:00:00 PM,6/8/2025 9:00:00 AM,800,333.1,150.6,89.0,227.7,800.0,0.0,0.91,6.2,31.3,5.7,31.7,1,7/4/2025 10:05:37 AM
6/8/2025 2:00:00 PM,6/8/2025 10:00:00 AM,800,333.2,150.6,89.0,227.5,800.0,0.0,0.93,6.2,31.3,6.2,33.9,1,7/4/2025 10:05:37 AM
6/8/2025 3:00:00 PM,6/8/2025 11:00:00 AM,800,333.6,150.6,89.0,227.1,800.0,0.0,0.89,6.2,31.3,6.2,30.1,1,7/4/2025 10:05:37 AM
6/8/2025 4:00:00 PM,6/8/2025 12:00:00 PM,800,333.9,264.6,89.2,112.3,800.0,0.0,0.93,6.2,31.3,6.7,31.7,1,7/4/2025 10:05:37 AM
6/8/2025 5:00:00 PM,6/8/2025 1:00:00 PM,800,334.0,264.6,87.0,114.8,800.0,0.0,0.92,6.2,31.3,4.1,36.0,1,7/4/2025 10:05:37 AM
6/8/2025 6:00:00 PM,6/8/2025 2:00:00 PM,525,231.2,261.1,46.1,0.1,538.5,0.0,0.94,6.2,31.3,8.0,43.8,1,7/4/2025 10:05:37 AM
6/8/2025 7:00:00 PM,6/8/2025 3:00:00 PM,525,232.2,261.1,43.2,0.1,536.6,0.0,0.95,6.2,31.3,7.6,35.9,1,7/4/2025 10:05:37 AM
6/8/2025 8:00:00 PM,6/8/2025 4:00:00 PM,525,230.1,150.6,53.3,91.2,525.0,0.0,0.92,6.2,31.3,10.0,33.8,1,7/4/2025 10:05:37 AM
6/8/2025 9:00:00 PM,6/8/2025 5:00:00 PM,525,229.2,157.5,55.3,83.1,525.0,0.0,0.92,6.2,31.3,4.3,33.0,1,7/4/2025 10:05:36 AM
6/8/2025 10:00:00 PM,6/8/2025 6:00:00 PM,800,334.0,157.5,84.8,223.7,800.0,0.0,0.91,6.2,31.3,6.7,26.3,1,7/4/2025 10:05:36 AM
6/8/2025 11:00:00 PM,6/8/2025 7:00:00 PM,800,331.9,157.5,93.0,217.5,800.0,0.0,0.92,6.2,31.3,7.8,33.0,1,7/4/2025 10:05:36 AM
6/9/2025 12:00:00 AM,6/8/2025 8:00:00 PM,800,331.7,157.5,94.2,216.3,800.0,0.0,0.93,6.2,31.3,5.3,33.5,1,7/4/2025 10:05:36 AM
6/9/2025 1:00:00 AM,6/8/2025 9:00:00 PM,800,333.3,157.5,92.3,217.0,800.0,0.0,0.92,6.2,31.3,3.8,26.0,1,7/4/2025 10:05:37 AM
6/9/2025 2:00:00 AM,6/8/2025 10:00:00 PM,800,336.6,150.6,84.2,228.5,800.0,0.0,0.93,6.2,31.3,4.7,31.9,1,7/4/2025 10:05:37 AM
6/9/2025 3:00:00 AM,6/8/2025 11:00:00 PM,800,337.0,150.6,77.4,234.8,800.0,0.0,0.91,6.2,31.3,6.1,33.7,1,7/4/2025 10:05:37 AM
6/9/2025 4:00:00 AM,6/9/2025 12:00:00 AM,525,237.5,152.7,44.8,89.9,525.0,0.0,0.93,6.2,31.3,3.3,28.0,1,7/4/2025 10:05:37 AM
6/9/2025 5:00:00 AM,6/9/2025 1:00:00 AM,525,241.2,107.9,41.2,134.6,525.0,0.0,0.91,6.2,31.3,8.2,29.0,1,7/4/2025 10:05:37 AM
6/9/2025 6:00:00 AM,6/9/2025 2:00:00 AM,525,258.8,152.7,24.3,89.4,525.0,0.0,0.91,6.2,31.3,8.0,36.6,1,7/4/2025 10:05:37 AM
6/9/2025 7:00:00 AM,6/9/2025 3:00:00 AM,525,259.0,152.7,23.7,89.6,525.0,0.0,0.91,6.2,31.3,7.0,32.1,1,7/4/2025 10:05:37 AM
6/9/2025 8:00:00 AM,6/9/2025 4:00:00 AM,525,236.2,152.7,47.3,89.0,525.0,0.0,0.94,6.2,31.3,6.7,37.7,1,7/4/2025 10:05:37 AM
6/9/2025 9:00:00 AM,6/9/2025 5:00:00 AM,800,337.6,150.9,79.7,231.8,800.0,0.0,0.92,6.2,31.3,5.3,29.3,1,7/4/2025 10:05:37 AM
6/9/2025 10:00:00 AM,6/9/2025 6:00:00 AM,800,334.8,150.9,88.1,226.5,800.0,0.0,0.90,6.2,31.3,6.0,24.9,1,7/4/2025 10:05:37 AM
6/9/2025 11:00:00 AM,6/9/2025 7:00:00 AM,800,345.7,150.9,74.1,229.3,800.0,0.0,0.91,6.2,31.3,6.9,25.6,1,7/4/2025 10:05:37 AM
6/9/2025 12:00:00 PM,6/9/2025 8:00:00 AM,800,333.8,150.9,87.6,227.8,800.0,0.0,0.90,6.2,31.3,1.5,25.7,1,7/4/2025 10:05:37 AM
6/9/2025 1:00:00 PM,6/9/2025 9:00:00 AM,800,331.6,150.9,88.6,228.6,800.0,0.0,0.90,6.2,31.3,6.1,26.6,1,7/4/2025 10:05:37 AM
6/9/2025 2:00:00 PM,6/9/2025 10:00:00 AM,800,342.1,150.9,78.2,228.7,800.0,0.0,0.91,6.2,31.3,6.0,31.1,1,7/4/2025 10:05:37 AM
6/9/2025 3:00:00 PM,6/9/2025 11:00:00 AM,800,344.4,147.4,75.6,232.5,800.0,0.0,0.92,6.2,31.3,5.2,24.2,1,7/4/2025 10:05:37 AM
6/9/2025 4:00:00 PM,6/9/2025 12:00:00 PM,800,322.9,147.4,106.6,223.2,800.0,0.0,0.92,6.2,31.3,4.4,28.0,1,7/4/2025 10:05:37 AM
6/9/2025 5:00:00 PM,6/9/2025 1:00:00 PM,800,319.7,147.4,109.7,223.2,800.0,0.0,0.92,6.2,31.3,7.9,33.7,1,7/4/2025 10:05:37 AM
6/9/2025 6:00:00 PM,6/9/2025 2:00:00 PM,525,211.9,110.0,70.4,132.3,525.0,0.0,0.91,6.2,31.3,8.9,34.7,1,7/4/2025 10:05:37 AM
6/9/2025 7:00:00 PM,6/9/2025 3:00:00 PM,525,212.0,119.0,70.3,123.3,525.0,0.0,0.90,6.2,31.3,8.9,30.3,1,7/4/2025 10:05:37 AM
6/9/2025 8:00:00 PM,6/9/2025 4:00:00 PM,525,212.0,119.0,70.4,123.2,525.0,0.0,0.91,6.2,31.3,9.7,30.3,1,7/4/2025 10:05:37 AM
6/9/2025 9:00:00 PM,6/9/2025 5:00:00 PM,525,210.7,116.5,71.8,125.8,525.0,0.0,0.93,6.2,31.3,8.5,25.0,1,7/4/2025 10:05:37 AM
6/9/2025 10:00:00 PM,6/9/2025 6:00:00 PM,800,319.5,116.5,115.6,248.7,800.0,0.0,0.90,6.2,31.3,6.9,26.9,1,7/4/2025 10:05:37 AM
6/9/2025 11:00:00 PM,6/9/2025 7:00:00 PM,800,311.6,116.5,125.2,246.7,800.0,0.0,0.90,6.2,31.3,7.3,29.1,1,7/4/2025 10:05:37 AM
6/10/2025 12:00:00 AM,6/9/2025 8:00:00 PM,800,322.6,87.2,112.0,278.1,800.0,0.0,0.92,6.2,31.3,5.3,31.3,1,7/4/2025 10:05:36 AM
6/10/2025 1:00:00 AM,6/9/2025 9:00:00 PM,800,324.1,87.2,109.2,279.5,800.0,0.0,0.92,6.2,31.3,7.3,27.3,1,7/4/2025 10:05:36 AM
6/10/2025 2:00:00 AM,6/9/2025 10:00:00 PM,800,326.0,87.7,103.9,282.3,800.0,0.0,0.90,6.2,31.3,3.8,26.4,1,7/4/2025 10:05:36 AM
6/10/2025 3:00:00 AM,6/9/2025 11:00:00 PM,800,327.5,87.7,100.5,284.5,800.0,0.0,0.93,6.2,31.3,2.1,29.5,1,7/4/2025 10:05:36 AM
6/10/2025 4:00:00 AM,6/10/2025 12:00:00 AM,525,221.0,82.3,62.0,159.7,525.0,0.0,0.89,6.2,31.2,6.3,26.6,1,7/4/2025 10:05:37 AM
6/10/2025 5:00:00 AM,6/10/2025 1:00:00 AM,525,219.2,82.3,64.7,158.9,525.0,0.0,0.88,6.2,31.2,8.8,29.7,1,7/4/2025 10:05:37 AM
6/10/2025 6:00:00 AM,6/10/2025 2:00:00 AM,525,241.9,82.3,41.7,159.1,525.0,0.0,0.89,6.2,31.2,9.9,33.7,1,7/4/2025 10:05:37 AM
6/10/2025 7:00:00 AM,6/10/2025 3:00:00 AM,525,259.1,82.3,24.7,158.8,525.0,0.0,0.89,6.2,31.2,7.3,38.9,1,7/4/2025 10:05:37 AM
6/10/2025 8:00:00 AM,6/10/2025 4:00:00 AM,525,214.2,82.3,70.5,157.8,525.0,0.0,0.90,6.2,31.2,4.6,23.2,1,7/4/2025 10:05:37 AM
6/10/2025 9:00:00 AM,6/10/2025 5:00:00 AM,800,320.8,82.3,103.4,293.4,800.0,0.0,0.87,6.2,31.2,6.8,30.9,1,7/4/2025 10:05:37 AM
6/10/2025 10:00:00 AM,6/10/2025 6:00:00 AM,800,317.7,82.3,111.1,288.9,800.0,0.0,0.89,6.2,31.2,6.2,30.4,1,7/4/2025 10:05:37 AM
6/10/2025 11:00:00 AM,6/10/2025 7:00:00 AM,800,328.4,82.3,98.2,291.3,800.0,0.0,0.88,6.2,31.2,6.6,26.7,1,7/4/2025 10:05:37 AM
6/10/2025 12:00:00 PM,6/10/2025 8:00:00 AM,800,313.3,78.9,112.7,295.6,800.0,0.0,0.92,6.2,31.2,2.7,25.5,1,7/4/2025 10:05:37 AM
6/10/2025 1:00:00 PM,6/10/2025 9:00:00 AM,800,316.6,141.4,110.3,231.8,800.0,0.0,0.89,6.2,31.2,7.3,30.0,1,7/4/2025 10:05:37 AM
6/10/2025 2:00:00 PM,6/10/2025 10:00:00 AM,800,324.0,80.8,101.1,294.2,800.0,0.0,0.88,6.2,31.2,4.3,24.0,1,7/4/2025 10:05:37 AM
6/10/2025 3:00:00 PM,6/10/2025 11:00:00 AM,800,312.4,71.5,116.5,299.5,800.0,0.0,0.86,6.2,31.2,3.5,28.5,1,7/4/2025 10:05:37 AM
6/10/2025 4:00:00 PM,6/10/2025 12:00:00 PM,800,323.6,71.5,57.7,347.3,800.0,0.0,0.88,6.2,31.2,4.3,26.0,1,7/4/2025 10:05:37 AM
6/10/2025 5:00:00 PM,6/10/2025 1:00:00 PM,800,296.7,1.9,95.9,405.3,800.0,0.0,0.90,6.2,31.2,6.0,40.2,1,7/4/2025 10:05:37 AM
6/10/2025 6:00:00 PM,6/10/2025 2:00:00 PM,525,201.7,1.9,81.9,239.6,525.0,0.0,0.95,6.2,31.2,9.4,37.3,1,7/4/2025 10:05:37 AM
6/10/2025 7:00:00 PM,6/10/2025 3:00:00 PM,525,201.3,115.5,81.8,126.5,525.0,0.0,0.91,6.2,31.2,5.9,19.6,1,7/4/2025 10:05:37 AM
6/10/2025 8:00:00 PM,6/10/2025 4:00:00 PM,525,201.4,117.3,81.8,124.6,525.0,0.0,0.95,6.2,31.2,6.7,31.2,1,7/4/2025 10:05:37 AM
6/10/2025 9:00:00 PM,6/10/2025 5:00:00 PM,525,200.8,5.3,82.4,236.6,525.0,0.0,0.94,6.2,31.2,7.0,31.4,1,7/4/2025 10:05:37 AM
6/10/2025 10:00:00 PM,6/10/2025 6:00:00 PM,800,298.1,87.2,97.4,317.3,800.0,0.0,0.94,6.2,31.2,2.2,31.6,1,7/4/2025 10:05:37 AM
6/10/2025 11:00:00 PM,6/10/2025 7:00:00 PM,800,304.3,87.2,131.0,277.5,800.0,0.0,0.93,6.2,31.2,5.8,31.9,1,7/4/2025 10:05:37 AM
6/11/2025 12:00:00 AM,6/10/2025 8:00:00 PM,800,304.3,87.2,132.2,276.2,800.0,0.0,0.92,6.2,31.2,6.7,30.4,1,7/4/2025 10:05:36 AM
6/11/2025 1:00:00 AM,6/10/2025 9:00:00 PM,800,307.6,87.2,125.5,279.7,800.0,0.0,0.90,6.2,31.2,5.3,24.7,1,7/4/2025 10:05:36 AM
6/11/2025 2:00:00 AM,6/10/2025 10:00:00 PM,800,309.2,73.0,122.8,295.4,800.0,0.0,0.85,6.2,31.2,4.3,16.6,1,7/4/2025 10:05:36 AM
6/11/2025 3:00:00 AM,6/10/2025 11:00:00 PM,800,309.5,73.0,121.6,296.3,800.0,0.0,0.90,6.2,31.2,5.3,26.4,1,7/4/2025 10:05:37 AM
6/11/2025 4:00:00 AM,6/11/2025 12:00:00 AM,525,218.1,71.1,64.9,170.9,525.0,0.0,0.90,6.2,31.1,6.0,35.1,1,7/4/2025 10:05:37 AM
6/11/2025 5:00:00 AM,6/11/2025 1:00:00 AM,525,216.8,25.8,66.4,215.9,525.0,0.0,0.89,6.2,31.1,9.1,30.1,1,7/4/2025 10:05:37 AM
6/11/2025 6:00:00 AM,6/11/2025 2:00:00 AM,525,234.9,71.1,47.9,171.0,525.0,0.0,0.90,6.2,31.1,6.0,42.1,1,7/4/2025 10:05:37 AM
6/11/2025 7:00:00 AM,6/11/2025 3:00:00 AM,525,258.6,71.1,25.0,170.2,525.0,0.0,0.89,6.2,31.1,6.5,37.0,1,7/4/2025 10:05:37 AM
6/11/2025 8:00:00 AM,6/11/2025 4:00:00 AM,525,210.8,71.1,72.2,170.9,525.0,0.0,0.90,6.2,31.1,7.4,31.6,1,7/4/2025 10:05:37 AM
6/11/2025 9:00:00 AM,6/11/2025 5:00:00 AM,800,317.9,86.5,111.1,284.5,800.0,0.0,0.92,6.2,31.1,5.4,30.6,1,7/4/2025 10:05:37 AM
6/11/2025 10:00:00 AM,6/11/2025 6:00:00 AM,800,314.8,86.5,118.7,280.3,800.0,0.0,0.89,6.2,31.1,4.7,24.7,1,7/4/2025 10:05:37 AM
6/11/2025 11:00:00 AM,6/11/2025 7:00:00 AM,800,325.8,86.5,104.1,283.6,800.0,0.0,0.91,6.2,31.1,3.5,21.5,1,7/4/2025 10:05:37 AM
6/11/2025 12:00:00 PM,6/11/2025 8:00:00 AM,800,313.5,86.5,118.0,281.6,800.0,0.0,0.85,6.2,31.1,7.2,25.3,1,7/4/2025 10:05:37 AM
6/11/2025 1:00:00 PM,6/11/2025 9:00:00 AM,800,310.4,63.2,121.4,305.0,800.0,0.0,0.92,6.2,31.1,3.9,24.1,1,7/4/2025 10:05:37 AM
6/11/2025 2:00:00 PM,6/11/2025 10:00:00 AM,800,318.3,97.7,110.1,273.9,800.0,0.0,0.89,6.2,31.1,2.8,26.2,1,7/4/2025 10:05:37 AM
6/11/2025 3:00:00 PM,6/11/2025 11:00:00 AM,800,319.2,97.7,108.3,274.8,800.0,0.0,0.87,6.2,31.1,6.4,29.0,1,7/4/2025 10:05:37 AM
6/11/2025 4:00:00 PM,6/11/2025 12:00:00 PM,800,318.1,97.7,108.4,275.9,800.0,0.0,0.89,6.2,31.1,6.2,30.9,1,7/4/2025 10:05:37 AM
6/11/2025 5:00:00 PM,6/11/2025 1:00:00 PM,800,318.8,101.1,105.2,274.6,800.0,0.0,0.90,6.2,31.1,4.6,29.8,1,7/4/2025 10:05:37 AM
6/11/2025 6:00:00 PM,6/11/2025 2:00:00 PM,525,213.2,24.6,70.2,216.9,525.0,0.0,0.92,6.2,31.1,8.8,34.8,1,7/4/2025 10:05:37 AM
6/11/2025 7:00:00 PM,6/11/2025 3:00:00 PM,525,212.8,147.4,70.7,94.0,525.0,0.0,0.89,6.2,31.1,6.9,30.4,1,7/4/2025 10:05:37 AM
6/11/2025 8:00:00 PM,6/11/2025 4:00:00 PM,525,212.8,115.9,70.8,125.3,525.0,0.0,0.92,6.2,31.1,5.3,28.1,1,7/4/2025 10:05:37 AM
6/11/2025 9:00:00 PM,6/11/2025 5:00:00 PM,525,214.1,115.9,69.6,125.4,525.0,0.0,0.92,6.2,31.1,7.7,25.5,1,7/4/2025 10:05:37 AM
6/11/2025 10:00:00 PM,6/11/2025 6:00:00 PM,800,321.6,115.9,111.5,250.8,800.0,0.0,0.92,6.2,31.1,6.0,28.2,1,7/4/2025 10:05:37 AM
6/11/2025 11:00:00 PM,6/11/2025 7:00:00 PM,800,326.1,115.9,103.2,255.0,800.0,0.0,0.91,6.2,31.1,5.8,23.3,1,7/4/2025 10:05:37 AM
6/12/2025 12:00:00 AM,6/11/2025 8:00:00 PM,800,326.0,115.9,104.6,253.4,800.0,0.0,0.92,6.2,31.1,2.6,26.1,1,7/4/2025 10:05:37 AM
6/12/2025 1:00:00 AM,6/11/2025 9:00:00 PM,800,327.2,112.4,103.3,257.1,800.0,0.0,0.95,6.2,31.1,1.0,23.3,1,7/4/2025 10:05:36 AM
6/12/2025 2:00:00 AM,6/11/2025 10:00:00 PM,800,329.7,81.1,99.2,289.8,800.0,0.0,0.90,6.2,31.1,4.1,26.0,1,7/4/2025 10:05:37 AM
6/12/2025 3:00:00 AM,6/11/2025 11:00:00 PM,800,330.6,81.1,94.5,293.9,800.0,0.0,0.91,6.2,31.1,3.6,25.5,1,7/4/2025 10:05:37 AM
6/12/2025 4:00:00 AM,6/12/2025 12:00:00 AM,525,229.5,76.9,54.5,164.0,525.0,0.0,0.88,6.2,31.1,8.1,27.8,1,7/4/2025 10:05:37 AM
6/12/2025 5:00:00 AM,6/12/2025 1:00:00 AM,525,221.2,20.9,62.2,221.1,525.0,0.0,0.92,6.2,31.1,7.8,32.8,1,7/4/2025 10:05:37 AM
6/12/2025 6:00:00 AM,6/12/2025 2:00:00 AM,525,253.2,66.3,30.6,174.9,525.0,0.0,0.89,6.2,31.1,7.6,31.1,1,7/4/2025 10:05:37 AM
6/12/2025 7:00:00 AM,6/12/2025 3:00:00 AM,525,243.3,66.3,41.0,174.5,525.0,0.0,0.90,6.2,31.1,6.5,35.1,1,7/4/2025 10:05:37 AM
6/12/2025 8:00:00 AM,6/12/2025 4:00:00 AM,525,211.8,56.9,72.7,183.6,525.0,0.0,0.92,6.2,31.1,4.0,32.0,1,7/4/2025 10:05:37 AM
6/12/2025 9:00:00 AM,6/12/2025 5:00:00 AM,800,320.6,65.2,98.8,315.5,800.0,0.0,0.92,6.2,31.1,4.5,23.9,1,7/4/2025 10:05:37 AM
6/12/2025 10:00:00 AM,6/12/2025 6:00:00 AM,800,324.7,65.2,96.8,313.1,800.0,0.0,0.92,6.2,31.1,2.0,24.2,1,7/4/2025 10:05:37 AM
6/12/2025 11:00:00 AM,6/12/2025 7:00:00 AM,800,339.5,66.6,76.4,317.2,800.0,0.0,0.90,6.2,31.1,3.4,32.0,1,7/4/2025 10:05:37 AM
6/12/2025 12:00:00 PM,6/12/2025 8:00:00 AM,800,327.1,66.6,90.5,315.6,800.0,0.0,0.89,6.2,31.1,5.4,24.8,1,7/4/2025 10:05:37 AM
6/12/2025 1:00:00 PM,6/12/2025 9:00:00 AM,800,319.7,68.0,101.0,311.7,800.0,0.0,0.88,6.2,31.1,7.9,24.6,1,7/4/2025 10:05:37 AM
6/12/2025 2:00:00 PM,6/12/2025 10:00:00 AM,800,317.9,68.0,103.4,310.7,800.0,0.0,0.89,6.2,31.1,6.3,29.3,1,7/4/2025 10:05:37 AM
6/12/2025 3:00:00 PM,6/12/2025 11:00:00 AM,800,299.2,68.0,128.4,304.3,800.0,0.0,0.92,6.2,31.1,2.4,29.5,1,7/4/2025 10:05:37 AM
6/12/2025 4:00:00 PM,6/12/2025 12:00:00 PM,800,298.9,20.6,127.6,353.0,800.0,0.0,0.91,6.2,31.1,6.3,31.9,1,7/4/2025 10:05:37 AM
6/12/2025 5:00:00 PM,6/12/2025 1:00:00 PM,800,299.0,24.0,128.2,348.7,800.0,0.0,0.90,6.2,31.1,4.1,26.3,1,7/4/2025 10:05:37 AM
6/12/2025 6:00:00 PM,6/12/2025 2:00:00 PM,525,185.6,128.2,98.2,113.0,525.0,0.0,0.92,6.2,31.1,7.0,27.3,1,7/4/2025 10:05:37 AM
6/12/2025 7:00:00 PM,6/12/2025 3:00:00 PM,525,191.2,96.5,92.8,144.4,525.0,0.0,0.93,6.2,31.1,9.5,25.7,1,7/4/2025 10:05:37 AM
6/12/2025 8:00:00 PM,6/12/2025 4:00:00 PM,525,183.8,96.5,100.3,144.4,525.0,0.0,0.91,6.2,31.1,3.2,36.9,1,7/4/2025 10:05:37 AM
6/12/2025 9:00:00 PM,6/12/2025 5:00:00 PM,525,186.2,96.5,98.0,144.4,525.0,0.0,0.93,6.2,31.1,7.6,26.6,1,7/4/2025 10:05:37 AM
6/12/2025 10:00:00 PM,6/12/2025 6:00:00 PM,800,300.2,96.5,133.7,269.9,800.0,0.0,0.89,6.2,31.1,4.5,15.9,1,7/4/2025 10:05:37 AM
6/12/2025 11:00:00 PM,6/12/2025 7:00:00 PM,800,291.5,96.5,143.1,268.7,800.0,0.0,0.93,6.2,31.1,4.7,23.5,1,7/4/2025 10:05:37 AM
6/13/2025 12:00:00 AM,6/12/2025 8:00:00 PM,800,294.5,93.1,142.1,270.3,800.0,0.0,0.92,6.2,31.1,3.5,24.2,1,7/4/2025 10:05:37 AM
6/13/2025 1:00:00 AM,6/12/2025 9:00:00 PM,800,300.8,93.1,133.1,273.3,800.0,0.0,0.93,6.2,31.1,3.2,24.8,1,7/4/2025 10:05:37 AM
6/13/2025 2:00:00 AM,6/12/2025 10:00:00 PM,800,297.7,87.1,134.9,280.1,800.0,0.0,0.89,6.2,31.1,4.2,28.0,1,7/4/2025 10:05:37 AM
6/13/2025 3:00:00 AM,6/12/2025 11:00:00 PM,800,298.4,85.7,129.9,286.0,800.0,0.0,0.90,6.2,31.1,4.7,23.5,1,7/4/2025 10:05:37 AM
6/13/2025 4:00:00 AM,6/13/2025 12:00:00 AM,525,200.5,107.2,82.7,134.8,525.0,0.0,0.91,6.2,31.1,5.3,22.8,1,7/4/2025 10:05:37 AM
6/13/2025 5:00:00 AM,6/13/2025 1:00:00 AM,525,196.1,107.2,87.4,134.3,525.0,0.0,0.90,6.2,31.1,5.5,29.2,1,7/4/2025 10:05:37 AM
6/13/2025 6:00:00 AM,6/13/2025 2:00:00 AM,525,253.2,88.5,30.6,152.5,525.0,0.0,0.85,6.2,31.1,5.3,35.2,1,7/4/2025 10:05:37 AM
6/13/2025 7:00:00 AM,6/13/2025 3:00:00 AM,525,216.8,88.5,65.3,154.5,525.0,0.0,0.87,6.2,31.1,5.9,38.1,1,7/4/2025 10:05:37 AM
6/13/2025 8:00:00 AM,6/13/2025 4:00:00 AM,525,185.2,69.8,97.9,172.1,525.0,0.0,0.91,6.2,31.1,6.3,28.2,1,7/4/2025 10:05:37 AM
6/13/2025 9:00:00 AM,6/13/2025 5:00:00 AM,800,298.5,90.1,129.9,281.6,800.0,0.0,0.90,6.2,31.1,3.7,27.0,1,7/4/2025 10:05:37 AM
6/13/2025 10:00:00 AM,6/13/2025 6:00:00 AM,800,295.8,108.8,136.3,259.2,800.0,0.0,0.90,6.2,31.1,4.8,26.2,1,7/4/2025 10:05:37 AM
6/13/2025 11:00:00 AM,6/13/2025 7:00:00 AM,800,306.0,108.8,124.1,260.8,800.0,0.0,0.88,6.2,31.1,3.1,32.7,1,7/4/2025 10:05:37 AM
6/13/2025 12:00:00 PM,6/13/2025 8:00:00 AM,800,294.6,108.8,137.7,258.5,800.0,0.0,0.90,6.2,31.1,5.8,30.2,1,7/4/2025 10:05:37 AM
6/13/2025 1:00:00 PM,6/13/2025 9:00:00 AM,800,295.9,108.8,133.5,261.5,800.0,0.0,0.88,6.2,31.1,4.6,28.0,1,7/4/2025 10:05:37 AM
6/13/2025 2:00:00 PM,6/13/2025 10:00:00 AM,800,304.0,108.8,128.4,259.0,800.0,0.0,0.91,6.2,31.1,7.2,23.8,1,7/4/2025 10:05:37 AM
6/13/2025 3:00:00 PM,6/13/2025 11:00:00 AM,800,304.6,20.6,128.3,346.9,800.0,0.0,0.87,6.2,31.1,9.9,30.8,1,7/4/2025 10:05:37 AM
6/13/2025 4:00:00 PM,6/13/2025 12:00:00 PM,800,300.3,20.6,132.7,346.4,800.0,0.0,0.91,6.2,31.1,5.1,19.4,1,7/4/2025 10:05:37 AM
6/13/2025 5:00:00 PM,6/13/2025 1:00:00 PM,800,299.5,81.3,131.2,287.9,800.0,0.0,0.90,6.2,31.1,5.9,29.6,1,7/4/2025 10:05:37 AM
6/13/2025 6:00:00 PM,6/13/2025 2:00:00 PM,525,193.1,81.3,89.8,160.6,525.0,0.0,0.94,6.2,31.1,5.5,22.0,1,7/4/2025 10:05:37 AM
6/13/2025 7:00:00 PM,6/13/2025 3:00:00 PM,525,193.1,105.9,89.8,135.9,525.0,0.0,0.92,6.2,31.1,9.6,23.3,1,7/4/2025 10:05:37 AM
6/13/2025 8:00:00 PM,6/13/2025 4:00:00 PM,525,185.9,105.9,95.8,137.5,525.0,0.0,0.90,6.2,31.1,8.9,32.3,1,7/4/2025 10:05:37 AM
6/13/2025 9:00:00 PM,6/13/2025 5:00:00 PM,525,191.1,105.9,91.5,136.3,525.0,0.0,0.94,6.2,31.1,4.9,26.5,1,7/4/2025 10:05:37 AM
6/13/2025 10:00:00 PM,6/13/2025 6:00:00 PM,800,299.5,105.9,123.5,270.9,800.0,0.0,0.91,6.2,31.1,6.2,31.9,1,7/4/2025 10:05:37 AM
6/13/2025 11:00:00 PM,6/13/2025 7:00:00 PM,800,292.3,105.9,133.7,267.8,800.0,0.0,0.92,6.2,31.1,6.0,27.1,1,7/4/2025 10:05:37 AM
6/14/2025 12:00:00 AM,6/13/2025 8:00:00 PM,800,287.8,133.1,140.7,238.3,800.0,0.0,0.92,6.2,31.1,6.9,31.8,1,7/4/2025 10:05:37 AM
6/14/2025 1:00:00 AM,6/13/2025 9:00:00 PM,800,289.1,170.4,138.9,201.4,800.0,0.0,0.92,6.2,31.1,5.9,27.8,1,7/4/2025 10:05:37 AM
6/14/2025 2:00:00 AM,6/13/2025 10:00:00 PM,800,292.4,104.1,134.3,269.4,800.0,0.0,0.90,6.2,31.1,5.5,27.8,1,7/4/2025 10:05:37 AM
6/14/2025 3:00:00 AM,6/13/2025 11:00:00 PM,800,292.4,104.1,132.7,271.0,800.0,0.0,0.91,6.2,31.1,4.5,29.2,1,7/4/2025 10:05:37 AM
6/14/2025 4:00:00 AM,6/14/2025 12:00:00 AM,525,205.7,165.5,76.5,77.8,525.0,0.0,0.90,6.1,31.0,3.1,17.1,1,7/4/2025 10:05:37 AM
6/14/2025 5:00:00 AM,6/14/2025 1:00:00 AM,525,207.8,89.9,74.7,152.9,525.0,0.0,0.90,6.1,31.0,5.1,30.4,1,7/4/2025 10:05:37 AM
6/14/2025 6:00:00 AM,6/14/2025 2:00:00 AM,525,224.7,135.5,57.5,107.4,525.0,0.0,0.88,6.1,31.0,8.9,35.7,1,7/4/2025 10:05:37 AM
6/14/2025 7:00:00 AM,6/14/2025 3:00:00 AM,525,226.5,135.5,55.6,107.5,525.0,0.0,0.89,6.1,31.0,6.1,33.5,1,7/4/2025 10:05:37 AM
6/14/2025 8:00:00 AM,6/14/2025 4:00:00 AM,525,205.3,135.5,76.9,107.7,525.0,0.0,0.89,6.1,31.0,7.4,33.9,1,7/4/2025 10:05:37 AM
6/14/2025 9:00:00 AM,6/14/2025 5:00:00 AM,800,318.2,135.5,106.3,239.8,800.0,0.0,0.86,6.1,31.0,3.6,30.0,1,7/4/2025 10:05:37 AM
6/14/2025 10:00:00 AM,6/14/2025 6:00:00 AM,800,315.1,99.9,112.4,272.8,800.0,0.0,0.87,6.1,31.0,3.2,30.7,1,7/4/2025 10:05:37 AM
6/14/2025 11:00:00 AM,6/14/2025 7:00:00 AM,800,327.8,99.9,97.4,275.1,800.0,0.0,0.85,6.1,31.0,6.1,31.7,1,7/4/2025 10:05:37 AM
6/14/2025 12:00:00 PM,6/14/2025 8:00:00 AM,800,316.8,99.9,116.9,267.0,800.0,0.0,0.83,6.1,31.0,5.5,30.3,1,7/4/2025 10:05:37 AM
6/14/2025 1:00:00 PM,6/14/2025 9:00:00 AM,800,313.5,99.9,121.4,265.5,800.0,0.0,0.90,6.1,31.0,7.2,29.6,1,7/4/2025 10:05:37 AM
6/14/2025 2:00:00 PM,6/14/2025 10:00:00 AM,800,310.2,107.3,125.4,257.4,800.0,0.0,0.88,6.1,31.0,5.2,30.9,1,7/4/2025 10:05:37 AM
6/14/2025 3:00:00 PM,6/14/2025 11:00:00 AM,800,310.4,107.3,124.5,257.9,800.0,0.0,0.90,6.1,31.0,6.4,28.6,1,7/4/2025 10:05:37 AM
6/14/2025 4:00:00 PM,6/14/2025 12:00:00 PM,800,309.2,134.6,125.9,230.3,800.0,0.0,0.91,6.1,31.0,1.1,19.9,1,7/4/2025 10:05:37 AM
6/14/2025 5:00:00 PM,6/14/2025 1:00:00 PM,800,309.2,66.6,124.6,299.7,800.0,0.0,0.87,6.1,31.0,5.2,20.1,1,7/4/2025 10:05:37 AM
6/14/2025 6:00:00 PM,6/14/2025 2:00:00 PM,525,218.9,66.6,64.9,174.7,525.0,0.0,0.91,6.1,31.0,6.1,29.2,1,7/4/2025 10:05:37 AM
6/14/2025 7:00:00 PM,6/14/2025 3:00:00 PM,525,225.1,66.6,58.0,175.4,525.0,0.0,0.91,6.1,31.0,4.8,21.5,1,7/4/2025 10:05:37 AM
6/14/2025 8:00:00 PM,6/14/2025 4:00:00 PM,525,205.6,121.2,76.9,121.4,525.0,0.0,0.89,6.1,31.0,3.2,28.0,1,7/4/2025 10:05:37 AM
6/14/2025 9:00:00 PM,6/14/2025 5:00:00 PM,525,199.5,121.2,82.9,121.6,525.0,0.0,0.94,6.1,31.0,5.3,25.9,1,7/4/2025 10:05:37 AM
6/14/2025 10:00:00 PM,6/14/2025 6:00:00 PM,800,310.1,121.2,119.4,249.2,800.0,0.0,0.91,6.1,31.0,4.8,28.3,1,7/4/2025 10:05:37 AM
6/14/2025 11:00:00 PM,6/14/2025 7:00:00 PM,800,309.2,121.2,117.4,252.1,800.0,0.0,0.92,6.1,31.0,5.2,34.5,1,7/4/2025 10:05:37 AM
6/15/2025 12:00:00 AM,6/14/2025 8:00:00 PM,800,309.2,121.2,121.7,247.8,800.0,0.0,0.92,6.1,31.0,2.6,25.9,1,7/4/2025 10:05:37 AM
6/15/2025 1:00:00 AM,6/14/2025 9:00:00 PM,800,310.6,69.3,123.7,296.3,800.0,0.0,0.90,6.1,31.0,7.9,25.0,1,7/4/2025 10:05:37 AM
6/15/2025 2:00:00 AM,6/14/2025 10:00:00 PM,800,313.8,134.9,120.0,231.6,800.0,0.0,0.87,6.1,31.0,0.8,33.0,1,7/4/2025 10:05:37 AM
6/15/2025 3:00:00 AM,6/14/2025 11:00:00 PM,800,313.1,134.9,119.4,232.8,800.0,0.0,0.88,6.1,31.0,8.7,26.9,1,7/4/2025 10:05:37 AM
6/15/2025 4:00:00 AM,6/15/2025 12:00:00 AM,525,214.7,115.1,67.5,127.4,525.0,0.0,0.90,6.2,31.0,9.2,29.1,1,7/4/2025 10:05:37 AM
6/15/2025 5:00:00 AM,6/15/2025 1:00:00 AM,525,214.7,107.6,67.5,134.8,525.0,0.0,0.93,6.2,31.0,6.2,36.1,1,7/4/2025 10:05:37 AM
6/15/2025 6:00:00 AM,6/15/2025 2:00:00 AM,525,214.7,115.1,67.6,127.4,525.0,0.0,0.91,6.2,31.0,6.0,31.6,1,7/4/2025 10:05:37 AM
6/15/2025 7:00:00 AM,6/15/2025 3:00:00 AM,525,210.1,115.1,72.3,127.6,525.0,0.0,0.93,6.2,31.0,5.7,33.1,1,7/4/2025 10:05:37 AM
6/15/2025 8:00:00 AM,6/15/2025 4:00:00 AM,525,184.5,115.1,96.6,128.7,525.0,0.0,0.90,6.2,31.0,10.0,31.2,1,7/4/2025 10:05:37 AM
6/15/2025 9:00:00 AM,6/15/2025 5:00:00 AM,800,303.4,153.2,124.7,218.7,800.0,0.0,0.90,6.2,31.0,6.5,25.2,1,7/4/2025 10:05:37 AM
6/15/2025 10:00:00 AM,6/15/2025 6:00:00 AM,800,300.3,153.2,130.1,216.4,800.0,0.0,0.90,6.2,31.0,4.7,27.2,1,7/4/2025 10:05:37 AM
6/15/2025 11:00:00 AM,6/15/2025 7:00:00 AM,800,312.0,153.2,100.7,234.0,800.0,0.0,0.90,6.2,31.0,7.1,35.8,1,7/4/2025 10:05:37 AM
6/15/2025 12:00:00 PM,6/15/2025 8:00:00 AM,800,307.0,153.2,125.7,214.0,800.0,0.0,0.90,6.2,31.0,4.8,31.9,1,7/4/2025 10:05:37 AM
6/15/2025 1:00:00 PM,6/15/2025 9:00:00 AM,800,303.8,153.2,129.3,213.6,800.0,0.0,0.90,6.2,31.0,6.3,33.2,1,7/4/2025 10:05:37 AM
6/15/2025 2:00:00 PM,6/15/2025 10:00:00 AM,800,304.4,153.2,128.5,213.9,800.0,0.0,0.89,6.2,31.0,5.9,30.9,1,7/4/2025 10:05:37 AM
6/15/2025 3:00:00 PM,6/15/2025 11:00:00 AM,800,305.4,153.2,127.3,214.1,800.0,0.0,0.91,6.2,31.0,6.0,28.7,1,7/4/2025 10:05:37 AM
6/15/2025 4:00:00 PM,6/15/2025 12:00:00 PM,800,304.1,153.2,129.6,213.4,800.0,0.0,0.87,6.2,31.0,6.7,24.2,1,7/4/2025 10:05:37 AM
6/15/2025 5:00:00 PM,6/15/2025 1:00:00 PM,800,304.1,153.2,128.0,215.0,800.0,0.0,0.89,6.2,31.0,5.3,26.5,1,7/4/2025 10:05:37 AM
6/15/2025 6:00:00 PM,6/15/2025 2:00:00 PM,525,230.7,115.1,53.1,126.3,525.0,0.0,0.91,6.2,31.0,5.1,37.0,1,7/4/2025 10:05:37 AM
6/15/2025 7:00:00 PM,6/15/2025 3:00:00 PM,525,230.7,115.1,53.1,126.3,525.0,0.0,0.91,6.2,31.0,5.4,31.9,1,7/4/2025 10:05:37 AM
6/15/2025 8:00:00 PM,6/15/2025 4:00:00 PM,525,183.3,121.3,98.2,122.3,525.0,0.0,0.92,6.2,31.0,6.2,35.2,1,7/4/2025 10:05:37 AM
6/15/2025 9:00:00 PM,6/15/2025 5:00:00 PM,525,183.3,121.3,98.2,122.4,525.0,0.0,0.90,6.2,31.0,10.0,25.6,1,7/4/2025 10:05:37 AM
6/15/2025 10:00:00 PM,6/15/2025 6:00:00 PM,800,307.7,121.3,123.3,248.0,800.0,0.0,0.92,6.2,31.0,5.7,29.2,1,7/4/2025 10:05:37 AM
6/15/2025 11:00:00 PM,6/15/2025 7:00:00 PM,800,348.8,121.3,69.6,260.5,800.0,0.0,0.93,6.2,31.0,6.5,30.6,1,7/4/2025 10:05:37 AM
6/16/2025 12:00:00 AM,6/15/2025 8:00:00 PM,800,302.6,121.3,133.4,243.1,800.0,0.0,0.92,6.2,31.0,6.4,29.4,1,7/4/2025 10:05:37 AM
6/16/2025 1:00:00 AM,6/15/2025 9:00:00 PM,800,304.0,145.7,131.9,218.7,800.0,0.0,0.90,6.2,31.0,6.2,28.9,1,7/4/2025 10:05:37 AM
6/16/2025 2:00:00 AM,6/15/2025 10:00:00 PM,800,304.0,153.2,129.6,213.2,800.0,0.0,0.89,6.2,31.0,5.8,24.6,1,7/4/2025 10:05:37 AM
6/16/2025 3:00:00 AM,6/15/2025 11:00:00 PM,800,303.3,153.2,128.5,215.3,800.0,0.0,0.90,6.2,31.0,5.8,25.0,1,7/4/2025 10:05:37 AM
6/16/2025 4:00:00 AM,6/16/2025 12:00:00 AM,525,199.3,113.2,83.3,129.2,525.0,0.0,0.92,6.1,30.9,7.8,33.7,1,7/4/2025 10:05:37 AM
6/16/2025 5:00:00 AM,6/16/2025 1:00:00 AM,525,192.9,98.4,89.7,144.1,525.0,0.0,0.93,6.1,30.9,9.1,31.2,1,7/4/2025 10:05:37 AM
6/16/2025 6:00:00 AM,6/16/2025 2:00:00 AM,525,251.3,113.2,32.2,128.4,525.0,0.0,0.92,6.1,30.9,6.4,33.0,1,7/4/2025 10:05:37 AM
6/16/2025 7:00:00 AM,6/16/2025 3:00:00 AM,525,210.4,113.2,72.2,129.4,525.0,0.0,0.92,6.1,30.9,4.6,36.4,1,7/4/2025 10:05:37 AM
6/16/2025 8:00:00 AM,6/16/2025 4:00:00 AM,525,184.1,113.2,98.5,129.5,525.0,0.0,0.93,6.1,30.9,3.6,25.3,1,7/4/2025 10:05:37 AM
6/16/2025 9:00:00 AM,6/16/2025 5:00:00 AM,800,301.7,151.5,127.8,219.3,800.0,0.0,0.92,6.1,30.9,5.3,27.9,1,7/4/2025 10:05:37 AM
6/16/2025 10:00:00 AM,6/16/2025 6:00:00 AM,800,301.9,142.1,131.2,225.2,800.0,0.0,0.91,6.1,30.9,2.4,27.6,1,7/4/2025 10:05:37 AM
6/16/2025 11:00:00 AM,6/16/2025 7:00:00 AM,800,311.4,142.1,98.1,248.6,800.0,0.0,0.90,6.1,30.9,7.8,31.0,1,7/4/2025 10:05:37 AM
6/16/2025 12:00:00 PM,6/16/2025 8:00:00 AM,800,299.0,142.1,116.8,242.2,800.0,0.0,0.90,6.1,30.9,8.0,33.0,1,7/4/2025 10:05:37 AM
6/16/2025 1:00:00 PM,6/16/2025 9:00:00 AM,800,300.5,142.1,112.3,245.0,800.0,0.0,0.93,6.1,30.9,5.1,33.7,1,7/4/2025 10:05:37 AM
6/16/2025 2:00:00 PM,6/16/2025 10:00:00 AM,800,307.8,143.9,101.2,247.2,800.0,0.0,0.92,6.1,30.9,4.5,32.4,1,7/4/2025 10:05:37 AM
6/16/2025 3:00:00 PM,6/16/2025 11:00:00 AM,800,305.0,143.9,109.4,241.8,800.0,0.0,0.93,6.1,30.9,5.1,30.5,1,7/4/2025 10:05:37 AM
6/16/2025 4:00:00 PM,6/16/2025 12:00:00 PM,800,303.3,147.5,111.7,237.7,800.0,0.0,0.90,6.1,30.9,4.8,16.4,1,7/4/2025 10:05:37 AM
6/16/2025 5:00:00 PM,6/16/2025 1:00:00 PM,800,292.0,208.2,112.8,186.9,800.0,0.0,0.90,6.1,30.9,9.2,31.1,1,7/4/2025 10:05:37 AM
6/16/2025 6:00:00 PM,6/16/2025 2:00:00 PM,525,185.3,124.5,84.1,131.0,525.0,0.0,0.95,6.1,30.9,10.4,24.9,1,7/4/2025 10:05:37 AM
6/16/2025 7:00:00 PM,6/16/2025 3:00:00 PM,525,185.2,75.6,84.2,180.0,525.0,0.0,0.93,6.1,30.9,4.4,32.0,1,7/4/2025 10:05:37 AM
6/16/2025 8:00:00 PM,6/16/2025 4:00:00 PM,525,183.7,14.9,97.5,228.9,525.0,0.0,0.94,6.1,30.9,6.2,35.3,1,7/4/2025 10:05:37 AM
6/16/2025 9:00:00 PM,6/16/2025 5:00:00 PM,525,191.8,96.8,90.9,145.6,525.0,0.0,0.95,6.1,30.9,8.9,33.2,1,7/4/2025 10:05:37 AM
6/16/2025 10:00:00 PM,6/16/2025 6:00:00 PM,800,304.5,96.8,130.1,268.6,800.0,0.0,0.93,6.1,30.9,2.9,26.0,1,7/4/2025 10:05:37 AM
6/16/2025 11:00:00 PM,6/16/2025 7:00:00 PM,800,302.3,96.8,114.3,286.6,800.0,0.0,0.94,6.1,30.9,5.5,32.9,1,7/4/2025 10:05:37 AM
6/17/2025 12:00:00 AM,6/16/2025 8:00:00 PM,800,307.5,96.8,105.1,290.7,800.0,0.0,0.94,6.1,30.9,5.9,34.7,1,7/4/2025 10:05:37 AM
6/17/2025 1:00:00 AM,6/16/2025 9:00:00 PM,800,307.9,112.0,103.0,277.1,800.0,0.0,0.96,6.1,30.9,4.2,28.4,1,7/4/2025 10:05:37 AM
6/17/2025 2:00:00 AM,6/16/2025 10:00:00 PM,800,321.1,136.4,109.2,233.3,800.0,0.0,0.91,6.1,30.9,3.8,26.5,1,7/4/2025 10:05:37 AM
6/17/2025 3:00:00 AM,6/16/2025 11:00:00 PM,800,307.5,136.4,123.7,232.7,800.0,0.0,0.91,6.1,30.9,7.4,24.9,1,7/4/2025 10:05:37 AM
6/17/2025 4:00:00 AM,6/17/2025 12:00:00 AM,525,203.7,105.1,79.2,136.9,525.0,0.0,0.92,6.1,30.8,5.8,26.0,1,7/4/2025 10:05:37 AM
6/17/2025 5:00:00 AM,6/17/2025 1:00:00 AM,525,203.7,90.8,79.2,151.4,525.0,0.0,0.91,6.1,30.8,9.9,30.1,1,7/4/2025 10:05:37 AM
6/17/2025 6:00:00 AM,6/17/2025 2:00:00 AM,525,257.3,105.1,25.4,137.1,525.0,0.0,0.90,6.1,30.8,8.4,38.6,1,7/4/2025 10:05:37 AM
6/17/2025 7:00:00 AM,6/17/2025 3:00:00 AM,525,222.5,105.1,60.2,137.3,525.0,0.0,0.93,6.1,30.8,4.0,30.5,1,7/4/2025 10:05:37 AM
6/17/2025 8:00:00 AM,6/17/2025 4:00:00 AM,525,198.7,105.1,84.4,137.0,525.0,0.0,0.91,6.1,30.8,7.5,35.6,1,7/4/2025 10:05:37 AM
6/17/2025 9:00:00 AM,6/17/2025 5:00:00 AM,800,315.6,135.7,110.6,238.1,800.0,0.0,0.91,6.1,30.8,3.4,21.2,1,7/4/2025 10:05:37 AM
6/17/2025 10:00:00 AM,6/17/2025 6:00:00 AM,800,310.6,116.9,122.7,250.1,800.0,0.0,0.89,6.1,30.8,5.6,27.9,1,7/4/2025 10:05:37 AM
6/17/2025 11:00:00 AM,6/17/2025 7:00:00 AM,800,323.4,116.9,107.5,252.3,800.0,0.0,0.89,6.1,30.8,6.8,27.1,1,7/4/2025 10:05:37 AM
6/17/2025 12:00:00 PM,6/17/2025 8:00:00 AM,800,312.7,116.9,121.4,249.4,800.0,0.0,0.89,6.1,30.8,7.3,30.1,1,7/4/2025 10:05:37 AM
6/17/2025 1:00:00 PM,6/17/2025 9:00:00 AM,800,312.6,71.9,119.6,296.1,800.0,0.0,0.90,6.1,30.8,6.4,29.9,1,7/4/2025 10:05:37 AM
6/17/2025 2:00:00 PM,6/17/2025 10:00:00 AM,800,320.4,71.9,108.2,299.4,800.0,0.0,0.89,6.1,30.8,4.8,24.3,1,7/4/2025 10:05:37 AM
6/17/2025 3:00:00 PM,6/17/2025 11:00:00 AM,800,316.1,71.9,111.3,300.8,800.0,0.0,0.91,6.1,30.8,3.5,21.2,1,7/4/2025 10:05:37 AM
6/17/2025 4:00:00 PM,6/17/2025 12:00:00 PM,800,318.2,75.6,109.7,296.6,800.0,0.0,0.89,6.1,30.8,6.5,26.3,1,7/4/2025 10:05:37 AM
6/17/2025 5:00:00 PM,6/17/2025 1:00:00 PM,800,308.0,189.0,122.1,181.3,800.0,0.0,0.90,6.1,30.8,4.5,21.8,1,7/4/2025 10:05:37 AM
6/17/2025 6:00:00 PM,6/17/2025 2:00:00 PM,525,202.1,189.0,81.0,52.9,525.0,0.0,0.93,6.1,30.8,7.2,33.2,1,7/4/2025 10:05:37 AM
6/17/2025 7:00:00 PM,6/17/2025 3:00:00 PM,525,202.1,128.4,74.0,120.5,525.0,0.0,0.93,6.1,30.8,7.6,32.3,1,7/4/2025 10:05:37 AM
6/17/2025 8:00:00 PM,6/17/2025 4:00:00 PM,525,202.1,13.0,81.0,228.7,525.0,0.0,0.88,6.1,30.8,8.1,31.6,1,7/4/2025 10:05:37 AM
6/17/2025 9:00:00 PM,6/17/2025 5:00:00 PM,525,203.3,98.3,79.7,143.6,525.0,0.0,0.94,6.1,30.8,5.9,27.0,1,7/4/2025 10:05:37 AM
6/17/2025 10:00:00 PM,6/17/2025 6:00:00 PM,800,314.9,100.2,115.0,270.0,800.0,0.0,0.90,6.1,30.8,4.6,28.8,1,7/4/2025 10:05:37 AM
6/17/2025 11:00:00 PM,6/17/2025 7:00:00 PM,800,308.6,100.2,124.9,266.3,800.0,0.0,0.91,6.1,30.8,5.7,17.0,1,7/4/2025 10:05:37 AM
6/18/2025 12:00:00 AM,6/17/2025 8:00:00 PM,800,310.5,109.6,117.7,262.2,800.0,0.0,0.89,6.1,30.8,3.4,25.3,1,7/4/2025 10:05:37 AM
6/18/2025 1:00:00 AM,6/17/2025 9:00:00 PM,800,311.6,102.6,115.7,270.1,800.0,0.0,0.91,6.1,30.8,5.3,25.0,1,7/4/2025 10:05:37 AM
6/18/2025 2:00:00 AM,6/17/2025 10:00:00 PM,800,313.9,124.5,117.5,244.2,800.0,0.0,0.89,6.1,30.8,2.3,26.4,1,7/4/2025 10:05:37 AM
6/18/2025 3:00:00 AM,6/17/2025 11:00:00 PM,800,312.6,126.3,117.8,243.3,800.0,0.0,0.91,6.1,30.8,7.2,28.7,1,7/4/2025 10:05:37 AM
6/18/2025 4:00:00 AM,6/18/2025 12:00:00 AM,525,194.5,69.9,87.6,173.1,525.0,0.0,0.87,6.1,30.6,5.7,29.2,1,7/4/2025 10:05:37 AM
6/18/2025 5:00:00 AM,6/18/2025 1:00:00 AM,525,193.8,69.9,88.3,173.1,525.0,0.0,0.86,6.1,30.6,2.4,28.3,1,7/4/2025 10:05:37 AM
6/18/2025 6:00:00 AM,6/18/2025 2:00:00 AM,525,255.6,69.9,27.7,171.9,525.0,0.0,0.88,6.1,30.6,6.4,34.0,1,7/4/2025 10:05:37 AM
6/18/2025 7:00:00 AM,6/18/2025 3:00:00 AM,525,214.6,69.9,67.0,173.7,525.0,0.0,0.89,6.1,30.6,8.7,28.5,1,7/4/2025 10:05:37 AM
6/18/2025 8:00:00 AM,6/18/2025 4:00:00 AM,525,189.4,69.9,92.6,173.3,525.0,0.0,0.91,6.1,30.6,4.7,35.5,1,7/4/2025 10:05:37 AM
6/18/2025 9:00:00 AM,6/18/2025 5:00:00 AM,800,305.4,110.0,120.1,264.6,800.0,0.0,0.91,6.1,30.6,5.0,25.7,1,7/4/2025 10:05:37 AM
6/18/2025 10:00:00 AM,6/18/2025 6:00:00 AM,800,299.3,124.7,128.0,248.1,800.0,0.0,0.92,6.1,30.6,3.0,26.0,1,7/4/2025 10:05:37 AM
6/18/2025 11:00:00 AM,6/18/2025 7:00:00 AM,800,306.0,119.4,115.1,259.6,800.0,0.0,0.89,6.1,30.6,6.0,25.1,1,7/4/2025 10:05:37 AM
6/18/2025 12:00:00 PM,6/18/2025 8:00:00 AM,800,295.9,110.0,129.0,265.4,800.0,0.0,0.91,6.1,30.6,6.0,30.4,1,7/4/2025 10:05:37 AM
6/18/2025 1:00:00 PM,6/18/2025 9:00:00 AM,800,292.6,110.0,132.1,265.5,800.0,0.0,0.90,6.1,30.6,5.0,26.9,1,7/4/2025 10:05:37 AM
6/18/2025 2:00:00 PM,6/18/2025 10:00:00 AM,800,300.0,124.7,122.6,252.5,800.0,0.0,0.90,6.1,30.6,3.6,25.4,1,7/4/2025 10:05:37 AM
6/18/2025 3:00:00 PM,6/18/2025 11:00:00 AM,800,301.5,110.0,121.3,267.2,800.0,0.0,0.87,6.1,30.6,5.2,22.1,1,7/4/2025 10:05:37 AM
6/18/2025 4:00:00 PM,6/18/2025 12:00:00 PM,800,300.0,110.0,127.4,262.8,800.0,0.0,0.86,6.1,30.6,7.4,23.5,1,7/4/2025 10:05:37 AM
6/18/2025 5:00:00 PM,6/18/2025 1:00:00 PM,800,298.6,115.3,122.8,263.5,800.0,0.0,0.92,6.1,30.6,4.9,22.7,1,7/4/2025 10:05:37 AM
6/18/2025 6:00:00 PM,6/18/2025 2:00:00 PM,525,210.5,118.7,73.5,122.3,525.0,0.0,0.92,6.1,30.6,8.6,22.9,1,7/4/2025 10:05:37 AM
6/18/2025 7:00:00 PM,6/18/2025 3:00:00 PM,525,210.5,118.7,73.6,122.2,525.0,0.0,0.92,6.1,30.6,10.6,42.0,1,7/4/2025 10:05:37 AM
6/18/2025 8:00:00 PM,6/18/2025 4:00:00 PM,525,211.5,87.2,71.7,154.5,525.0,0.0,0.93,6.1,30.6,7.8,39.3,1,7/4/2025 10:05:37 AM
6/18/2025 9:00:00 PM,6/18/2025 5:00:00 PM,525,212.0,87.2,72.0,153.8,525.0,0.0,0.93,6.1,30.6,5.1,32.4,1,7/4/2025 10:05:37 AM
6/18/2025 10:00:00 PM,6/18/2025 6:00:00 PM,800,320.7,87.2,104.4,287.4,800.0,0.0,0.90,6.1,30.6,5.9,24.3,1,7/4/2025 10:05:37 AM
6/18/2025 11:00:00 PM,6/18/2025 7:00:00 PM,800,311.6,87.2,120.2,281.2,800.0,0.0,0.89,6.1,30.6,4.7,23.5,1,7/4/2025 10:05:37 AM
6/19/2025 12:00:00 AM,6/18/2025 8:00:00 PM,800,313.3,87.2,119.5,279.8,800.0,0.0,0.89,6.1,30.6,5.9,28.3,1,7/4/2025 10:05:37 AM
6/19/2025 1:00:00 AM,6/18/2025 9:00:00 PM,800,310.8,87.2,119.5,282.2,800.0,0.0,0.92,6.1,30.6,3.9,29.4,1,7/4/2025 10:05:37 AM
6/19/2025 2:00:00 AM,6/18/2025 10:00:00 PM,800,313.1,113.4,115.9,257.9,800.0,0.0,0.90,6.1,30.6,4.7,24.6,1,7/4/2025 10:05:37 AM
6/19/2025 3:00:00 AM,6/18/2025 11:00:00 PM,800,313.4,113.4,111.0,262.6,800.0,0.0,0.87,6.1,30.6,4.0,23.0,1,7/4/2025 10:05:37 AM
6/19/2025 4:00:00 AM,6/19/2025 12:00:00 AM,525,213.4,73.5,68.7,169.4,525.0,0.0,0.89,6.1,30.6,6.8,22.1,1,7/4/2025 10:05:37 AM
6/19/2025 5:00:00 AM,6/19/2025 1:00:00 AM,525,195.1,73.5,87.2,169.0,525.0,0.0,0.87,6.1,30.6,4.0,16.9,1,7/4/2025 10:05:37 AM
6/19/2025 6:00:00 AM,6/19/2025 2:00:00 AM,525,254.3,73.5,29.1,167.9,525.0,0.0,0.85,6.1,30.6,6.1,27.2,1,7/4/2025 10:05:37 AM
6/19/2025 7:00:00 AM,6/19/2025 3:00:00 AM,525,214.4,73.5,67.4,169.6,525.0,0.0,0.92,6.1,30.6,5.8,24.5,1,7/4/2025 10:05:37 AM
6/19/2025 8:00:00 AM,6/19/2025 4:00:00 AM,525,187.1,73.5,95.0,169.3,525.0,0.0,0.88,6.1,30.6,5.5,20.4,1,7/4/2025 10:05:37 AM
6/19/2025 9:00:00 AM,6/19/2025 5:00:00 AM,800,297.9,73.5,129.0,299.7,800.0,0.0,0.87,6.1,30.6,4.9,28.0,1,7/4/2025 10:05:37 AM
6/19/2025 10:00:00 AM,6/19/2025 6:00:00 AM,800,295.1,113.7,136.4,254.7,800.0,0.0,0.87,6.1,30.6,8.1,24.2,1,7/4/2025 10:05:37 AM
6/19/2025 11:00:00 AM,6/19/2025 7:00:00 AM,800,295.2,113.7,126.9,264.1,800.0,0.0,0.89,6.1,30.6,5.0,28.4,1,7/4/2025 10:05:37 AM
6/19/2025 12:00:00 PM,6/19/2025 8:00:00 AM,800,285.9,113.7,140.0,260.1,800.0,0.0,0.89,6.1,30.6,3.7,35.7,1,7/4/2025 10:05:37 AM
6/19/2025 1:00:00 PM,6/19/2025 9:00:00 AM,800,282.8,113.7,142.3,261.3,800.0,0.0,0.88,6.1,30.6,5.6,28.7,1,7/4/2025 10:05:37 AM
6/19/2025 2:00:00 PM,6/19/2025 10:00:00 AM,800,288.4,113.7,132.7,265.2,800.0,0.0,0.91,6.1,30.6,4.8,25.7,1,7/4/2025 10:05:37 AM
6/19/2025 3:00:00 PM,6/19/2025 11:00:00 AM,800,292.9,142.0,129.1,236.1,800.0,0.0,0.89,6.1,30.6,8.2,16.9,1,7/4/2025 10:05:37 AM
6/19/2025 4:00:00 PM,6/19/2025 12:00:00 PM,800,292.9,142.0,126.6,238.6,800.0,0.0,0.91,6.1,30.6,4.6,17.2,1,7/4/2025 10:05:37 AM
6/19/2025 5:00:00 PM,6/19/2025 1:00:00 PM,800,291.7,147.3,130.8,230.0,800.0,0.0,0.90,6.1,30.6,6.2,30.5,1,7/4/2025 10:05:37 AM
6/19/2025 6:00:00 PM,6/19/2025 2:00:00 PM,525,190.0,147.3,94.3,93.1,525.0,0.0,0.91,6.1,30.6,11.3,32.7,1,7/4/2025 10:05:37 AM
6/19/2025 7:00:00 PM,6/19/2025 3:00:00 PM,525,190.9,115.7,93.4,124.7,525.0,0.0,0.91,6.1,30.6,5.5,20.3,1,7/4/2025 10:05:37 AM
6/19/2025 8:00:00 PM,6/19/2025 4:00:00 PM,525,189.8,115.7,94.7,124.4,525.0,0.0,0.88,6.1,30.6,5.3,15.0,1,7/4/2025 10:05:37 AM
6/19/2025 9:00:00 PM,6/19/2025 5:00:00 PM,525,198.6,115.7,86.1,124.5,525.0,0.0,0.88,6.1,30.6,5.6,32.1,1,7/4/2025 10:05:37 AM
6/19/2025 10:00:00 PM,6/19/2025 6:00:00 PM,800,310.6,115.7,115.2,258.5,800.0,0.0,0.90,6.1,30.6,3.2,20.7,1,7/4/2025 10:05:37 AM
6/19/2025 11:00:00 PM,6/19/2025 7:00:00 PM,800,308.8,115.7,96.4,278.8,800.0,0.0,0.91,6.1,30.6,4.4,34.1,1,7/4/2025 10:05:37 AM
6/20/2025 12:00:00 AM,6/19/2025 8:00:00 PM,800,311.8,115.7,102.6,269.6,800.0,0.0,0.93,6.1,30.6,3.7,26.0,1,7/4/2025 10:05:37 AM
6/20/2025 1:00:00 AM,6/19/2025 9:00:00 PM,800,341.6,115.7,75.9,266.7,800.0,0.0,0.89,6.1,30.6,4.2,22.2,1,7/4/2025 10:05:37 AM
6/20/2025 2:00:00 AM,6/19/2025 10:00:00 PM,800,323.3,146.6,97.0,233.2,800.0,0.0,0.86,6.1,30.6,4.9,27.0,1,7/4/2025 10:05:37 AM
6/20/2025 3:00:00 AM,6/19/2025 11:00:00 PM,800,323.4,143.0,91.7,242.1,800.0,0.0,0.87,6.1,30.6,5.4,20.2,1,7/4/2025 10:05:37 AM
6/20/2025 4:00:00 AM,6/20/2025 12:00:00 AM,525,234.3,104.6,48.8,137.4,525.0,0.0,0.88,6.0,30.5,4.0,25.5,1,7/4/2025 10:05:37 AM
6/20/2025 5:00:00 AM,6/20/2025 1:00:00 AM,525,233.8,79.6,50.6,161.0,525.0,0.0,0.87,6.0,30.5,1.6,30.4,1,7/4/2025 10:05:37 AM
6/20/2025 6:00:00 AM,6/20/2025 2:00:00 AM,525,251.7,79.6,30.8,162.8,525.0,0.0,0.87,6.0,30.5,8.0,26.5,1,7/4/2025 10:05:37 AM
6/20/2025 7:00:00 AM,6/20/2025 3:00:00 AM,525,251.3,79.6,30.5,163.5,525.0,0.0,0.92,6.0,30.5,2.7,28.5,1,7/4/2025 10:05:37 AM
6/20/2025 8:00:00 AM,6/20/2025 4:00:00 AM,525,226.3,79.6,56.9,162.1,525.0,0.0,0.90,6.0,30.5,4.1,27.3,1,7/4/2025 10:05:37 AM
6/20/2025 9:00:00 AM,6/20/2025 5:00:00 AM,800,304.2,124.3,87.7,284.3,800.0,0.0,0.88,6.0,30.5,5.2,21.3,1,7/4/2025 10:05:37 AM
6/20/2025 10:00:00 AM,6/20/2025 6:00:00 AM,800,304.5,149.4,91.7,254.8,800.0,0.0,0.89,6.0,30.5,6.0,26.8,1,7/4/2025 10:05:37 AM
6/20/2025 11:00:00 AM,6/20/2025 7:00:00 AM,800,314.8,104.6,75.8,304.5,800.0,0.0,0.89,6.0,30.5,5.3,26.8,1,7/4/2025 10:05:37 AM
6/20/2025 12:00:00 PM,6/20/2025 8:00:00 AM,800,300.5,149.4,91.5,258.7,800.0,0.0,0.89,6.0,30.5,5.2,30.1,1,7/4/2025 10:05:37 AM
6/20/2025 1:00:00 PM,6/20/2025 9:00:00 AM,800,296.8,149.4,100.6,253.3,800.0,0.0,0.87,6.0,30.5,9.2,35.8,1,7/4/2025 10:05:37 AM
6/20/2025 2:00:00 PM,6/20/2025 10:00:00 AM,800,322.3,143.2,83.6,250.9,800.0,0.0,0.91,6.0,30.5,4.8,34.9,1,7/4/2025 10:05:37 AM
6/20/2025 3:00:00 PM,6/20/2025 11:00:00 AM,800,323.4,143.2,80.9,252.5,800.0,0.0,0.89,6.0,30.5,6.5,26.2,1,7/4/2025 10:05:37 AM
6/20/2025 4:00:00 PM,6/20/2025 12:00:00 PM,800,321.8,237.8,85.3,155.2,800.0,0.0,0.91,6.0,30.5,6.4,32.2,1,7/4/2025 10:05:37 AM
6/20/2025 5:00:00 PM,6/20/2025 1:00:00 PM,800,301.6,237.8,113.9,146.9,800.0,0.0,0.91,6.0,30.5,5.7,28.0,1,7/4/2025 10:05:37 AM
6/20/2025 6:00:00 PM,6/20/2025 2:00:00 PM,525,206.8,124.8,77.5,115.5,525.0,0.0,0.89,6.0,30.5,9.0,22.7,1,7/4/2025 10:05:37 AM
6/20/2025 7:00:00 PM,6/20/2025 3:00:00 PM,525,205.7,93.2,77.5,148.3,525.0,0.0,0.89,6.0,30.5,5.1,29.5,1,7/4/2025 10:05:37 AM
6/20/2025 8:00:00 PM,6/20/2025 4:00:00 PM,525,205.2,93.2,78.9,147.5,525.0,0.0,0.90,6.0,30.5,6.4,27.9,1,7/4/2025 10:05:37 AM
6/20/2025 9:00:00 PM,6/20/2025 5:00:00 PM,525,207.1,93.2,76.5,148.2,525.0,0.0,0.88,6.0,30.5,10.8,24.4,1,7/4/2025 10:05:37 AM
6/20/2025 10:00:00 PM,6/20/2025 6:00:00 PM,800,318.3,93.2,108.5,280.2,800.0,0.0,0.88,6.0,30.5,4.1,23.6,1,7/4/2025 10:05:37 AM
6/20/2025 11:00:00 PM,6/20/2025 7:00:00 PM,800,294.0,93.2,129.5,283.2,800.0,0.0,0.93,6.0,30.5,6.2,28.6,1,7/4/2025 10:05:37 AM
6/21/2025 12:00:00 AM,6/20/2025 8:00:00 PM,800,293.8,93.2,128.6,284.4,800.0,0.0,0.93,6.0,30.5,3.2,24.2,1,7/4/2025 10:05:37 AM
6/21/2025 1:00:00 AM,6/20/2025 9:00:00 PM,800,295.0,93.2,123.1,288.7,800.0,0.0,0.91,6.0,30.5,1.7,30.0,1,7/4/2025 10:05:37 AM
6/21/2025 2:00:00 AM,6/20/2025 10:00:00 PM,800,293.3,119.8,127.7,259.2,800.0,0.0,0.86,6.0,30.5,1.9,16.5,1,7/4/2025 10:05:37 AM
6/21/2025 3:00:00 AM,6/20/2025 11:00:00 PM,800,293.9,119.8,126.7,259.7,800.0,0.0,0.84,6.0,30.5,4.1,21.2,1,7/4/2025 10:05:37 AM
6/21/2025 4:00:00 AM,6/21/2025 12:00:00 AM,525,253.8,114.6,27.9,129.0,525.0,0.0,0.89,6.0,30.4,9.0,28.7,1,7/4/2025 10:05:37 AM
6/21/2025 5:00:00 AM,6/21/2025 1:00:00 AM,525,199.3,69.9,84.1,171.6,525.0,0.0,0.93,6.0,30.4,3.9,35.9,1,7/4/2025 10:05:37 AM
6/21/2025 6:00:00 AM,6/21/2025 2:00:00 AM,525,219.9,69.9,63.3,171.9,525.0,0.0,0.90,6.0,30.4,8.9,30.8,1,7/4/2025 10:05:37 AM
6/21/2025 7:00:00 AM,6/21/2025 3:00:00 AM,525,220.4,51.0,62.6,191.0,525.0,0.0,0.91,6.0,30.4,2.7,29.0,1,7/4/2025 10:05:37 AM
6/21/2025 8:00:00 AM,6/21/2025 4:00:00 AM,525,190.2,51.0,93.8,189.8,525.0,0.0,0.93,6.0,30.4,3.1,38.3,1,7/4/2025 10:05:37 AM
6/21/2025 9:00:00 AM,6/21/2025 5:00:00 AM,800,288.3,51.0,123.4,337.2,800.0,0.0,0.91,6.0,30.4,3.1,29.0,1,7/4/2025 10:05:37 AM
6/21/2025 10:00:00 AM,6/21/2025 6:00:00 AM,800,299.1,51.0,108.4,341.6,800.0,0.0,0.93,6.0,30.4,4.3,30.9,1,7/4/2025 10:05:37 AM
6/21/2025 11:00:00 AM,6/21/2025 7:00:00 AM,800,300.7,95.7,109.2,294.4,800.0,0.0,0.91,6.0,30.4,4.3,31.3,1,7/4/2025 10:05:37 AM
6/21/2025 12:00:00 PM,6/21/2025 8:00:00 AM,800,295.0,95.7,116.6,292.6,800.0,0.0,0.90,6.0,30.4,8.1,29.7,1,7/4/2025 10:05:37 AM
6/21/2025 1:00:00 PM,6/21/2025 9:00:00 AM,800,295.0,126.4,117.4,261.0,800.0,0.0,0.91,6.0,30.4,6.1,33.7,1,7/4/2025 10:05:37 AM
6/21/2025 2:00:00 PM,6/21/2025 10:00:00 AM,800,310.0,126.4,112.9,250.6,800.0,0.0,0.89,6.0,30.4,5.4,29.4,1,7/4/2025 10:05:37 AM
6/21/2025 3:00:00 PM,6/21/2025 11:00:00 AM,800,310.4,126.4,110.2,252.7,800.0,0.0,0.93,6.0,30.4,4.4,31.2,1,7/4/2025 10:05:37 AM
6/21/2025 4:00:00 PM,6/21/2025 12:00:00 PM,800,310.6,126.4,106.9,256.0,800.0,0.0,0.91,6.0,30.4,6.3,32.1,1,7/4/2025 10:05:37 AM
6/21/2025 5:00:00 PM,6/21/2025 1:00:00 PM,800,310.7,126.4,103.8,258.7,800.0,0.0,0.91,6.0,30.4,3.9,30.5,1,7/4/2025 10:05:37 AM
6/21/2025 6:00:00 PM,6/21/2025 2:00:00 PM,525,245.7,126.4,37.3,115.2,525.0,0.0,0.92,6.0,30.4,9.0,25.2,1,7/4/2025 10:05:37 AM
6/21/2025 7:00:00 PM,6/21/2025 3:00:00 PM,525,244.0,208.3,39.7,32.9,525.0,0.0,0.92,6.0,30.4,11.0,25.7,1,7/4/2025 10:05:37 AM
6/21/2025 8:00:00 PM,6/21/2025 4:00:00 PM,525,209.7,102.6,74.0,138.4,525.0,0.0,0.92,6.0,30.4,6.3,28.6,1,7/4/2025 10:05:37 AM
6/21/2025 9:00:00 PM,6/21/2025 5:00:00 PM,525,210.0,102.6,74.3,137.8,525.0,0.0,0.92,6.0,30.4,3.9,17.0,1,7/4/2025 10:05:37 AM
6/21/2025 10:00:00 PM,6/21/2025 6:00:00 PM,800,319.8,102.6,92.7,284.8,800.0,0.0,0.93,6.0,30.4,6.0,28.5,1,7/4/2025 10:05:37 AM
6/21/2025 11:00:00 PM,6/21/2025 7:00:00 PM,800,318.4,102.6,97.1,281.9,800.0,0.0,0.93,6.0,30.4,5.7,32.2,1,7/4/2025 10:05:37 AM
6/22/2025 12:00:00 AM,6/21/2025 8:00:00 PM,800,318.8,102.6,96.9,281.8,800.0,0.0,0.93,6.0,30.4,4.6,29.4,1,7/4/2025 10:05:37 AM
6/22/2025 1:00:00 AM,6/21/2025 9:00:00 PM,800,320.7,147.3,97.9,234.1,800.0,0.0,0.92,6.0,30.4,4.3,26.0,1,7/4/2025 10:05:37 AM
6/22/2025 2:00:00 AM,6/21/2025 10:00:00 PM,800,312.5,65.4,110.2,311.7,800.0,0.0,0.93,6.0,30.4,4.2,25.7,1,7/4/2025 10:05:37 AM
6/22/2025 3:00:00 AM,6/21/2025 11:00:00 PM,800,313.0,65.4,107.3,313.9,800.0,0.0,0.91,6.0,30.4,3.1,25.9,1,7/4/2025 10:05:37 AM
6/22/2025 4:00:00 AM,6/22/2025 12:00:00 AM,525,220.4,109.1,64.7,131.5,525.0,0.0,0.89,6.0,30.4,1.8,23.7,1,7/4/2025 10:05:37 AM
6/22/2025 5:00:00 AM,6/22/2025 1:00:00 AM,525,220.4,75.9,64.7,164.4,525.0,0.0,0.89,6.0,30.4,5.9,28.7,1,7/4/2025 10:05:37 AM
6/22/2025 6:00:00 AM,6/22/2025 2:00:00 AM,525,237.3,166.2,47.1,74.6,525.0,0.0,0.91,6.0,30.4,8.2,31.0,1,7/4/2025 10:05:37 AM
6/22/2025 7:00:00 AM,6/22/2025 3:00:00 AM,525,237.9,166.2,46.2,75.1,525.0,0.0,0.90,6.0,30.4,8.1,28.5,1,7/4/2025 10:05:37 AM
6/22/2025 8:00:00 AM,6/22/2025 4:00:00 AM,525,206.6,228.8,77.9,12.2,525.0,0.0,0.89,6.0,30.4,7.4,26.7,1,7/4/2025 10:05:37 AM
6/22/2025 9:00:00 AM,6/22/2025 5:00:00 AM,800,308.8,160.6,103.7,227.1,800.0,0.0,0.92,6.0,30.4,4.1,31.6,1,7/4/2025 10:05:37 AM
6/22/2025 10:00:00 AM,6/22/2025 6:00:00 AM,800,317.1,141.7,92.7,248.6,800.0,0.0,0.92,6.0,30.4,7.6,29.7,1,7/4/2025 10:05:37 AM
6/22/2025 11:00:00 AM,6/22/2025 7:00:00 AM,800,320.0,164.0,86.3,229.5,800.0,0.0,0.91,6.0,30.4,6.3,33.8,1,7/4/2025 10:05:37 AM
6/22/2025 12:00:00 PM,6/22/2025 8:00:00 AM,800,315.6,164.0,94.2,226.5,800.0,0.0,0.92,6.0,30.4,4.5,22.3,1,7/4/2025 10:05:37 AM
6/22/2025 1:00:00 PM,6/22/2025 9:00:00 AM,800,315.0,162.5,98.0,224.7,800.0,0.0,0.87,6.0,30.4,7.6,29.1,1,7/4/2025 10:05:37 AM
6/22/2025 2:00:00 PM,6/22/2025 10:00:00 AM,800,314.7,133.6,99.3,252.6,800.0,0.0,0.92,6.0,30.4,4.7,31.0,1,7/4/2025 10:05:37 AM
6/22/2025 3:00:00 PM,6/22/2025 11:00:00 AM,800,315.1,133.6,97.6,253.8,800.0,0.0,0.91,6.0,30.4,5.5,31.3,1,7/4/2025 10:05:37 AM
6/22/2025 4:00:00 PM,6/22/2025 12:00:00 PM,800,315.3,133.6,96.5,254.7,800.0,0.0,0.92,6.0,30.4,4.9,26.3,1,7/4/2025 10:05:37 AM
6/22/2025 5:00:00 PM,6/22/2025 1:00:00 PM,800,306.9,133.6,104.9,254.7,800.0,0.0,0.92,6.0,30.4,1.7,24.4,1,7/4/2025 10:05:37 AM
6/22/2025 6:00:00 PM,6/22/2025 2:00:00 PM,800,329.0,20.8,69.8,380.7,800.0,0.0,0.93,6.0,30.4,7.0,22.0,1,7/4/2025 10:05:37 AM
6/22/2025 7:00:00 PM,6/22/2025 3:00:00 PM,800,332.5,102.7,75.3,289.6,800.0,0.0,0.89,6.0,30.4,3.9,12.8,1,7/4/2025 10:05:37 AM
6/22/2025 8:00:00 PM,6/22/2025 4:00:00 PM,800,330.2,102.7,77.6,289.6,800.0,0.0,0.90,6.0,30.4,5.7,25.7,1,7/4/2025 10:05:37 AM
6/22/2025 9:00:00 PM,6/22/2025 5:00:00 PM,800,332.0,102.7,74.0,291.2,800.0,0.0,0.93,6.0,30.4,4.8,30.8,1,7/4/2025 10:05:37 AM
6/22/2025 10:00:00 PM,6/22/2025 6:00:00 PM,800,332.4,102.7,73.1,291.6,800.0,0.0,0.93,6.0,30.4,4.8,30.9,1,7/4/2025 10:05:37 AM
6/22/2025 11:00:00 PM,6/22/2025 7:00:00 PM,800,330.6,102.7,78.3,288.5,800.0,0.0,0.84,6.0,30.4,5.1,20.1,1,7/4/2025 10:05:37 AM
6/23/2025 12:00:00 AM,6/22/2025 8:00:00 PM,800,341.2,102.7,61.4,294.3,800.0,0.0,0.93,6.0,30.4,6.5,31.2,1,7/4/2025 10:05:37 AM
6/23/2025 1:00:00 AM,6/22/2025 9:00:00 PM,800,343.6,102.7,62.7,291.0,800.0,0.0,0.91,6.0,30.4,6.1,24.6,1,7/4/2025 10:05:37 AM
6/23/2025 2:00:00 AM,6/22/2025 10:00:00 PM,800,343.5,130.9,47.0,278.6,800.0,0.0,0.87,6.0,30.4,5.0,26.1,1,7/4/2025 10:05:37 AM
6/23/2025 3:00:00 AM,6/22/2025 11:00:00 PM,800,335.4,127.7,57.3,279.5,800.0,0.0,0.88,6.0,30.4,3.7,22.4,1,7/4/2025 10:05:37 AM
6/23/2025 4:00:00 AM,6/23/2025 12:00:00 AM,800,341.6,100.9,46.1,311.4,800.0,0.0,0.85,6.0,30.5,8.8,32.4,1,7/4/2025 10:05:37 AM
6/23/2025 5:00:00 AM,6/23/2025 1:00:00 AM,800,342.3,99.5,36.9,321.4,800.0,0.0,0.89,6.0,30.5,5.3,26.0,1,7/4/2025 10:05:37 AM
6/23/2025 6:00:00 AM,6/23/2025 2:00:00 AM,800,341.9,94.3,31.3,332.7,800.0,0.0,0.91,6.0,30.5,3.3,32.8,1,7/4/2025 10:05:37 AM
6/23/2025 7:00:00 AM,6/23/2025 3:00:00 AM,800,342.2,101.7,36.5,319.6,800.0,0.0,0.89,6.0,30.5,5.5,31.6,1,7/4/2025 10:05:37 AM
6/23/2025 8:00:00 AM,6/23/2025 4:00:00 AM,800,343.8,100.2,31.5,324.6,800.0,0.0,0.89,6.0,30.5,4.9,38.1,1,7/4/2025 10:05:37 AM
6/23/2025 9:00:00 AM,6/23/2025 5:00:00 AM,800,343.8,83.3,34.0,338.9,800.0,0.0,0.90,6.0,30.5,4.6,26.2,1,7/4/2025 10:05:37 AM
6/23/2025 10:00:00 AM,6/23/2025 6:00:00 AM,800,352.1,72.3,26.6,348.9,800.0,0.0,0.86,6.0,30.5,4.9,35.5,1,7/4/2025 10:05:37 AM
6/23/2025 11:00:00 AM,6/23/2025 7:00:00 AM,800,353.6,73.8,25.7,346.8,800.0,0.0,0.89,6.0,30.5,4.4,32.6,1,7/4/2025 10:05:37 AM
6/23/2025 12:00:00 PM,6/23/2025 8:00:00 AM,800,351.9,73.8,27.0,347.1,800.0,0.0,0.89,6.0,30.5,5.0,32.4,1,7/4/2025 10:05:37 AM
6/23/2025 1:00:00 PM,6/23/2025 9:00:00 AM,800,348.2,73.8,35.3,342.5,800.0,0.0,0.88,6.0,30.5,3.5,35.4,1,7/4/2025 10:05:37 AM
6/23/2025 2:00:00 PM,6/23/2025 10:00:00 AM,800,348.5,70.2,32.6,348.5,800.0,0.0,0.89,6.0,30.5,6.0,28.6,1,7/4/2025 10:05:37 AM
6/23/2025 3:00:00 PM,6/23/2025 11:00:00 AM,800,348.9,24.6,49.3,376.9,800.0,0.0,0.87,6.0,30.5,5.6,27.8,1,7/4/2025 10:05:37 AM
6/23/2025 4:00:00 PM,6/23/2025 12:00:00 PM,800,333.1,115.3,66.8,284.8,800.0,0.0,0.87,6.0,30.5,4.7,28.1,1,7/4/2025 10:05:37 AM
6/23/2025 5:00:00 PM,6/23/2025 1:00:00 PM,800,331.3,115.3,48.8,304.7,800.0,0.0,0.91,6.0,30.5,4.5,27.9,1,7/4/2025 10:05:37 AM
6/23/2025 6:00:00 PM,6/23/2025 2:00:00 PM,800,329.6,118.7,55.6,296.0,800.0,0.0,0.88,6.0,30.5,2.8,17.4,1,7/4/2025 10:05:37 AM
6/23/2025 7:00:00 PM,6/23/2025 3:00:00 PM,800,330.5,118.7,31.3,319.6,800.0,0.0,0.88,6.0,30.5,5.2,28.5,1,7/4/2025 10:05:37 AM
6/23/2025 8:00:00 PM,6/23/2025 4:00:00 PM,800,305.9,118.7,78.8,296.4,800.0,0.0,0.90,6.0,30.5,4.9,25.0,1,7/4/2025 10:05:37 AM
6/23/2025 9:00:00 PM,6/23/2025 5:00:00 PM,800,309.1,117.0,72.2,301.8,800.0,0.0,0.90,6.0,30.5,3.8,26.4,1,7/4/2025 10:05:37 AM
6/23/2025 10:00:00 PM,6/23/2025 6:00:00 PM,1000,340.3,117.0,92.7,450.1,1000.0,0.0,0.87,6.0,30.5,3.0,28.4,1,7/4/2025 10:05:37 AM
6/23/2025 11:00:00 PM,6/23/2025 7:00:00 PM,1000,341.2,5.3,116.6,537.0,1000.0,0.0,0.85,6.0,30.5,3.9,24.9,1,7/4/2025 10:05:37 AM
6/24/2025 12:00:00 AM,6/23/2025 8:00:00 PM,1000,360.3,5.3,137.4,497.2,1000.0,0.0,0.90,6.0,30.5,1.5,15.2,1,7/4/2025 10:05:37 AM
6/24/2025 1:00:00 AM,6/23/2025 9:00:00 PM,800,295.6,5.3,86.1,412.8,800.0,0.0,0.87,6.0,30.5,6.9,26.0,1,7/4/2025 10:05:37 AM
6/24/2025 2:00:00 AM,6/23/2025 10:00:00 PM,800,290.2,84.4,103.2,322.1,800.0,0.0,0.83,6.0,30.5,6.3,24.4,1,7/4/2025 10:05:37 AM
6/24/2025 3:00:00 AM,6/23/2025 11:00:00 PM,800,296.7,69.7,92.6,340.8,800.0,0.0,0.91,6.0,30.5,4.8,28.6,1,7/4/2025 10:05:37 AM
6/24/2025 4:00:00 AM,6/24/2025 12:00:00 AM,800,297.1,83.5,90.9,329.0,800.0,0.0,0.89,6.0,30.6,5.2,23.8,1,7/4/2025 10:05:37 AM
6/24/2025 5:00:00 AM,6/24/2025 1:00:00 AM,800,329.5,53.1,58.7,358.9,800.0,0.0,0.90,6.0,30.6,7.6,28.4,1,7/4/2025 10:05:37 AM
6/24/2025 6:00:00 AM,6/24/2025 2:00:00 AM,800,345.1,53.1,47.2,354.6,800.0,0.0,0.89,6.0,30.6,5.5,34.7,1,7/4/2025 10:05:37 AM
6/24/2025 7:00:00 AM,6/24/2025 3:00:00 AM,800,328.0,76.1,62.8,333.2,800.0,0.0,0.89,6.0,30.6,5.6,30.8,1,7/4/2025 10:05:37 AM
6/24/2025 8:00:00 AM,6/24/2025 4:00:00 AM,800,329.9,45.3,58.4,366.5,800.0,0.0,0.89,6.0,30.6,5.2,30.3,1,7/4/2025 10:05:37 AM
6/24/2025 9:00:00 AM,6/24/2025 5:00:00 AM,800,327.4,49.9,69.6,353.3,800.0,0.0,0.89,6.0,30.6,5.3,27.7,1,7/4/2025 10:05:37 AM
6/24/2025 10:00:00 AM,6/24/2025 6:00:00 AM,800,335.8,131.5,60.4,272.4,800.0,0.0,0.90,6.0,30.6,4.3,29.3,1,7/4/2025 10:05:37 AM
6/24/2025 11:00:00 AM,6/24/2025 7:00:00 AM,800,337.6,134.3,59.8,268.4,800.0,0.0,0.89,6.0,30.6,6.2,27.8,1,7/4/2025 10:05:37 AM
6/24/2025 12:00:00 PM,6/24/2025 8:00:00 AM,800,335.6,134.3,63.0,267.3,800.0,0.0,0.89,6.0,30.6,4.7,25.0,1,7/4/2025 10:05:37 AM
6/24/2025 1:00:00 PM,6/24/2025 9:00:00 AM,800,333.9,134.3,79.4,252.6,800.0,0.0,0.84,6.0,30.6,4.6,24.3,1,7/4/2025 10:05:37 AM
6/24/2025 2:00:00 PM,6/24/2025 10:00:00 AM,800,331.3,113.8,68.5,286.9,800.0,0.0,0.89,6.0,30.6,5.6,30.0,1,7/4/2025 10:05:37 AM
6/24/2025 3:00:00 PM,6/24/2025 11:00:00 AM,800,325.5,8.5,69.5,396.5,800.0,0.0,0.87,6.0,30.6,5.8,28.7,1,7/4/2025 10:05:37 AM
6/24/2025 4:00:00 PM,6/24/2025 12:00:00 PM,800,311.9,122.0,78.4,287.5,800.0,0.0,0.88,6.0,30.6,5.6,26.6,1,7/4/2025 10:05:37 AM
6/24/2025 5:00:00 PM,6/24/2025 1:00:00 PM,800,309.6,122.0,71.2,297.2,800.0,0.0,0.88,6.0,30.6,5.8,30.5,1,7/4/2025 10:05:37 AM
6/24/2025 6:00:00 PM,6/24/2025 2:00:00 PM,800,305.0,122.0,78.2,295.1,800.0,0.0,0.93,6.0,30.6,3.7,25.0,1,7/4/2025 10:05:37 AM
6/24/2025 7:00:00 PM,6/24/2025 3:00:00 PM,800,307.9,151.1,71.6,269.4,800.0,0.0,0.93,6.0,30.6,3.5,23.9,1,7/4/2025 10:05:37 AM
6/24/2025 8:00:00 PM,6/24/2025 4:00:00 PM,800,310.5,90.4,68.5,330.8,800.0,0.0,0.87,6.0,30.6,1.8,21.4,1,7/4/2025 10:05:37 AM
6/24/2025 9:00:00 PM,6/24/2025 5:00:00 PM,800,309.5,151.1,79.1,260.2,800.0,0.0,0.92,6.0,30.6,3.0,22.3,1,7/4/2025 10:05:37 AM
6/24/2025 10:00:00 PM,6/24/2025 6:00:00 PM,1000,344.3,90.4,73.6,491.5,1000.0,0.0,0.89,6.0,30.6,3.6,24.5,1,7/4/2025 10:05:37 AM
6/24/2025 11:00:00 PM,6/24/2025 7:00:00 PM,1000,347.2,90.4,97.2,465.0,1000.0,0.0,0.94,6.0,30.6,1.8,19.1,1,7/4/2025 10:05:37 AM
6/25/2025 12:00:00 AM,6/24/2025 8:00:00 PM,1000,365.9,90.4,108.7,435.0,1000.0,0.0,0.91,6.0,30.6,1.0,15.7,1,7/4/2025 10:05:37 AM
6/25/2025 1:00:00 AM,6/24/2025 9:00:00 PM,800,331.7,90.4,73.8,304.4,800.0,0.0,0.90,6.0,30.6,1.4,16.5,1,7/4/2025 10:05:37 AM
6/25/2025 2:00:00 AM,6/24/2025 10:00:00 PM,800,334.4,73.2,65.7,326.4,800.0,0.0,0.84,6.0,30.6,8.0,19.4,1,7/4/2025 10:05:37 AM
6/25/2025 3:00:00 AM,6/24/2025 11:00:00 PM,800,326.1,100.1,76.0,297.8,800.0,0.0,0.91,6.0,30.6,6.7,24.2,1,7/4/2025 10:05:37 AM
6/25/2025 4:00:00 AM,6/25/2025 12:00:00 AM,800,325.1,77.0,72.8,325.0,800.0,0.0,0.87,6.0,30.5,7.4,29.2,1,7/4/2025 10:05:37 AM
6/25/2025 5:00:00 AM,6/25/2025 1:00:00 AM,800,325.2,60.2,68.2,346.3,800.0,0.0,0.88,6.0,30.5,2.1,19.5,1,7/4/2025 10:05:37 AM
6/25/2025 6:00:00 AM,6/25/2025 2:00:00 AM,800,348.7,60.2,33.9,357.4,800.0,0.0,0.87,6.0,30.5,6.0,28.2,1,7/4/2025 10:05:37 AM
6/25/2025 7:00:00 AM,6/25/2025 3:00:00 AM,800,325.8,60.2,63.2,350.5,800.0,0.0,0.89,6.0,30.5,3.5,24.7,1,7/4/2025 10:05:37 AM
6/25/2025 8:00:00 AM,6/25/2025 4:00:00 AM,800,325.5,67.5,65.3,341.6,800.0,0.0,0.87,6.0,30.5,5.0,31.4,1,7/4/2025 10:05:37 AM
6/25/2025 9:00:00 AM,6/25/2025 5:00:00 AM,800,325.5,70.7,69.5,334.3,800.0,0.0,0.89,6.0,30.5,4.5,24.0,1,7/4/2025 10:05:37 AM
6/25/2025 10:00:00 AM,6/25/2025 6:00:00 AM,800,331.8,66.8,64.8,336.9,800.0,0.0,0.87,6.0,30.5,4.5,31.2,1,7/4/2025 10:05:37 AM
6/25/2025 11:00:00 AM,6/25/2025 7:00:00 AM,800,333.7,66.8,62.4,336.9,800.0,0.0,0.89,6.0,30.5,4.4,32.0,1,7/4/2025 10:05:37 AM
6/25/2025 12:00:00 PM,6/25/2025 8:00:00 AM,800,331.2,8.5,80.7,379.6,800.0,0.0,0.89,6.0,30.5,1.8,19.7,1,7/4/2025 10:05:37 AM
6/25/2025 1:00:00 PM,6/25/2025 9:00:00 AM,800,331.0,8.5,66.9,393.9,800.0,0.0,0.90,6.0,30.5,5.5,29.9,1,7/4/2025 10:05:37 AM
6/25/2025 2:00:00 PM,6/25/2025 10:00:00 AM,800,330.6,8.5,63.2,397.6,800.0,0.0,0.87,6.0,30.5,4.6,25.7,1,7/4/2025 10:05:37 AM
6/25/2025 3:00:00 PM,6/25/2025 11:00:00 AM,800,330.8,8.5,66.2,394.8,800.0,0.0,0.89,6.0,30.5,4.7,31.0,1,7/4/2025 10:05:37 AM
6/25/2025 4:00:00 PM,6/25/2025 12:00:00 PM,800,312.8,122.3,70.5,294.1,800.0,0.0,0.86,6.0,30.5,10.0,20.0,1,7/4/2025 10:05:37 AM
6/25/2025 5:00:00 PM,6/25/2025 1:00:00 PM,800,306.4,122.3,75.5,295.9,800.0,0.0,0.87,6.0,30.5,8.6,24.8,1,7/4/2025 10:05:37 AM
6/25/2025 6:00:00 PM,6/25/2025 2:00:00 PM,800,306.4,122.3,74.7,296.7,800.0,0.0,0.90,6.0,30.5,5.7,22.0,1,7/4/2025 10:05:37 AM
6/25/2025 7:00:00 PM,6/25/2025 3:00:00 PM,800,309.6,151.3,71.8,267.0,800.0,0.0,0.90,6.0,30.5,5.0,28.1,1,7/4/2025 10:05:37 AM
6/25/2025 8:00:00 PM,6/25/2025 4:00:00 PM,800,312.7,151.3,72.7,262.9,800.0,0.0,0.91,6.0,30.5,4.1,23.0,1,7/4/2025 10:05:37 AM
6/25/2025 9:00:00 PM,6/25/2025 5:00:00 PM,800,311.9,90.4,80.4,316.9,800.0,0.0,0.93,6.0,30.5,5.7,27.6,1,7/4/2025 10:05:37 AM
6/25/2025 10:00:00 PM,6/25/2025 6:00:00 PM,1000,349.7,90.4,89.5,470.6,1000.0,0.0,0.87,6.0,30.5,3.4,13.0,1,7/4/2025 10:05:37 AM
6/25/2025 11:00:00 PM,6/25/2025 7:00:00 PM,1000,308.9,8.5,94.6,588.2,1000.0,0.0,0.91,6.0,30.5,5.0,27.0,1,7/4/2025 10:05:37 AM
6/26/2025 12:00:00 AM,6/25/2025 8:00:00 PM,1000,326.0,8.5,121.4,544.3,1000.0,0.0,0.90,6.0,30.5,3.3,29.9,1,7/4/2025 10:05:37 AM
6/26/2025 1:00:00 AM,6/25/2025 9:00:00 PM,800,296.7,8.5,104.3,390.5,800.0,0.0,0.90,6.0,30.5,4.2,28.8,1,7/4/2025 10:05:37 AM
6/26/2025 2:00:00 AM,6/25/2025 10:00:00 PM,800,290.7,84.8,103.8,320.6,800.0,0.0,0.87,6.0,30.5,2.4,18.4,1,7/4/2025 10:05:37 AM
6/26/2025 3:00:00 AM,6/25/2025 11:00:00 PM,800,290.8,78.2,99.3,331.8,800.0,0.0,0.88,6.0,30.5,3.9,23.0,1,7/4/2025 10:05:37 AM
6/26/2025 4:00:00 AM,6/26/2025 12:00:00 AM,525,211.4,104.7,69.2,139.7,525.0,0.0,0.88,6.0,30.4,6.2,29.5,1,7/4/2025 10:05:37 AM
6/26/2025 5:00:00 AM,6/26/2025 1:00:00 AM,525,211.0,104.7,69.9,139.8,525.0,0.0,0.88,6.0,30.4,6.8,28.1,1,7/4/2025 10:05:37 AM
6/26/2025 6:00:00 AM,6/26/2025 2:00:00 AM,525,257.0,104.7,21.8,141.5,525.0,0.0,0.89,6.0,30.4,8.4,29.9,1,7/4/2025 10:05:37 AM
6/26/2025 7:00:00 AM,6/26/2025 3:00:00 AM,525,215.3,104.7,67.7,137.6,525.0,0.0,0.88,6.0,30.4,4.5,34.4,1,7/4/2025 10:05:37 AM
6/26/2025 8:00:00 AM,6/26/2025 4:00:00 AM,525,214.5,104.7,68.9,137.4,525.0,0.0,0.88,6.0,30.4,6.5,14.7,1,7/4/2025 10:05:37 AM
6/26/2025 9:00:00 AM,6/26/2025 5:00:00 AM,800,302.6,104.7,82.6,310.0,800.0,0.0,0.88,6.0,30.4,5.8,23.8,1,7/4/2025 10:05:37 AM
6/26/2025 10:00:00 AM,6/26/2025 6:00:00 AM,800,308.2,108.6,79.9,303.8,800.0,0.0,0.86,6.0,30.4,3.9,38.6,1,7/4/2025 10:05:37 AM
6/26/2025 11:00:00 AM,6/26/2025 7:00:00 AM,800,309.8,108.6,78.5,303.0,800.0,0.0,0.87,6.0,30.4,6.5,32.2,1,7/4/2025 10:05:37 AM
6/26/2025 12:00:00 PM,6/26/2025 8:00:00 AM,800,307.9,47.5,80.0,364.9,800.0,0.0,0.87,6.0,30.4,4.5,31.8,1,7/4/2025 10:05:37 AM
6/26/2025 1:00:00 PM,6/26/2025 9:00:00 AM,800,304.6,48.4,104.6,342.6,800.0,0.0,0.86,6.0,30.4,6.2,34.9,1,7/4/2025 10:05:37 AM
6/26/2025 2:00:00 PM,6/26/2025 10:00:00 AM,800,307.3,52.5,87.5,353.2,800.0,0.0,0.86,6.0,30.4,4.6,28.5,1,7/4/2025 10:05:37 AM
6/26/2025 3:00:00 PM,6/26/2025 11:00:00 AM,800,309.8,166.1,89.2,235.0,800.0,0.0,0.86,6.0,30.4,6.9,26.4,1,7/4/2025 10:05:37 AM
6/26/2025 4:00:00 PM,6/26/2025 12:00:00 PM,800,295.0,164.2,90.2,250.5,800.0,0.0,0.89,6.0,30.4,7.2,30.5,1,7/4/2025 10:05:37 AM
6/26/2025 5:00:00 PM,6/26/2025 1:00:00 PM,800,293.1,164.2,79.4,263.5,800.0,0.0,0.91,6.0,30.4,6.4,31.5,1,7/4/2025 10:05:37 AM
6/26/2025 6:00:00 PM,6/26/2025 2:00:00 PM,800,316.0,132.5,59.5,291.6,800.0,0.0,0.91,6.0,30.4,6.5,24.1,1,7/4/2025 10:05:37 AM
6/26/2025 7:00:00 PM,6/26/2025 3:00:00 PM,800,290.6,130.6,90.1,288.5,800.0,0.0,0.89,6.0,30.4,4.3,28.6,1,7/4/2025 10:05:37 AM
6/26/2025 8:00:00 PM,6/26/2025 4:00:00 PM,800,290.4,132.5,94.6,282.2,800.0,0.0,0.91,6.0,30.4,4.9,35.4,1,7/4/2025 10:05:37 AM
6/26/2025 9:00:00 PM,6/26/2025 5:00:00 PM,800,293.4,130.6,82.9,292.8,800.0,0.0,0.91,6.0,30.4,5.2,31.8,1,7/4/2025 10:05:37 AM
6/26/2025 10:00:00 PM,6/26/2025 6:00:00 PM,800,311.9,130.6,80.7,276.4,800.0,0.0,0.92,6.0,30.4,5.4,26.7,1,7/4/2025 10:05:37 AM
6/26/2025 11:00:00 PM,6/26/2025 7:00:00 PM,800,318.7,130.6,70.5,280.3,800.0,0.0,0.91,6.0,30.4,6.8,33.3,1,7/4/2025 10:05:37 AM
6/27/2025 12:00:00 AM,6/26/2025 8:00:00 PM,800,331.0,130.6,70.8,267.6,800.0,0.0,0.93,6.0,30.4,3.8,31.3,1,7/4/2025 10:05:37 AM
6/27/2025 1:00:00 AM,6/26/2025 9:00:00 PM,800,330.2,48.7,75.4,345.7,800.0,0.0,0.91,6.0,30.4,5.8,27.7,1,7/4/2025 10:05:37 AM
6/27/2025 2:00:00 AM,6/26/2025 10:00:00 PM,800,324.0,108.1,75.1,292.9,800.0,0.0,0.93,6.0,30.4,4.9,27.9,1,7/4/2025 10:05:37 AM
6/27/2025 3:00:00 AM,6/26/2025 11:00:00 PM,800,323.3,104.8,73.8,298.4,800.0,0.0,0.91,6.0,30.4,6.8,27.9,1,7/4/2025 10:05:37 AM
6/27/2025 4:00:00 AM,6/27/2025 12:00:00 AM,525,226.2,105.9,57.8,134.8,525.0,0.0,0.91,5.9,30.2,8.0,26.6,1,7/4/2025 10:05:37 AM
6/27/2025 5:00:00 AM,6/27/2025 1:00:00 AM,525,203.7,105.9,79.4,135.9,525.0,0.0,0.89,5.9,30.2,7.8,26.4,1,7/4/2025 10:05:37 AM
6/27/2025 6:00:00 AM,6/27/2025 2:00:00 AM,525,259.8,105.9,24.5,134.8,525.0,0.0,0.92,5.9,30.2,5.9,29.3,1,7/4/2025 10:05:37 AM
6/27/2025 7:00:00 AM,6/27/2025 3:00:00 AM,525,224.8,107.8,59.3,133.1,525.0,0.0,0.92,5.9,30.2,4.0,28.3,1,7/4/2025 10:05:37 AM
6/27/2025 8:00:00 AM,6/27/2025 4:00:00 AM,525,193.6,107.8,90.1,133.2,525.0,0.0,0.91,5.9,30.2,7.5,26.6,1,7/4/2025 10:05:37 AM
6/27/2025 9:00:00 AM,6/27/2025 5:00:00 AM,800,302.3,138.5,118.3,240.8,800.0,0.0,0.90,5.9,30.2,6.3,28.7,1,7/4/2025 10:05:37 AM
6/27/2025 10:00:00 AM,6/27/2025 6:00:00 AM,800,302.6,102.3,120.3,274.8,800.0,0.0,0.93,5.9,30.2,4.3,28.1,1,7/4/2025 10:05:37 AM
6/27/2025 11:00:00 AM,6/27/2025 7:00:00 AM,800,311.2,102.3,109.4,276.9,800.0,0.0,0.90,5.9,30.2,4.3,23.9,1,7/4/2025 10:05:37 AM
6/27/2025 12:00:00 PM,6/27/2025 8:00:00 AM,800,298.4,71.7,128.4,301.6,800.0,0.0,0.87,5.9,30.2,4.8,31.6,1,7/4/2025 10:05:37 AM
6/27/2025 1:00:00 PM,6/27/2025 9:00:00 AM,800,297.7,73.5,124.9,304.1,800.0,0.0,0.91,5.9,30.2,5.9,29.1,1,7/4/2025 10:05:37 AM
6/27/2025 2:00:00 PM,6/27/2025 10:00:00 AM,800,300.3,73.5,124.0,302.3,800.0,0.0,0.89,5.9,30.2,6.7,30.6,1,7/4/2025 10:05:37 AM
6/27/2025 3:00:00 PM,6/27/2025 11:00:00 AM,800,300.9,185.1,123.2,190.9,800.0,0.0,0.91,5.9,30.2,7.6,27.4,1,7/4/2025 10:05:37 AM
6/27/2025 4:00:00 PM,6/27/2025 12:00:00 PM,800,301.0,114.4,126.3,258.2,800.0,0.0,0.90,5.9,30.2,3.7,21.4,1,7/4/2025 10:05:37 AM
6/27/2025 5:00:00 PM,6/27/2025 1:00:00 PM,800,301.0,114.4,124.2,260.6,800.0,0.0,0.91,5.9,30.2,2.8,21.5,1,7/4/2025 10:05:37 AM
6/27/2025 6:00:00 PM,6/27/2025 2:00:00 PM,525,182.2,38.0,101.4,203.3,525.0,0.0,0.92,5.9,30.2,11.5,29.1,1,7/4/2025 10:05:37 AM
6/27/2025 7:00:00 PM,6/27/2025 3:00:00 PM,525,186.4,92.6,97.1,148.9,525.0,0.0,0.95,5.9,30.2,5.3,26.1,1,7/4/2025 10:05:37 AM
6/27/2025 8:00:00 PM,6/27/2025 4:00:00 PM,525,182.5,92.6,100.6,149.3,525.0,0.0,0.87,5.9,30.2,7.9,31.7,1,7/4/2025 10:05:37 AM
6/27/2025 9:00:00 PM,6/27/2025 5:00:00 PM,525,184.8,97.5,98.6,144.2,525.0,0.0,0.90,5.9,30.2,5.9,22.7,1,7/4/2025 10:05:37 AM
6/27/2025 10:00:00 PM,6/27/2025 6:00:00 PM,800,301.0,97.5,126.0,275.7,800.0,0.0,0.90,5.9,30.2,11.7,22.9,1,7/4/2025 10:05:37 AM
6/27/2025 11:00:00 PM,6/27/2025 7:00:00 PM,800,293.5,97.5,136.4,272.6,800.0,0.0,0.91,5.9,30.2,5.0,28.1,1,7/4/2025 10:05:37 AM
6/28/2025 12:00:00 AM,6/27/2025 8:00:00 PM,800,305.8,97.5,116.4,280.6,800.0,0.0,0.90,5.9,30.2,7.4,29.2,1,7/4/2025 10:05:37 AM
6/28/2025 1:00:00 AM,6/27/2025 9:00:00 PM,800,306.6,41.2,120.4,332.0,800.0,0.0,0.93,5.9,30.2,4.1,26.4,1,7/4/2025 10:05:37 AM
6/28/2025 2:00:00 AM,6/27/2025 10:00:00 PM,800,308.8,112.9,116.8,262.0,800.0,0.0,0.92,5.9,30.2,3.1,24.5,1,7/4/2025 10:05:37 AM
6/28/2025 3:00:00 AM,6/27/2025 11:00:00 PM,800,308.9,140.3,115.7,235.5,800.0,0.0,0.92,5.9,30.2,5.3,26.7,1,7/4/2025 10:05:37 AM
6/28/2025 4:00:00 AM,6/28/2025 12:00:00 AM,525,192.4,107.5,90.1,135.0,525.0,0.0,0.91,5.9,30.1,5.6,25.3,1,7/4/2025 10:05:37 AM
6/28/2025 5:00:00 AM,6/28/2025 1:00:00 AM,525,192.1,108.0,90.9,134.2,525.0,0.0,0.89,5.9,30.1,10.9,27.1,1,7/4/2025 10:05:37 AM
6/28/2025 6:00:00 AM,6/28/2025 2:00:00 AM,525,211.8,104.3,70.4,138.5,525.0,0.0,0.91,5.9,30.1,7.1,27.6,1,7/4/2025 10:05:37 AM
6/28/2025 7:00:00 AM,6/28/2025 3:00:00 AM,525,212.2,104.3,69.9,138.5,525.0,0.0,0.88,5.9,30.1,10.2,30.1,1,7/4/2025 10:05:37 AM
6/28/2025 8:00:00 AM,6/28/2025 4:00:00 AM,525,182.8,103.7,100.5,138.4,525.0,0.0,0.93,5.9,30.1,5.4,29.5,1,7/4/2025 10:05:37 AM
6/28/2025 9:00:00 AM,6/28/2025 5:00:00 AM,800,328.5,121.8,82.8,267.1,800.0,0.0,0.93,5.9,30.1,4.7,31.1,1,7/4/2025 10:05:37 AM
6/28/2025 10:00:00 AM,6/28/2025 6:00:00 AM,800,293.2,121.8,132.0,253.1,800.0,0.0,0.92,5.9,30.1,2.7,31.9,1,7/4/2025 10:05:37 AM
6/28/2025 11:00:00 AM,6/28/2025 7:00:00 AM,800,307.1,121.8,111.1,260.0,800.0,0.0,0.93,5.9,30.1,5.0,33.9,1,7/4/2025 10:05:37 AM
6/28/2025 12:00:00 PM,6/28/2025 8:00:00 AM,800,327.3,121.8,84.7,266.5,800.0,0.0,0.89,5.9,30.1,5.4,31.8,1,7/4/2025 10:05:37 AM
6/28/2025 1:00:00 PM,6/28/2025 9:00:00 AM,800,293.1,121.8,133.4,251.7,800.0,0.0,0.90,5.9,30.1,7.6,32.8,1,7/4/2025 10:05:37 AM
6/28/2025 2:00:00 PM,6/28/2025 10:00:00 AM,800,293.3,121.8,133.4,251.3,800.0,0.0,0.90,5.9,30.1,5.7,28.6,1,7/4/2025 10:05:37 AM
6/28/2025 3:00:00 PM,6/28/2025 11:00:00 AM,800,292.3,234.2,134.0,139.6,800.0,0.0,0.91,5.9,30.1,5.2,30.6,1,7/4/2025 10:05:37 AM
6/28/2025 4:00:00 PM,6/28/2025 12:00:00 PM,800,290.2,236.1,134.2,139.7,800.0,0.0,0.89,5.9,30.1,5.6,25.8,1,7/4/2025 10:05:37 AM
6/28/2025 5:00:00 PM,6/28/2025 1:00:00 PM,800,285.6,236.1,136.8,141.9,800.0,0.0,0.92,5.9,30.1,6.0,29.4,1,7/4/2025 10:05:37 AM
6/28/2025 6:00:00 PM,6/28/2025 2:00:00 PM,525,222.0,97.5,63.3,142.2,525.0,0.0,0.92,5.9,30.1,3.3,26.2,1,7/4/2025 10:05:37 AM
6/28/2025 7:00:00 PM,6/28/2025 3:00:00 PM,525,221.9,97.5,63.4,142.3,525.0,0.0,0.90,5.9,30.1,7.4,33.0,1,7/4/2025 10:05:37 AM
6/28/2025 8:00:00 PM,6/28/2025 4:00:00 PM,525,177.0,119.7,107.1,121.3,525.0,0.0,0.91,5.9,30.1,5.7,24.0,1,7/4/2025 10:05:37 AM
6/28/2025 9:00:00 PM,6/28/2025 5:00:00 PM,525,177.1,124.6,107.0,116.6,525.0,0.0,0.90,5.9,30.1,3.7,20.5,1,7/4/2025 10:05:37 AM
6/28/2025 10:00:00 PM,6/28/2025 6:00:00 PM,800,287.5,124.6,126.2,261.9,800.0,0.0,0.89,5.9,30.1,3.8,25.6,1,7/4/2025 10:05:37 AM
6/28/2025 11:00:00 PM,6/28/2025 7:00:00 PM,800,287.5,124.6,137.1,251.0,800.0,0.0,0.91,5.9,30.1,7.2,28.9,1,7/4/2025 10:05:37 AM
6/29/2025 12:00:00 AM,6/28/2025 8:00:00 PM,800,286.5,124.6,135.3,254.0,800.0,0.0,0.90,5.9,30.1,5.6,32.1,1,7/4/2025 10:05:37 AM
6/29/2025 1:00:00 AM,6/28/2025 9:00:00 PM,800,294.5,152.8,130.2,222.4,800.0,0.0,0.92,5.9,30.1,6.6,27.9,1,7/4/2025 10:05:37 AM
6/29/2025 2:00:00 AM,6/28/2025 10:00:00 PM,800,290.5,141.3,136.8,231.6,800.0,0.0,0.90,5.9,30.1,5.8,27.7,1,7/4/2025 10:05:37 AM
6/29/2025 3:00:00 AM,6/28/2025 11:00:00 PM,800,291.0,138.1,134.6,236.7,800.0,0.0,0.88,5.9,30.1,8.2,30.3,1,7/4/2025 10:05:37 AM
6/29/2025 4:00:00 AM,6/29/2025 12:00:00 AM,525,191.8,133.7,91.1,108.2,525.0,0.0,0.92,5.9,30.0,2.3,30.5,1,7/4/2025 10:05:37 AM
6/29/2025 5:00:00 AM,6/29/2025 1:00:00 AM,525,191.8,133.7,91.1,108.1,525.0,0.0,0.89,5.9,30.0,7.8,29.6,1,7/4/2025 10:05:37 AM
6/29/2025 6:00:00 AM,6/29/2025 2:00:00 AM,525,221.3,111.1,63.1,129.6,525.0,0.0,0.89,5.9,30.0,5.7,25.5,1,7/4/2025 10:05:37 AM
6/29/2025 7:00:00 AM,6/29/2025 3:00:00 AM,525,223.5,111.1,60.7,129.8,525.0,0.0,0.90,5.9,30.0,7.1,28.6,1,7/4/2025 10:05:37 AM
6/29/2025 8:00:00 AM,6/29/2025 4:00:00 AM,525,193.2,98.3,90.9,142.6,525.0,0.0,0.90,5.9,30.0,4.8,32.3,1,7/4/2025 10:05:37 AM
6/29/2025 9:00:00 AM,6/29/2025 5:00:00 AM,800,298.2,136.8,114.3,250.7,800.0,0.0,0.90,5.9,30.0,4.7,22.9,1,7/4/2025 10:05:37 AM
6/29/2025 10:00:00 AM,6/29/2025 6:00:00 AM,800,295.4,138.7,124.0,241.7,800.0,0.0,0.89,5.9,30.0,4.7,29.3,1,7/4/2025 10:05:37 AM
6/29/2025 11:00:00 AM,6/29/2025 7:00:00 AM,800,308.9,138.7,101.9,250.7,800.0,0.0,0.87,5.9,30.0,5.0,33.2,1,7/4/2025 10:05:37 AM
6/29/2025 12:00:00 PM,6/29/2025 8:00:00 AM,800,298.7,138.7,124.2,238.5,800.0,0.0,0.88,5.9,30.0,4.1,27.5,1,7/4/2025 10:05:37 AM
6/29/2025 1:00:00 PM,6/29/2025 9:00:00 AM,800,302.7,138.7,118.2,240.3,800.0,0.0,0.91,5.9,30.0,5.8,32.2,1,7/4/2025 10:05:37 AM
6/29/2025 2:00:00 PM,6/29/2025 10:00:00 AM,800,302.6,137.7,118.8,240.8,800.0,0.0,0.90,5.9,30.0,4.4,28.6,1,7/4/2025 10:05:37 AM
6/29/2025 3:00:00 PM,6/29/2025 11:00:00 AM,800,302.7,253.6,118.0,125.5,800.0,0.0,0.91,5.9,30.0,6.6,23.1,1,7/4/2025 10:05:37 AM
6/29/2025 4:00:00 PM,6/29/2025 12:00:00 PM,800,295.5,253.6,126.0,124.8,800.0,0.0,0.93,5.9,30.0,3.6,30.2,1,7/4/2025 10:05:37 AM
6/29/2025 5:00:00 PM,6/29/2025 1:00:00 PM,800,295.5,255.4,123.6,125.4,800.0,0.0,0.92,5.9,30.0,5.3,29.6,1,7/4/2025 10:05:37 AM
6/29/2025 6:00:00 PM,6/29/2025 2:00:00 PM,525,233.3,112.3,51.1,128.1,525.0,0.0,0.92,5.9,30.0,4.6,20.9,1,7/4/2025 10:05:37 AM
6/29/2025 7:00:00 PM,6/29/2025 3:00:00 PM,525,231.9,124.5,52.9,115.3,525.0,0.0,0.91,5.9,30.0,7.0,21.7,1,7/4/2025 10:05:37 AM
6/29/2025 8:00:00 PM,6/29/2025 4:00:00 PM,525,187.6,124.5,95.1,117.6,525.0,0.0,0.91,5.9,30.0,6.3,31.9,1,7/4/2025 10:05:37 AM
6/29/2025 9:00:00 PM,6/29/2025 5:00:00 PM,525,204.4,124.5,78.1,118.0,525.0,0.0,0.93,5.9,30.0,2.3,25.1,1,7/4/2025 10:05:37 AM
6/29/2025 10:00:00 PM,6/29/2025 6:00:00 PM,800,308.2,124.5,107.3,259.6,800.0,0.0,0.90,5.9,30.0,1.4,25.3,1,7/4/2025 10:05:37 AM
6/29/2025 11:00:00 PM,6/29/2025 7:00:00 PM,800,310.0,124.5,96.9,268.6,800.0,0.0,0.88,5.9,30.0,1.4,21.4,1,7/4/2025 10:05:37 AM
6/30/2025 12:00:00 AM,6/29/2025 8:00:00 PM,800,310.0,120.7,110.4,258.8,800.0,0.0,0.89,5.9,30.0,2.6,23.7,1,7/4/2025 10:05:37 AM
6/30/2025 1:00:00 AM,6/29/2025 9:00:00 PM,800,312.0,138.9,106.5,242.5,800.0,0.0,0.91,5.9,30.0,6.1,28.6,1,7/4/2025 10:05:37 AM
6/30/2025 2:00:00 AM,6/29/2025 10:00:00 PM,800,308.0,140.0,109.4,242.6,800.0,0.0,0.89,5.9,30.0,5.3,24.3,1,7/4/2025 10:05:37 AM
6/30/2025 3:00:00 AM,6/29/2025 11:00:00 PM,800,307.5,136.8,108.3,247.5,800.0,0.0,0.88,5.9,30.0,8.0,19.3,1,7/4/2025 10:05:37 AM
6/30/2025 4:00:00 AM,6/30/2025 12:00:00 AM,525,218.9,119.4,64.4,122.0,525.0,0.0,0.83,5.8,29.8,4.6,34.4,1,7/4/2025 10:05:37 AM
6/30/2025 5:00:00 AM,6/30/2025 1:00:00 AM,525,221.5,119.4,61.9,122.2,525.0,0.0,0.84,5.8,29.8,7.8,26.4,1,7/4/2025 10:05:37 AM
6/30/2025 6:00:00 AM,6/30/2025 2:00:00 AM,525,259.7,119.4,24.6,121.6,525.0,0.0,0.86,5.8,29.8,6.4,27.9,1,7/4/2025 10:05:37 AM
6/30/2025 7:00:00 AM,6/30/2025 3:00:00 AM,525,220.3,134.1,62.9,107.8,525.0,0.0,0.90,5.8,29.8,6.9,30.5,1,7/4/2025 10:05:37 AM
6/30/2025 8:00:00 AM,6/30/2025 4:00:00 AM,525,219.9,119.4,63.4,122.3,525.0,0.0,0.90,5.8,29.8,7.4,35.7,1,7/4/2025 10:05:37 AM
6/30/2025 9:00:00 AM,6/30/2025 5:00:00 AM,800,315.7,149.8,94.1,240.5,800.0,0.0,0.89,5.8,29.8,4.8,28.9,1,7/4/2025 10:05:37 AM
6/30/2025 10:00:00 AM,6/30/2025 6:00:00 AM,800,323.9,119.8,86.0,270.5,800.0,0.0,0.88,5.8,29.8,5.2,29.1,1,7/4/2025 10:05:37 AM
6/30/2025 11:00:00 AM,6/30/2025 7:00:00 AM,800,324.8,119.8,86.7,268.8,800.0,0.0,0.90,5.8,29.8,3.2,21.5,1,7/4/2025 10:05:37 AM
6/30/2025 12:00:00 PM,6/30/2025 8:00:00 AM,800,323.8,119.8,83.1,273.4,800.0,0.0,0.88,5.8,29.8,8.4,26.4,1,7/4/2025 10:05:37 AM
6/30/2025 1:00:00 PM,6/30/2025 9:00:00 AM,800,321.8,119.8,90.4,268.3,800.0,0.0,0.89,5.8,29.8,5.7,25.1,1,7/4/2025 10:05:37 AM
6/30/2025 2:00:00 PM,6/30/2025 10:00:00 AM,800,335.4,119.8,65.4,279.2,800.0,0.0,0.90,5.8,29.8,7.6,28.1,1,7/4/2025 10:05:37 AM
6/30/2025 3:00:00 PM,6/30/2025 11:00:00 AM,800,336.4,231.4,64.3,167.8,800.0,0.0,0.90,5.8,29.8,5.9,24.8,1,7/4/2025 10:05:37 AM
6/30/2025 4:00:00 PM,6/30/2025 12:00:00 PM,800,335.1,231.4,63.5,170.0,800.0,0.0,0.88,5.8,29.8,6.1,26.3,1,7/4/2025 10:05:37 AM
6/30/2025 5:00:00 PM,6/30/2025 1:00:00 PM,800,326.9,129.9,81.9,261.1,800.0,0.0,0.89,5.8,29.8,5.6,17.0,1,7/4/2025 10:05:37 AM
6/30/2025 6:00:00 PM,6/30/2025 2:00:00 PM,525,249.2,101.7,34.8,139.2,525.0,0.0,0.89,5.8,29.8,9.9,27.7,1,7/4/2025 10:05:37 AM
6/30/2025 7:00:00 PM,6/30/2025 3:00:00 PM,525,235.8,135.3,48.1,105.7,525.0,0.0,0.88,5.8,29.8,5.1,21.4,1,7/4/2025 10:05:37 AM
6/30/2025 8:00:00 PM,6/30/2025 4:00:00 PM,525,232.7,135.3,50.8,106.0,525.0,0.0,0.89,5.8,29.8,8.5,27.8,1,7/4/2025 10:05:37 AM
6/30/2025 9:00:00 PM,6/30/2025 5:00:00 PM,525,249.3,149.2,34.6,91.9,525.0,0.0,0.87,5.8,29.8,5.5,13.5,1,7/4/2025 10:05:37 AM
6/30/2025 10:00:00 PM,6/30/2025 6:00:00 PM,800,341.4,149.2,66.8,242.6,800.0,0.0,0.86,5.8,29.8,5.7,21.1,1,7/4/2025 10:05:37 AM
6/30/2025 11:00:00 PM,6/30/2025 7:00:00 PM,800,324.9,149.2,65.8,260.3,800.0,0.0,0.86,5.8,29.8,5.8,30.3,1,7/4/2025 10:05:37 AM
7/1/2025 12:00:00 AM,6/30/2025 8:00:00 PM,800,316.4,135.3,84.5,264.1,800.0,0.0,0.89,5.8,29.8,4.8,22.2,1,7/4/2025 10:05:37 AM
7/1/2025 1:00:00 AM,6/30/2025 9:00:00 PM,800,337.3,156.6,70.1,236.2,800.0,0.0,0.92,5.8,29.8,5.5,25.6,1,7/4/2025 10:05:37 AM
7/1/2025 2:00:00 AM,6/30/2025 10:00:00 PM,800,320.0,152.5,98.7,228.9,800.0,0.0,0.89,5.8,29.8,5.9,18.2,1,7/4/2025 10:05:37 AM
7/1/2025 3:00:00 AM,6/30/2025 11:00:00 PM,800,320.4,151.7,93.8,234.4,800.0,0.0,0.92,5.8,29.8,5.9,34.3,1,7/4/2025 10:05:37 AM
7/1/2025 4:00:00 AM,7/1/2025 12:00:00 AM,525,224.7,84.5,57.9,158.0,525.0,0.0,0.87,5.8,29.7,5.9,22.3,1,8/1/2025 10:05:42 AM
7/1/2025 5:00:00 AM,7/1/2025 1:00:00 AM,525,213.4,101.4,69.3,141.0,525.0,0.0,0.86,5.8,29.7,7.0,22.3,1,8/1/2025 10:05:42 AM
7/1/2025 6:00:00 AM,7/1/2025 2:00:00 AM,525,261.7,101.4,22.0,140.0,525.0,0.0,0.89,5.8,29.7,7.0,26.0,1,8/1/2025 10:05:42 AM
7/1/2025 7:00:00 AM,7/1/2025 3:00:00 AM,525,225.4,90.2,57.1,152.4,525.0,0.0,0.89,5.8,29.7,5.6,24.7,1,8/1/2025 10:05:42 AM
7/1/2025 8:00:00 AM,7/1/2025 4:00:00 AM,525,250.2,76.7,33.6,164.3,525.0,0.0,0.86,5.8,29.7,6.2,32.1,1,8/1/2025 10:05:42 AM
7/1/2025 9:00:00 AM,7/1/2025 5:00:00 AM,800,337.5,105.3,59.8,297.3,800.0,0.0,0.84,5.8,29.7,5.7,32.5,1,8/1/2025 10:05:42 AM
7/1/2025 10:00:00 AM,7/1/2025 6:00:00 AM,800,336.8,105.3,65.3,292.4,800.0,0.0,0.88,5.8,29.7,4.6,36.4,1,8/1/2025 10:05:42 AM
7/1/2025 11:00:00 AM,7/1/2025 7:00:00 AM,800,346.2,105.3,48.2,300.5,800.0,0.0,0.87,5.8,29.7,4.5,30.8,1,8/1/2025 10:05:42 AM
7/1/2025 12:00:00 PM,7/1/2025 8:00:00 AM,800,313.9,105.3,79.3,301.4,800.0,0.0,0.88,5.8,29.7,5.9,32.5,1,8/1/2025 10:05:42 AM
7/1/2025 1:00:00 PM,7/1/2025 9:00:00 AM,800,292.0,105.3,108.2,294.4,800.0,0.0,0.89,5.8,29.7,5.3,27.6,1,8/1/2025 10:05:42 AM
7/1/2025 2:00:00 PM,7/1/2025 10:00:00 AM,800,296.4,104.4,101.3,298.0,800.0,0.0,0.86,5.8,29.7,7.7,27.7,1,8/1/2025 10:05:42 AM
7/1/2025 3:00:00 PM,7/1/2025 11:00:00 AM,800,296.9,217.1,100.8,185.2,800.0,0.0,0.90,5.8,29.7,6.7,30.0,1,8/1/2025 10:05:42 AM
7/1/2025 4:00:00 PM,7/1/2025 12:00:00 PM,800,296.4,217.1,102.7,183.8,800.0,0.0,0.91,5.8,29.7,6.2,28.1,1,8/1/2025 10:05:42 AM
7/1/2025 5:00:00 PM,7/1/2025 1:00:00 PM,800,296.2,197.4,104.9,201.5,800.0,0.0,0.92,5.8,29.7,5.8,28.1,1,8/1/2025 10:05:42 AM
7/1/2025 6:00:00 PM,7/1/2025 2:00:00 PM,525,214.0,146.3,70.2,94.5,525.0,0.0,0.93,5.8,29.7,8.7,25.2,1,8/1/2025 10:05:42 AM
7/1/2025 7:00:00 PM,7/1/2025 3:00:00 PM,525,215.7,193.7,67.8,48.0,525.0,0.0,0.92,5.8,29.7,7.6,27.8,1,8/1/2025 10:05:42 AM
7/1/2025 8:00:00 PM,7/1/2025 4:00:00 PM,525,223.4,193.7,60.7,47.1,525.0,0.0,0.92,5.8,29.7,3.0,28.5,1,8/1/2025 10:05:42 AM
7/1/2025 9:00:00 PM,7/1/2025 5:00:00 PM,525,221.4,180.8,62.2,60.5,525.0,0.0,0.91,5.8,29.7,6.0,32.3,1,8/1/2025 10:05:42 AM
7/1/2025 10:00:00 PM,7/1/2025 6:00:00 PM,800,318.9,237.9,99.9,143.6,800.0,0.0,0.90,5.8,29.7,5.7,21.6,1,8/1/2025 10:05:42 AM
7/1/2025 11:00:00 PM,7/1/2025 7:00:00 PM,800,292.9,224.1,118.8,164.2,800.0,0.0,0.92,5.8,29.7,4.6,27.1,1,8/1/2025 10:05:42 AM
7/2/2025 12:00:00 AM,7/1/2025 8:00:00 PM,800,287.8,142.2,126.6,243.6,800.0,0.0,0.90,5.8,29.7,8.9,26.7,1,8/1/2025 10:05:42 AM
7/2/2025 1:00:00 AM,7/1/2025 9:00:00 PM,800,288.8,140.5,126.0,244.8,800.0,0.0,0.87,5.8,29.7,1.4,21.7,1,8/1/2025 10:05:42 AM
7/2/2025 2:00:00 AM,7/1/2025 10:00:00 PM,800,290.4,137.2,120.3,252.2,800.0,0.0,0.87,5.8,29.7,3.0,22.6,1,8/1/2025 10:05:42 AM
7/2/2025 3:00:00 AM,7/1/2025 11:00:00 PM,800,295.6,137.2,107.7,259.4,800.0,0.0,0.88,5.8,29.7,6.0,29.0,1,8/1/2025 10:05:42 AM
7/2/2025 4:00:00 AM,7/2/2025 12:00:00 AM,525,222.3,117.3,60.3,125.0,525.0,0.0,0.84,5.7,29.4,5.9,26.6,1,8/1/2025 10:05:42 AM
7/2/2025 5:00:00 AM,7/2/2025 1:00:00 AM,525,208.5,72.8,75.7,168.2,525.0,0.0,0.87,5.7,29.4,5.9,25.6,1,8/1/2025 10:05:42 AM
7/2/2025 6:00:00 AM,7/2/2025 2:00:00 AM,525,250.7,117.3,30.8,126.3,525.0,0.0,0.89,5.7,29.4,3.1,30.4,1,8/1/2025 10:05:42 AM
7/2/2025 7:00:00 AM,7/2/2025 3:00:00 AM,525,222.9,119.1,59.4,123.6,525.0,0.0,0.87,5.7,29.4,6.5,32.5,1,8/1/2025 10:05:42 AM
7/2/2025 8:00:00 AM,7/2/2025 4:00:00 AM,525,210.2,119.1,73.7,121.9,525.0,0.0,0.90,5.7,29.4,4.2,32.1,1,8/1/2025 10:05:42 AM
7/2/2025 9:00:00 AM,7/2/2025 5:00:00 AM,800,292.6,124.5,108.8,274.1,800.0,0.0,0.87,5.7,29.4,6.2,24.7,1,8/1/2025 10:05:42 AM
7/2/2025 10:00:00 AM,7/2/2025 6:00:00 AM,800,290.6,113.4,112.9,283.0,800.0,0.0,0.89,5.7,29.4,3.7,30.3,1,8/1/2025 10:05:42 AM
7/2/2025 11:00:00 AM,7/2/2025 7:00:00 AM,800,301.7,113.4,88.5,296.2,800.0,0.0,0.89,5.7,29.4,4.8,25.7,1,8/1/2025 10:05:42 AM
7/2/2025 12:00:00 PM,7/2/2025 8:00:00 AM,800,291.5,127.3,107.4,274.0,800.0,0.0,0.88,5.7,29.4,3.5,24.2,1,8/1/2025 10:05:42 AM
7/2/2025 1:00:00 PM,7/2/2025 9:00:00 AM,800,290.9,113.4,112.0,283.9,800.0,0.0,0.90,5.7,29.4,4.7,37.7,1,8/1/2025 10:05:42 AM
7/2/2025 2:00:00 PM,7/2/2025 10:00:00 AM,800,295.8,109.7,106.0,288.6,800.0,0.0,0.89,5.7,29.4,5.4,31.9,1,8/1/2025 10:05:42 AM
7/2/2025 3:00:00 PM,7/2/2025 11:00:00 AM,800,289.5,109.7,90.9,309.7,800.0,0.0,0.89,5.7,29.4,5.0,34.7,1,8/1/2025 10:05:42 AM
7/2/2025 4:00:00 PM,7/2/2025 12:00:00 PM,800,292.5,218.8,109.2,179.3,800.0,0.0,0.91,5.7,29.4,6.0,25.8,1,8/1/2025 10:05:42 AM
7/2/2025 5:00:00 PM,7/2/2025 1:00:00 PM,800,292.5,114.7,108.2,284.4,800.0,0.0,0.89,5.7,29.4,6.9,32.6,1,8/1/2025 10:05:42 AM
7/2/2025 6:00:00 PM,7/2/2025 2:00:00 PM,525,209.4,87.1,72.3,156.2,525.0,0.0,0.93,5.7,29.4,7.4,28.4,1,8/1/2025 10:05:42 AM
7/2/2025 7:00:00 PM,7/2/2025 3:00:00 PM,525,215.9,47.6,66.8,194.5,525.0,0.0,0.96,5.7,29.4,6.1,31.4,1,8/1/2025 10:05:42 AM
7/2/2025 8:00:00 PM,7/2/2025 4:00:00 PM,525,216.7,48.1,65.6,194.5,525.0,0.0,0.94,5.7,29.4,5.0,27.8,1,8/1/2025 10:05:42 AM
7/2/2025 9:00:00 PM,7/2/2025 5:00:00 PM,525,214.2,117.5,67.6,125.8,525.0,0.0,0.95,5.7,29.4,6.4,24.6,1,8/1/2025 10:05:42 AM
7/2/2025 10:00:00 PM,7/2/2025 6:00:00 PM,800,314.7,117.5,108.8,259.1,800.0,0.0,0.91,5.7,29.4,5.3,29.5,1,8/1/2025 10:05:42 AM
7/2/2025 11:00:00 PM,7/2/2025 7:00:00 PM,800,309.4,117.5,115.4,257.8,800.0,0.0,0.93,5.7,29.4,3.5,27.3,1,8/1/2025 10:05:42 AM
7/3/2025 12:00:00 AM,7/2/2025 8:00:00 PM,800,305.3,117.5,96.4,281.2,800.0,0.0,0.93,5.7,29.4,2.9,29.0,1,8/1/2025 10:05:42 AM
7/3/2025 1:00:00 AM,7/2/2025 9:00:00 PM,800,307.2,93.5,117.2,282.3,800.0,0.0,0.89,5.7,29.4,5.3,28.3,1,8/1/2025 10:05:42 AM
7/3/2025 2:00:00 AM,7/2/2025 10:00:00 PM,800,306.5,140.2,117.0,236.5,800.0,0.0,0.91,5.7,29.4,3.9,28.1,1,8/1/2025 10:05:42 AM
7/3/2025 3:00:00 AM,7/2/2025 11:00:00 PM,800,306.5,140.2,114.2,239.4,800.0,0.0,0.92,5.7,29.4,5.4,26.9,1,8/1/2025 10:05:42 AM
7/3/2025 4:00:00 AM,7/3/2025 12:00:00 AM,525,212.4,94.0,70.3,148.3,525.0,0.0,0.91,5.7,29.2,4.6,29.7,1,8/1/2025 10:05:42 AM
7/3/2025 5:00:00 AM,7/3/2025 1:00:00 AM,525,203.7,108.8,80.4,132.3,525.0,0.0,0.90,5.7,29.2,7.0,28.8,1,8/1/2025 10:05:42 AM
7/3/2025 6:00:00 AM,7/3/2025 2:00:00 AM,525,252.3,108.8,29.7,134.3,525.0,0.0,0.90,5.7,29.2,4.7,31.1,1,8/1/2025 10:05:42 AM
7/3/2025 7:00:00 AM,7/3/2025 3:00:00 AM,525,215.9,108.8,67.0,133.5,525.0,0.0,0.90,5.7,29.2,7.1,32.6,1,8/1/2025 10:05:42 AM
7/3/2025 8:00:00 AM,7/3/2025 4:00:00 AM,525,203.8,108.8,80.2,132.4,525.0,0.0,0.89,5.7,29.2,5.9,26.3,1,8/1/2025 10:05:42 AM
7/3/2025 9:00:00 AM,7/3/2025 5:00:00 AM,800,289.2,154.8,115.2,241.2,800.0,0.0,0.91,5.7,29.2,4.9,30.3,1,8/1/2025 10:05:42 AM
7/3/2025 10:00:00 AM,7/3/2025 6:00:00 AM,800,289.5,140.1,118.1,252.4,800.0,0.0,0.92,5.7,29.2,3.3,31.6,1,8/1/2025 10:05:42 AM
7/3/2025 11:00:00 AM,7/3/2025 7:00:00 AM,800,299.3,141.6,103.9,255.5,800.0,0.0,0.90,5.7,29.2,3.9,29.6,1,8/1/2025 10:05:42 AM
7/3/2025 12:00:00 PM,7/3/2025 8:00:00 AM,800,284.2,141.6,118.0,256.4,800.0,0.0,0.90,5.7,29.2,5.1,30.3,1,8/1/2025 10:05:42 AM
7/3/2025 1:00:00 PM,7/3/2025 9:00:00 AM,800,281.6,140.7,121.4,256.8,800.0,0.0,0.88,5.7,29.2,5.0,32.1,1,8/1/2025 10:05:42 AM
7/3/2025 2:00:00 PM,7/3/2025 10:00:00 AM,800,286.0,140.7,114.8,258.9,800.0,0.0,0.88,5.7,29.2,6.0,30.4,1,8/1/2025 10:05:42 AM
7/3/2025 3:00:00 PM,7/3/2025 11:00:00 AM,800,304.5,253.5,107.0,135.4,800.0,0.0,0.91,5.7,29.2,5.6,31.6,1,8/1/2025 10:05:42 AM
7/3/2025 4:00:00 PM,7/3/2025 12:00:00 PM,800,281.8,253.5,118.5,146.3,800.0,0.0,0.92,5.7,29.2,3.3,25.3,1,8/1/2025 10:05:42 AM
7/3/2025 5:00:00 PM,7/3/2025 1:00:00 PM,800,279.3,150.0,113.5,257.4,800.0,0.0,0.91,5.7,29.2,5.6,26.2,1,8/1/2025 10:05:42 AM
7/3/2025 6:00:00 PM,7/3/2025 2:00:00 PM,525,211.2,122.5,72.6,119.0,525.0,0.0,0.90,5.7,29.2,6.7,27.7,1,8/1/2025 10:05:42 AM
7/3/2025 7:00:00 PM,7/3/2025 3:00:00 PM,525,211.3,122.5,72.6,119.0,525.0,0.0,0.87,5.7,29.2,8.6,26.9,1,8/1/2025 10:05:42 AM
7/3/2025 8:00:00 PM,7/3/2025 4:00:00 PM,525,212.6,122.5,70.4,119.6,525.0,0.0,0.89,5.7,29.2,5.8,19.6,1,8/1/2025 10:05:42 AM
7/3/2025 9:00:00 PM,7/3/2025 5:00:00 PM,525,212.7,122.5,70.0,119.9,525.0,0.0,0.89,5.7,29.2,1.8,23.6,1,8/1/2025 10:05:42 AM
7/3/2025 10:00:00 PM,7/3/2025 6:00:00 PM,800,312.2,122.5,113.8,251.4,800.0,0.0,0.87,5.7,29.2,4.1,22.4,1,8/1/2025 10:05:42 AM
7/3/2025 11:00:00 PM,7/3/2025 7:00:00 PM,800,307.4,122.5,117.3,252.9,800.0,0.0,0.91,5.7,29.2,3.9,28.8,1,8/1/2025 10:05:42 AM
7/4/2025 12:00:00 AM,7/3/2025 8:00:00 PM,800,306.9,122.5,111.7,258.8,800.0,0.0,0.94,5.7,29.2,3.6,24.3,1,8/1/2025 10:05:42 AM
7/4/2025 1:00:00 AM,7/3/2025 9:00:00 PM,800,312.4,95.2,111.4,281.3,800.0,0.0,0.92,5.7,29.2,7.3,24.1,1,8/1/2025 10:05:42 AM
7/4/2025 2:00:00 AM,7/3/2025 10:00:00 PM,800,309.3,141.6,115.5,233.8,800.0,0.0,0.93,5.7,29.2,3.9,23.7,1,8/1/2025 10:05:42 AM
7/4/2025 3:00:00 AM,7/3/2025 11:00:00 PM,800,311.0,141.6,112.1,235.5,800.0,0.0,0.89,5.7,29.2,5.9,26.3,1,8/1/2025 10:05:42 AM
7/4/2025 4:00:00 AM,7/4/2025 12:00:00 AM,525,199.8,108.5,83.0,133.5,525.0,0.0,0.90,5.7,29.1,5.1,29.8,1,8/1/2025 10:05:42 AM
7/4/2025 5:00:00 AM,7/4/2025 1:00:00 AM,525,196.3,108.5,87.7,132.5,525.0,0.0,0.88,5.7,29.1,7.2,32.1,1,8/1/2025 10:05:42 AM
7/4/2025 6:00:00 AM,7/4/2025 2:00:00 AM,525,250.3,108.5,32.5,133.5,525.0,0.0,0.91,5.7,29.1,5.7,28.0,1,8/1/2025 10:05:42 AM
7/4/2025 7:00:00 AM,7/4/2025 3:00:00 AM,525,210.5,108.5,73.2,132.8,525.0,0.0,0.91,5.7,29.1,7.5,26.5,1,8/1/2025 10:05:42 AM
7/4/2025 8:00:00 AM,7/4/2025 4:00:00 AM,525,196.4,112.3,87.7,128.6,525.0,0.0,0.92,5.7,29.1,6.5,28.4,1,8/1/2025 10:05:42 AM
7/4/2025 9:00:00 AM,7/4/2025 5:00:00 AM,800,282.7,156.8,126.1,234.3,800.0,0.0,0.92,5.7,29.1,4.7,28.8,1,8/1/2025 10:05:42 AM
7/4/2025 10:00:00 AM,7/4/2025 6:00:00 AM,800,279.3,156.8,133.9,229.9,800.0,0.0,0.90,5.7,29.1,4.8,22.3,1,8/1/2025 10:05:42 AM
7/4/2025 11:00:00 AM,7/4/2025 7:00:00 AM,800,289.7,155.2,119.8,235.2,800.0,0.0,0.91,5.7,29.1,3.6,32.0,1,8/1/2025 10:05:42 AM
7/4/2025 12:00:00 PM,7/4/2025 8:00:00 AM,800,282.1,155.2,131.9,230.8,800.0,0.0,0.92,5.7,29.1,8.5,31.9,1,8/1/2025 10:05:42 AM
7/4/2025 1:00:00 PM,7/4/2025 9:00:00 AM,800,279.4,155.2,130.4,234.9,800.0,0.0,0.93,5.7,29.1,6.5,28.8,1,8/1/2025 10:05:42 AM
7/4/2025 2:00:00 PM,7/4/2025 10:00:00 AM,800,279.1,155.2,135.8,229.8,800.0,0.0,0.88,5.7,29.1,5.9,35.2,1,8/1/2025 10:05:42 AM
7/4/2025 3:00:00 PM,7/4/2025 11:00:00 AM,800,279.5,267.1,133.9,119.4,800.0,0.0,0.91,5.7,29.1,3.7,28.9,1,8/1/2025 10:05:42 AM
7/4/2025 4:00:00 PM,7/4/2025 12:00:00 PM,800,278.3,267.1,137.2,117.5,800.0,0.0,0.91,5.7,29.1,5.3,28.7,1,8/1/2025 10:05:42 AM
7/4/2025 5:00:00 PM,7/4/2025 1:00:00 PM,800,278.5,293.4,134.5,93.4,800.0,0.0,0.93,5.7,29.1,4.2,27.3,1,8/1/2025 10:05:42 AM
7/4/2025 6:00:00 PM,7/4/2025 2:00:00 PM,525,189.5,133.8,95.0,106.5,525.0,0.0,0.92,5.7,29.1,5.1,21.1,1,8/1/2025 10:05:42 AM
7/4/2025 7:00:00 PM,7/4/2025 3:00:00 PM,525,190.0,133.8,94.0,107.1,525.0,0.0,0.92,5.7,29.1,4.2,26.4,1,8/1/2025 10:05:42 AM
7/4/2025 8:00:00 PM,7/4/2025 4:00:00 PM,525,229.7,133.8,54.1,107.4,525.0,0.0,0.95,5.7,29.1,2.5,27.3,1,8/1/2025 10:05:42 AM
7/4/2025 9:00:00 PM,7/4/2025 5:00:00 PM,525,189.6,133.8,94.5,107.0,525.0,0.0,0.93,5.7,29.1,2.7,34.1,1,8/1/2025 10:05:42 AM
7/4/2025 10:00:00 PM,7/4/2025 6:00:00 PM,800,278.5,133.8,139.2,248.5,800.0,0.0,0.90,5.7,29.1,7.5,24.8,1,8/1/2025 10:05:42 AM
7/4/2025 11:00:00 PM,7/4/2025 7:00:00 PM,800,278.7,133.8,137.2,250.1,800.0,0.0,0.91,5.7,29.1,5.7,37.1,1,8/1/2025 10:05:42 AM
7/5/2025 12:00:00 AM,7/4/2025 8:00:00 PM,800,279.9,133.8,131.8,254.3,800.0,0.0,0.92,5.7,29.1,4.3,19.8,1,8/1/2025 10:05:42 AM
7/5/2025 1:00:00 AM,7/4/2025 9:00:00 PM,800,284.3,79.2,124.4,311.9,800.0,0.0,0.90,5.7,29.1,5.6,21.3,1,8/1/2025 10:05:42 AM
7/5/2025 2:00:00 AM,7/4/2025 10:00:00 PM,800,283.5,154.2,129.4,232.8,800.0,0.0,0.92,5.7,29.1,4.6,29.8,1,8/1/2025 10:05:42 AM
7/5/2025 3:00:00 AM,7/4/2025 11:00:00 PM,800,283.4,153.4,128.0,235.2,800.0,0.0,0.89,5.7,29.1,9.8,31.0,1,8/1/2025 10:05:42 AM
7/5/2025 4:00:00 AM,7/5/2025 12:00:00 AM,525,193.6,103.9,90.5,137.2,525.0,0.0,0.90,5.7,29.0,7.3,28.6,1,8/1/2025 10:05:42 AM
7/5/2025 5:00:00 AM,7/5/2025 1:00:00 AM,525,193.6,119.9,90.5,121.2,525.0,0.0,0.90,5.7,29.0,7.6,31.6,1,8/1/2025 10:05:42 AM
7/5/2025 6:00:00 AM,7/5/2025 2:00:00 AM,525,210.9,119.9,72.9,121.6,525.0,0.0,0.89,5.7,29.0,4.6,27.5,1,8/1/2025 10:05:42 AM
7/5/2025 7:00:00 AM,7/5/2025 3:00:00 AM,525,211.3,119.9,71.6,122.2,525.0,0.0,0.90,5.7,29.0,7.0,31.8,1,8/1/2025 10:05:42 AM
7/5/2025 8:00:00 AM,7/5/2025 4:00:00 AM,525,193.6,119.9,90.5,121.0,525.0,0.0,0.94,5.7,29.0,5.3,28.5,1,8/1/2025 10:05:42 AM
7/5/2025 9:00:00 AM,7/5/2025 5:00:00 AM,800,279.8,164.8,125.4,230.1,800.0,0.0,0.93,5.7,29.0,5.8,28.1,1,8/1/2025 10:05:42 AM
7/5/2025 10:00:00 AM,7/5/2025 6:00:00 AM,800,280.1,230.1,126.8,163.6,800.0,0.0,0.94,5.7,29.0,1.9,28.8,1,8/1/2025 10:05:42 AM
7/5/2025 11:00:00 AM,7/5/2025 7:00:00 AM,800,289.8,230.1,111.9,168.3,800.0,0.0,0.92,5.7,29.0,5.0,28.4,1,8/1/2025 10:05:42 AM
7/5/2025 12:00:00 PM,7/5/2025 8:00:00 AM,800,283.0,230.1,126.1,161.2,800.0,0.0,0.90,5.7,29.0,6.2,27.0,1,8/1/2025 10:05:42 AM
7/5/2025 1:00:00 PM,7/5/2025 9:00:00 AM,800,280.4,230.1,131.3,158.4,800.0,0.0,0.90,5.7,29.0,7.0,33.7,1,8/1/2025 10:05:42 AM
7/5/2025 2:00:00 PM,7/5/2025 10:00:00 AM,800,280.3,193.4,132.0,194.7,800.0,0.0,0.88,5.7,29.0,4.8,29.5,1,8/1/2025 10:05:42 AM
7/5/2025 3:00:00 PM,7/5/2025 11:00:00 AM,800,280.5,193.4,129.8,196.4,800.0,0.0,0.92,5.7,29.0,6.6,26.9,1,8/1/2025 10:05:42 AM
7/5/2025 4:00:00 PM,7/5/2025 12:00:00 PM,800,279.3,279.9,131.8,109.1,800.0,0.0,0.92,5.7,29.0,6.4,30.7,1,8/1/2025 10:05:42 AM
7/5/2025 5:00:00 PM,7/5/2025 1:00:00 PM,800,297.1,303.2,123.9,76.0,800.0,0.0,0.93,5.7,29.0,4.0,30.9,1,8/1/2025 10:05:42 AM
7/5/2025 6:00:00 PM,7/5/2025 2:00:00 PM,525,237.9,139.3,45.5,102.4,525.0,0.0,0.93,5.7,29.0,8.4,28.3,1,8/1/2025 10:05:42 AM
7/5/2025 7:00:00 PM,7/5/2025 3:00:00 PM,525,235.6,185.8,48.3,55.5,525.0,0.0,0.91,5.7,29.0,5.4,27.6,1,8/1/2025 10:05:42 AM
7/5/2025 8:00:00 PM,7/5/2025 4:00:00 PM,525,194.1,188.9,90.1,51.6,525.0,0.0,0.92,5.7,29.0,7.7,23.3,1,8/1/2025 10:05:42 AM
7/5/2025 9:00:00 PM,7/5/2025 5:00:00 PM,525,192.6,192.3,91.9,48.4,525.0,0.0,0.89,5.7,29.0,5.0,28.3,1,8/1/2025 10:05:42 AM
7/5/2025 10:00:00 PM,7/5/2025 6:00:00 PM,800,288.0,192.3,117.7,202.2,800.0,0.0,0.91,5.7,29.0,6.5,30.3,1,8/1/2025 10:05:42 AM
7/5/2025 11:00:00 PM,7/5/2025 7:00:00 PM,800,288.4,192.3,111.4,208.0,800.0,0.0,0.92,5.7,29.0,5.3,35.8,1,8/1/2025 10:05:42 AM
7/6/2025 12:00:00 AM,7/5/2025 8:00:00 PM,800,289.8,207.0,114.4,189.3,800.0,0.0,0.90,5.7,29.0,4.6,26.9,1,8/1/2025 10:05:42 AM
7/6/2025 1:00:00 AM,7/5/2025 9:00:00 PM,800,291.7,152.4,126.0,230.1,800.0,0.0,0.90,5.7,29.0,4.8,30.3,1,8/1/2025 10:05:42 AM
7/6/2025 2:00:00 AM,7/5/2025 10:00:00 PM,800,291.6,197.8,126.4,184.4,800.0,0.0,0.91,5.7,29.0,5.4,28.3,1,8/1/2025 10:05:42 AM
7/6/2025 3:00:00 AM,7/5/2025 11:00:00 PM,800,291.5,199.7,124.4,184.9,800.0,0.0,0.89,5.7,29.0,5.7,30.2,1,8/1/2025 10:05:42 AM
7/6/2025 4:00:00 AM,7/6/2025 12:00:00 AM,525,198.1,131.7,86.1,108.9,525.0,0.0,0.89,5.7,28.9,6.3,22.5,1,8/1/2025 10:05:42 AM
7/6/2025 5:00:00 AM,7/6/2025 1:00:00 AM,525,198.2,131.7,85.8,109.1,525.0,0.0,0.90,5.7,28.9,5.5,21.8,1,8/1/2025 10:05:42 AM
7/6/2025 6:00:00 AM,7/6/2025 2:00:00 AM,525,213.9,131.7,69.6,109.7,525.0,0.0,0.91,5.7,28.9,3.3,30.8,1,8/1/2025 10:05:42 AM
7/6/2025 7:00:00 AM,7/6/2025 3:00:00 AM,525,213.8,131.7,69.8,109.6,525.0,0.0,0.90,5.7,28.9,9.3,26.0,1,8/1/2025 10:05:42 AM
7/6/2025 8:00:00 AM,7/6/2025 4:00:00 AM,525,198.1,131.7,86.0,109.1,525.0,0.0,0.94,5.7,28.9,1.0,28.9,1,8/1/2025 10:05:42 AM
7/6/2025 9:00:00 AM,7/6/2025 5:00:00 AM,800,291.8,143.0,118.3,247.0,800.0,0.0,0.91,5.7,28.9,2.8,23.2,1,8/1/2025 10:05:42 AM
7/6/2025 10:00:00 AM,7/6/2025 6:00:00 AM,800,292.1,211.5,119.3,177.4,800.0,0.0,0.90,5.7,28.9,6.2,30.2,1,8/1/2025 10:05:42 AM
7/6/2025 11:00:00 AM,7/6/2025 7:00:00 AM,800,302.6,211.5,90.7,195.4,800.0,0.0,0.91,5.7,28.9,5.7,31.0,1,8/1/2025 10:05:42 AM
7/6/2025 12:00:00 PM,7/6/2025 8:00:00 AM,800,294.8,222.6,107.3,175.4,800.0,0.0,0.89,5.7,28.9,5.7,34.4,1,8/1/2025 10:05:42 AM
7/6/2025 1:00:00 PM,7/6/2025 9:00:00 AM,800,292.3,222.6,112.4,173.0,800.0,0.0,0.88,5.7,28.9,5.0,29.5,1,8/1/2025 10:05:42 AM
7/6/2025 2:00:00 PM,7/6/2025 10:00:00 AM,800,294.2,222.6,111.8,171.4,800.0,0.0,0.88,5.7,28.9,7.6,30.7,1,8/1/2025 10:05:42 AM
7/6/2025 3:00:00 PM,7/6/2025 11:00:00 AM,800,294.3,335.7,111.7,58.5,800.0,0.0,0.91,5.7,28.9,6.7,28.7,1,8/1/2025 10:05:42 AM
7/6/2025 4:00:00 PM,7/6/2025 12:00:00 PM,800,293.2,335.7,114.5,56.8,800.0,0.0,0.92,5.7,28.9,6.2,30.6,1,8/1/2025 10:05:42 AM
7/6/2025 5:00:00 PM,7/6/2025 1:00:00 PM,800,293.2,363.0,113.4,30.7,800.0,0.0,0.90,5.7,28.9,6.9,34.1,1,8/1/2025 10:05:42 AM
7/6/2025 6:00:00 PM,7/6/2025 2:00:00 PM,525,238.5,246.1,42.2,0.1,526.8,0.0,0.95,5.7,28.9,6.7,27.9,1,8/1/2025 10:05:42 AM
7/6/2025 7:00:00 PM,7/6/2025 3:00:00 PM,525,239.8,206.6,42.7,36.1,525.0,0.0,0.93,5.7,28.9,7.3,29.4,1,8/1/2025 10:05:42 AM
7/6/2025 8:00:00 PM,7/6/2025 4:00:00 PM,525,196.6,210.0,85.9,33.5,525.8,0.0,0.93,5.7,28.9,7.1,24.3,1,8/1/2025 10:05:42 AM
7/6/2025 9:00:00 PM,7/6/2025 5:00:00 PM,525,196.1,210.0,86.9,32.9,525.7,0.0,0.92,5.7,28.9,7.3,25.3,1,8/1/2025 10:05:42 AM
7/6/2025 10:00:00 PM,7/6/2025 6:00:00 PM,800,293.2,210.0,114.0,183.0,800.0,0.0,0.91,5.7,28.9,7.7,28.7,1,8/1/2025 10:05:42 AM
7/6/2025 11:00:00 PM,7/6/2025 7:00:00 PM,800,293.1,210.0,115.9,181.1,800.0,0.0,0.91,5.7,28.9,5.3,28.3,1,8/1/2025 10:05:42 AM
7/7/2025 12:00:00 AM,7/6/2025 8:00:00 PM,800,293.0,210.0,116.2,180.9,800.0,0.0,0.91,5.7,28.9,5.6,31.0,1,8/1/2025 10:05:42 AM
7/7/2025 1:00:00 AM,7/6/2025 9:00:00 PM,800,294.6,152.0,116.0,237.6,800.0,0.0,0.92,5.7,28.9,4.1,21.3,1,8/1/2025 10:05:42 AM
7/7/2025 2:00:00 AM,7/6/2025 10:00:00 PM,800,294.6,222.6,112.6,170.4,800.0,0.0,0.89,5.7,28.9,7.4,27.7,1,8/1/2025 10:05:42 AM
7/7/2025 3:00:00 AM,7/6/2025 11:00:00 PM,800,294.7,222.6,110.1,172.8,800.0,0.0,0.88,5.7,28.9,6.6,25.0,1,8/1/2025 10:05:42 AM
7/7/2025 4:00:00 AM,7/7/2025 12:00:00 AM,525,200.1,77.6,83.7,163.4,525.0,0.0,0.89,5.6,28.7,9.0,28.1,1,8/1/2025 10:05:42 AM
7/7/2025 5:00:00 AM,7/7/2025 1:00:00 AM,525,200.1,77.6,83.8,163.6,525.0,0.0,0.90,5.6,28.7,4.2,35.4,1,8/1/2025 10:05:42 AM
7/7/2025 6:00:00 AM,7/7/2025 2:00:00 AM,525,255.4,77.6,25.3,166.6,525.0,0.0,0.89,5.6,28.7,4.5,33.7,1,8/1/2025 10:05:42 AM
7/7/2025 7:00:00 AM,7/7/2025 3:00:00 AM,525,216.1,77.6,67.6,163.8,525.0,0.0,0.87,5.6,28.7,2.9,31.9,1,8/1/2025 10:05:42 AM
7/7/2025 8:00:00 AM,7/7/2025 4:00:00 AM,525,200.2,77.6,83.4,163.7,525.0,0.0,0.89,5.6,28.7,6.8,27.4,1,8/1/2025 10:05:42 AM
7/7/2025 9:00:00 AM,7/7/2025 5:00:00 AM,800,294.3,99.8,107.3,299.1,800.0,0.0,0.89,5.6,28.7,5.0,33.6,1,8/1/2025 10:05:42 AM
7/7/2025 10:00:00 AM,7/7/2025 6:00:00 AM,800,294.6,99.8,111.2,294.6,800.0,0.0,0.90,5.6,28.7,4.2,34.6,1,8/1/2025 10:05:42 AM
7/7/2025 11:00:00 AM,7/7/2025 7:00:00 AM,800,306.5,99.8,89.2,304.5,800.0,0.0,0.91,5.6,28.7,3.5,31.4,1,8/1/2025 10:05:42 AM
7/7/2025 12:00:00 PM,7/7/2025 8:00:00 AM,800,281.0,99.8,111.3,308.0,800.0,0.0,0.86,5.6,28.7,4.5,33.7,1,8/1/2025 10:05:42 AM
7/7/2025 1:00:00 PM,7/7/2025 9:00:00 AM,800,278.1,99.8,124.7,297.5,800.0,0.0,0.86,5.6,28.7,6.9,29.7,1,8/1/2025 10:05:42 AM
7/7/2025 2:00:00 PM,7/7/2025 10:00:00 AM,800,302.5,99.8,104.8,292.7,800.0,0.0,0.88,5.6,28.7,5.4,25.8,1,8/1/2025 10:05:42 AM
7/7/2025 3:00:00 PM,7/7/2025 11:00:00 AM,800,303.5,213.0,99.2,184.3,800.0,0.0,0.88,5.6,28.7,6.8,21.3,1,8/1/2025 10:05:42 AM
7/7/2025 4:00:00 PM,7/7/2025 12:00:00 PM,800,301.9,213.0,106.3,178.8,800.0,0.0,0.89,5.6,28.7,8.3,25.0,1,8/1/2025 10:05:42 AM
7/7/2025 5:00:00 PM,7/7/2025 1:00:00 PM,800,339.6,240.3,44.5,175.4,800.0,0.0,0.89,5.6,28.7,7.7,32.4,1,8/1/2025 10:05:42 AM
7/7/2025 6:00:00 PM,7/7/2025 2:00:00 PM,525,204.9,84.6,78.0,157.4,525.0,0.0,0.91,5.6,28.7,9.9,23.1,1,8/1/2025 10:05:42 AM
7/7/2025 7:00:00 PM,7/7/2025 3:00:00 PM,525,204.8,87.1,78.7,154.4,525.0,0.0,0.92,5.6,28.7,5.9,30.5,1,8/1/2025 10:05:42 AM
7/7/2025 8:00:00 PM,7/7/2025 4:00:00 PM,525,204.9,87.1,78.6,154.4,525.0,0.0,0.92,5.6,28.7,5.8,28.4,1,8/1/2025 10:05:42 AM
7/7/2025 9:00:00 PM,7/7/2025 5:00:00 PM,525,204.9,143.9,78.2,98.1,525.0,0.0,0.92,5.6,28.7,5.8,19.4,1,8/1/2025 10:05:42 AM
7/7/2025 10:00:00 PM,7/7/2025 6:00:00 PM,800,299.3,143.9,105.1,251.8,800.0,0.0,0.90,5.6,28.7,5.9,27.4,1,8/1/2025 10:05:42 AM
7/7/2025 11:00:00 PM,7/7/2025 7:00:00 PM,800,292.9,143.9,121.9,241.1,800.0,0.0,0.91,5.6,28.7,5.2,27.5,1,8/1/2025 10:05:42 AM
7/8/2025 12:00:00 AM,7/7/2025 8:00:00 PM,800,290.8,143.9,123.0,242.1,800.0,0.0,0.92,5.6,28.7,2.9,29.8,1,8/1/2025 10:05:42 AM
7/8/2025 1:00:00 AM,7/7/2025 9:00:00 PM,800,293.7,87.2,118.5,300.3,800.0,0.0,0.93,5.6,28.7,4.1,28.2,1,8/1/2025 10:05:42 AM
7/8/2025 2:00:00 AM,7/7/2025 10:00:00 PM,800,297.5,156.6,118.3,227.2,800.0,0.0,0.92,5.6,28.7,3.2,26.6,1,8/1/2025 10:05:42 AM
7/8/2025 3:00:00 AM,7/7/2025 11:00:00 PM,800,297.6,156.6,113.4,231.9,800.0,0.0,0.90,5.6,28.7,5.6,20.7,1,8/1/2025 10:05:42 AM
7/8/2025 4:00:00 AM,7/8/2025 12:00:00 AM,525,211.6,121.9,71.4,120.0,525.0,0.0,0.86,5.6,28.5,1.6,23.1,1,8/1/2025 10:05:42 AM
7/8/2025 5:00:00 AM,7/8/2025 1:00:00 AM,525,211.6,99.8,71.6,142.1,525.0,0.0,0.87,5.6,28.5,7.0,17.8,1,8/1/2025 10:05:42 AM
7/8/2025 6:00:00 AM,7/8/2025 2:00:00 AM,525,256.2,91.5,26.6,150.9,525.0,0.0,0.89,5.6,28.5,5.0,29.8,1,8/1/2025 10:05:42 AM
7/8/2025 7:00:00 AM,7/8/2025 3:00:00 AM,525,211.7,91.5,71.6,150.6,525.0,0.0,0.88,5.6,28.5,7.3,31.2,1,8/1/2025 10:05:42 AM
7/8/2025 8:00:00 AM,7/8/2025 4:00:00 AM,525,193.0,91.5,90.2,150.5,525.0,0.0,0.89,5.6,28.5,5.7,32.5,1,8/1/2025 10:05:42 AM
7/8/2025 9:00:00 AM,7/8/2025 5:00:00 AM,800,324.9,121.9,57.3,296.0,800.0,0.0,0.87,5.6,28.5,4.6,36.4,1,8/1/2025 10:05:42 AM
7/8/2025 10:00:00 AM,7/8/2025 6:00:00 AM,800,305.8,110.9,96.2,286.9,800.0,0.0,0.87,5.6,28.5,5.4,39.0,1,8/1/2025 10:05:42 AM
7/8/2025 11:00:00 AM,7/8/2025 7:00:00 AM,800,308.1,110.9,97.4,283.5,800.0,0.0,0.90,5.6,28.5,4.8,30.2,1,8/1/2025 10:05:42 AM
7/8/2025 12:00:00 PM,7/8/2025 8:00:00 AM,800,317.9,110.9,84.4,286.7,800.0,0.0,0.90,5.6,28.5,3.4,33.4,1,8/1/2025 10:05:42 AM
7/8/2025 1:00:00 PM,7/8/2025 9:00:00 AM,800,317.8,110.9,77.7,293.3,800.0,0.0,0.86,5.6,28.5,7.6,35.5,1,8/1/2025 10:05:42 AM
7/8/2025 2:00:00 PM,7/8/2025 10:00:00 AM,800,317.4,110.9,76.4,295.5,800.0,0.0,0.84,5.6,28.5,8.1,30.8,1,8/1/2025 10:05:42 AM
7/8/2025 3:00:00 PM,7/8/2025 11:00:00 AM,800,317.2,224.1,77.5,181.1,800.0,0.0,0.86,5.6,28.5,7.0,36.1,1,8/1/2025 10:05:42 AM
7/8/2025 4:00:00 PM,7/8/2025 12:00:00 PM,800,315.5,208.2,78.8,197.4,800.0,0.0,0.89,5.6,28.5,6.1,35.3,1,8/1/2025 10:05:42 AM
7/8/2025 5:00:00 PM,7/8/2025 1:00:00 PM,800,315.5,208.2,77.8,198.5,800.0,0.0,0.90,5.6,28.5,8.9,29.6,1,8/1/2025 10:05:42 AM
7/8/2025 6:00:00 PM,7/8/2025 2:00:00 PM,525,225.6,87.5,56.2,155.7,525.0,0.0,0.88,5.6,28.5,6.7,34.9,1,8/1/2025 10:05:42 AM
7/8/2025 7:00:00 PM,7/8/2025 3:00:00 PM,525,225.4,84.6,57.3,157.6,525.0,0.0,0.91,5.6,28.5,5.7,23.5,1,8/1/2025 10:05:42 AM
7/8/2025 8:00:00 PM,7/8/2025 4:00:00 PM,525,225.7,87.1,56.1,156.0,525.0,0.0,0.90,5.6,28.5,2.4,28.5,1,8/1/2025 10:05:42 AM
7/8/2025 9:00:00 PM,7/8/2025 5:00:00 PM,525,225.6,143.5,56.9,99.1,525.0,0.0,0.92,5.6,28.5,5.3,19.4,1,8/1/2025 10:05:42 AM
7/8/2025 10:00:00 PM,7/8/2025 6:00:00 PM,800,320.1,61.6,86.6,331.6,800.0,0.0,0.88,5.6,28.5,5.7,29.7,1,8/1/2025 10:05:42 AM
7/8/2025 11:00:00 PM,7/8/2025 7:00:00 PM,800,320.3,61.6,82.2,335.9,800.0,0.0,0.90,5.6,28.5,9.3,27.3,1,8/1/2025 10:05:42 AM
7/9/2025 12:00:00 AM,7/8/2025 8:00:00 PM,800,297.9,61.6,93.8,346.9,800.0,0.0,0.92,5.6,28.5,5.1,30.5,1,8/1/2025 10:05:42 AM
7/9/2025 1:00:00 AM,7/8/2025 9:00:00 PM,800,320.8,58.3,88.4,332.6,800.0,0.0,0.90,5.6,28.5,4.9,20.0,1,8/1/2025 10:05:42 AM
7/9/2025 2:00:00 AM,7/8/2025 10:00:00 PM,800,312.3,178.4,96.8,212.7,800.0,0.0,0.90,5.6,28.5,5.0,23.8,1,8/1/2025 10:05:42 AM
7/9/2025 3:00:00 AM,7/8/2025 11:00:00 PM,800,309.3,156.2,90.0,244.4,800.0,0.0,0.90,5.6,28.5,4.6,26.1,1,8/1/2025 10:05:42 AM
7/9/2025 4:00:00 AM,7/9/2025 12:00:00 AM,525,198.5,77.3,83.6,165.6,525.0,0.0,0.89,5.6,28.4,7.5,30.3,1,8/1/2025 10:05:42 AM
7/9/2025 5:00:00 AM,7/9/2025 1:00:00 AM,525,198.4,77.3,83.7,165.5,525.0,0.0,0.92,5.6,28.4,7.0,26.7,1,8/1/2025 10:05:42 AM
7/9/2025 6:00:00 AM,7/9/2025 2:00:00 AM,525,255.9,77.3,24.9,167.2,525.0,0.0,0.89,5.6,28.4,7.0,24.8,1,8/1/2025 10:05:42 AM
7/9/2025 7:00:00 AM,7/9/2025 3:00:00 AM,525,215.9,77.3,66.2,165.5,525.0,0.0,0.90,5.6,28.4,7.5,28.3,1,8/1/2025 10:05:42 AM
7/9/2025 8:00:00 AM,7/9/2025 4:00:00 AM,525,198.5,77.3,83.6,165.6,525.0,0.0,0.91,5.6,28.4,6.1,33.7,1,8/1/2025 10:05:42 AM
7/9/2025 9:00:00 AM,7/9/2025 5:00:00 AM,800,302.2,99.5,99.0,299.1,800.0,0.0,0.88,5.6,28.4,4.7,22.9,1,8/1/2025 10:05:42 AM
7/9/2025 10:00:00 AM,7/9/2025 6:00:00 AM,800,301.9,99.5,109.4,289.2,800.0,0.0,0.89,5.6,28.4,5.9,29.4,1,8/1/2025 10:05:42 AM
7/9/2025 11:00:00 AM,7/9/2025 7:00:00 AM,800,315.0,99.5,91.7,293.8,800.0,0.0,0.92,5.6,28.4,2.2,28.3,1,8/1/2025 10:05:42 AM
7/9/2025 12:00:00 PM,7/9/2025 8:00:00 AM,800,300.3,105.6,109.2,285.3,800.0,0.0,0.91,5.6,28.4,3.6,31.2,1,8/1/2025 10:05:42 AM
7/9/2025 1:00:00 PM,7/9/2025 9:00:00 AM,800,301.5,109.4,112.6,276.6,800.0,0.0,0.89,5.6,28.4,6.9,33.2,1,8/1/2025 10:05:42 AM
7/9/2025 2:00:00 PM,7/9/2025 10:00:00 AM,800,334.8,64.5,57.4,343.2,800.0,0.0,0.90,5.6,28.4,6.2,30.9,1,8/1/2025 10:05:42 AM
7/9/2025 3:00:00 PM,7/9/2025 11:00:00 AM,800,309.3,177.8,99.2,213.8,800.0,0.0,0.91,5.6,28.4,4.6,25.3,1,8/1/2025 10:05:42 AM
7/9/2025 4:00:00 PM,7/9/2025 12:00:00 PM,800,308.8,177.8,114.5,199.0,800.0,0.0,0.91,5.6,28.4,4.5,32.0,1,8/1/2025 10:05:42 AM
7/9/2025 5:00:00 PM,7/9/2025 1:00:00 PM,800,309.6,152.4,113.3,224.5,800.0,0.0,0.94,5.6,28.4,2.3,25.5,1,8/1/2025 10:05:42 AM
7/9/2025 6:00:00 PM,7/9/2025 2:00:00 PM,525,209.0,2.7,72.9,240.2,525.0,0.0,0.89,5.6,28.4,8.0,25.6,1,8/1/2025 10:05:42 AM
7/9/2025 7:00:00 PM,7/9/2025 3:00:00 PM,525,209.0,2.7,73.4,239.9,525.0,0.0,0.93,5.6,28.4,4.2,28.6,1,8/1/2025 10:05:42 AM
7/9/2025 8:00:00 PM,7/9/2025 4:00:00 PM,525,209.1,5.2,73.0,237.6,525.0,0.0,0.91,5.6,28.4,8.0,18.5,1,8/1/2025 10:05:42 AM
7/9/2025 9:00:00 PM,7/9/2025 5:00:00 PM,525,208.8,79.1,73.3,164.0,525.0,0.0,0.90,5.6,28.4,6.3,25.1,1,8/1/2025 10:05:42 AM
7/9/2025 10:00:00 PM,7/9/2025 6:00:00 PM,800,310.2,89.1,117.5,283.1,800.0,0.0,0.89,5.6,28.4,4.2,23.3,1,8/1/2025 10:05:42 AM
7/9/2025 11:00:00 PM,7/9/2025 7:00:00 PM,800,304.5,171.0,112.2,212.6,800.0,0.0,0.91,5.6,28.4,4.9,24.6,1,8/1/2025 10:05:42 AM
7/10/2025 12:00:00 AM,7/9/2025 8:00:00 PM,800,303.0,116.4,117.0,263.8,800.0,0.0,0.90,5.6,28.4,5.0,25.5,1,8/1/2025 10:05:42 AM
7/10/2025 1:00:00 AM,7/9/2025 9:00:00 PM,800,302.8,210.6,122.6,164.4,800.0,0.0,0.91,5.6,28.4,4.1,25.9,1,8/1/2025 10:05:42 AM
7/10/2025 2:00:00 AM,7/9/2025 10:00:00 PM,800,301.8,183.3,121.3,194.0,800.0,0.0,0.91,5.6,28.4,3.9,25.5,1,8/1/2025 10:05:42 AM
7/10/2025 3:00:00 AM,7/9/2025 11:00:00 PM,800,301.9,183.3,118.0,197.0,800.0,0.0,0.91,5.6,28.4,6.2,26.3,1,8/1/2025 10:05:42 AM
7/10/2025 4:00:00 AM,7/10/2025 12:00:00 AM,525,193.0,140.3,89.2,102.4,525.0,0.0,0.88,5.6,28.3,6.5,24.3,1,8/1/2025 10:05:42 AM
7/10/2025 5:00:00 AM,7/10/2025 1:00:00 AM,525,193.0,118.0,89.2,124.8,525.0,0.0,0.88,5.6,28.3,9.2,25.9,1,8/1/2025 10:05:42 AM
7/10/2025 6:00:00 AM,7/10/2025 2:00:00 AM,525,255.5,95.7,27.2,146.4,525.0,0.0,0.88,5.6,28.3,5.4,26.4,1,8/1/2025 10:05:42 AM
7/10/2025 7:00:00 AM,7/10/2025 3:00:00 AM,525,210.2,95.7,72.4,147.0,525.0,0.0,0.89,5.6,28.3,8.9,30.8,1,8/1/2025 10:05:42 AM
7/10/2025 8:00:00 AM,7/10/2025 4:00:00 AM,525,193.0,95.7,89.2,147.1,525.0,0.0,0.89,5.6,28.3,7.7,28.2,1,8/1/2025 10:05:42 AM
7/10/2025 9:00:00 AM,7/10/2025 5:00:00 AM,800,297.5,140.3,117.7,244.6,800.0,0.0,0.89,5.6,28.3,5.1,25.9,1,8/1/2025 10:05:42 AM
7/10/2025 10:00:00 AM,7/10/2025 6:00:00 AM,800,297.6,106.3,121.7,274.4,800.0,0.0,0.88,5.6,28.3,6.0,33.9,1,8/1/2025 10:05:42 AM
7/10/2025 11:00:00 AM,7/10/2025 7:00:00 AM,800,305.6,106.3,106.3,281.7,800.0,0.0,0.88,5.6,28.3,6.5,26.2,1,8/1/2025 10:05:42 AM
7/10/2025 12:00:00 PM,7/10/2025 8:00:00 AM,800,295.7,106.3,121.2,276.6,800.0,0.0,0.90,5.6,28.3,5.3,26.6,1,8/1/2025 10:05:42 AM
7/10/2025 1:00:00 PM,7/10/2025 9:00:00 AM,800,293.0,106.3,120.4,280.0,800.0,0.0,0.88,5.6,28.3,3.9,34.5,1,8/1/2025 10:05:42 AM
7/10/2025 2:00:00 PM,7/10/2025 10:00:00 AM,800,293.0,106.3,113.2,288.0,800.0,0.0,0.88,5.6,28.3,9.1,22.9,1,8/1/2025 10:05:42 AM
7/10/2025 3:00:00 PM,7/10/2025 11:00:00 AM,800,277.0,171.4,128.6,223.1,800.0,0.0,0.90,5.6,28.3,4.6,26.2,1,8/1/2025 10:05:42 AM
7/10/2025 4:00:00 PM,7/10/2025 12:00:00 PM,800,286.9,182.4,114.9,215.6,800.0,0.0,0.89,5.6,28.3,6.3,24.8,1,8/1/2025 10:05:42 AM
7/10/2025 5:00:00 PM,7/10/2025 1:00:00 PM,800,290.4,171.4,112.4,225.6,800.0,0.0,0.92,5.6,28.3,4.9,27.8,1,8/1/2025 10:05:42 AM
7/10/2025 6:00:00 PM,7/10/2025 2:00:00 PM,525,258.8,2.7,22.4,241.1,525.0,0.0,0.93,5.6,28.3,6.8,33.9,1,8/1/2025 10:05:42 AM
7/10/2025 7:00:00 PM,7/10/2025 3:00:00 PM,525,203.1,2.7,79.0,240.0,525.0,0.0,0.90,5.6,28.3,3.4,27.4,1,8/1/2025 10:05:42 AM
7/10/2025 8:00:00 PM,7/10/2025 4:00:00 PM,525,203.2,32.3,79.0,210.3,525.0,0.0,0.93,5.6,28.3,5.2,26.6,1,8/1/2025 10:05:42 AM
7/10/2025 9:00:00 PM,7/10/2025 5:00:00 PM,525,203.0,108.6,79.5,133.6,525.0,0.0,0.93,5.6,28.3,3.2,24.5,1,8/1/2025 10:05:42 AM
7/10/2025 10:00:00 PM,7/10/2025 6:00:00 PM,800,306.4,108.6,110.1,274.9,800.0,0.0,0.90,5.6,28.3,6.4,28.5,1,8/1/2025 10:05:42 AM
7/10/2025 11:00:00 PM,7/10/2025 7:00:00 PM,800,299.4,108.6,114.5,277.5,800.0,0.0,0.94,5.6,28.3,5.3,27.7,1,8/1/2025 10:05:42 AM
7/11/2025 12:00:00 AM,7/10/2025 8:00:00 PM,800,297.6,108.6,121.4,272.6,800.0,0.0,0.91,5.6,28.3,5.8,29.0,1,8/1/2025 10:05:42 AM
7/11/2025 1:00:00 AM,7/10/2025 9:00:00 PM,800,299.4,105.3,120.3,274.8,800.0,0.0,0.92,5.6,28.3,7.6,19.8,1,8/1/2025 10:05:42 AM
7/11/2025 2:00:00 AM,7/10/2025 10:00:00 PM,800,298.4,219.2,123.0,159.8,800.0,0.0,0.92,5.6,28.3,2.9,25.8,1,8/1/2025 10:05:42 AM
7/11/2025 3:00:00 AM,7/10/2025 11:00:00 PM,800,298.5,219.2,119.9,162.6,800.0,0.0,0.92,5.6,28.3,5.4,23.2,1,8/1/2025 10:05:42 AM
7/11/2025 4:00:00 AM,7/11/2025 12:00:00 AM,525,200.2,115.4,82.1,127.3,525.0,0.0,0.89,5.6,28.3,7.0,25.8,1,8/1/2025 10:05:42 AM
7/11/2025 5:00:00 AM,7/11/2025 1:00:00 AM,525,198.4,115.4,83.7,127.7,525.0,0.0,0.90,5.6,28.3,3.3,33.6,1,8/1/2025 10:05:42 AM
7/11/2025 6:00:00 AM,7/11/2025 2:00:00 AM,525,255.9,115.4,27.8,126.3,525.0,0.0,0.90,5.6,28.3,6.7,31.6,1,8/1/2025 10:05:42 AM
7/11/2025 7:00:00 AM,7/11/2025 3:00:00 AM,525,215.9,115.6,66.6,127.0,525.0,0.0,0.90,5.6,28.3,4.8,32.6,1,8/1/2025 10:05:42 AM
7/11/2025 8:00:00 AM,7/11/2025 4:00:00 AM,525,192.6,115.6,90.3,126.6,525.0,0.0,0.89,5.6,28.3,6.2,28.1,1,8/1/2025 10:05:42 AM
7/11/2025 9:00:00 AM,7/11/2025 5:00:00 AM,800,297.6,122.9,117.0,262.6,800.0,0.0,0.86,5.6,28.3,4.1,27.6,1,8/1/2025 10:05:42 AM
7/11/2025 10:00:00 AM,7/11/2025 6:00:00 AM,800,297.8,113.7,119.0,269.5,800.0,0.0,0.90,5.6,28.3,6.2,25.2,1,8/1/2025 10:05:42 AM
7/11/2025 11:00:00 AM,7/11/2025 7:00:00 AM,800,308.5,135.1,104.4,251.7,800.0,0.0,0.89,5.6,28.3,6.4,34.0,1,8/1/2025 10:05:42 AM
7/11/2025 12:00:00 PM,7/11/2025 8:00:00 AM,800,299.2,135.1,120.1,245.9,800.0,0.0,0.91,5.6,28.3,4.9,29.7,1,8/1/2025 10:05:42 AM
7/11/2025 1:00:00 PM,7/11/2025 9:00:00 AM,800,296.2,135.1,123.4,245.3,800.0,0.0,0.89,5.6,28.3,5.2,34.1,1,8/1/2025 10:05:42 AM
7/11/2025 2:00:00 PM,7/11/2025 10:00:00 AM,800,303.5,120.3,109.0,267.2,800.0,0.0,0.89,5.6,28.3,7.4,30.0,1,8/1/2025 10:05:42 AM
7/11/2025 3:00:00 PM,7/11/2025 11:00:00 AM,800,303.2,233.8,114.0,149.1,800.0,0.0,0.92,5.6,28.3,5.3,25.4,1,8/1/2025 10:05:42 AM
7/11/2025 4:00:00 PM,7/11/2025 12:00:00 PM,800,302.8,233.8,114.4,149.0,800.0,0.0,0.90,5.6,28.3,7.0,13.7,1,8/1/2025 10:05:42 AM
7/11/2025 5:00:00 PM,7/11/2025 1:00:00 PM,800,302.5,187.9,113.7,196.2,800.0,0.0,0.90,5.6,28.3,7.8,31.9,1,8/1/2025 10:05:42 AM
7/11/2025 6:00:00 PM,7/11/2025 2:00:00 PM,525,199.3,71.0,83.1,171.6,525.0,0.0,0.91,5.6,28.3,2.7,29.0,1,8/1/2025 10:05:42 AM
7/11/2025 7:00:00 PM,7/11/2025 3:00:00 PM,525,199.3,71.0,82.1,172.5,525.0,0.0,0.89,5.6,28.3,6.5,27.4,1,8/1/2025 10:05:42 AM
7/11/2025 8:00:00 PM,7/11/2025 4:00:00 PM,525,199.3,71.0,82.1,172.6,525.0,0.0,0.90,5.6,28.3,4.1,27.8,1,8/1/2025 10:05:42 AM
7/11/2025 9:00:00 PM,7/11/2025 5:00:00 PM,525,201.0,73.5,81.2,169.4,525.0,0.0,0.88,5.6,28.3,5.5,37.3,1,8/1/2025 10:05:42 AM
7/11/2025 10:00:00 PM,7/11/2025 6:00:00 PM,800,305.1,73.5,107.0,314.5,800.0,0.0,0.92,5.6,28.3,6.3,28.9,1,8/1/2025 10:05:42 AM
7/11/2025 11:00:00 PM,7/11/2025 7:00:00 PM,800,298.7,128.1,115.7,257.8,800.0,0.0,0.91,5.6,28.3,4.0,31.0,1,8/1/2025 10:05:42 AM
7/12/2025 12:00:00 AM,7/11/2025 8:00:00 PM,800,297.5,100.8,125.1,276.7,800.0,0.0,0.89,5.6,28.3,1.2,23.0,1,8/1/2025 10:05:42 AM
7/12/2025 1:00:00 AM,7/11/2025 9:00:00 PM,800,297.5,66.1,123.7,312.7,800.0,0.0,0.91,5.6,28.3,1.2,21.8,1,8/1/2025 10:05:42 AM
7/12/2025 2:00:00 AM,7/11/2025 10:00:00 PM,800,297.6,153.4,121.5,227.5,800.0,0.0,0.91,5.6,28.3,4.5,28.4,1,8/1/2025 10:05:42 AM
7/12/2025 3:00:00 AM,7/11/2025 11:00:00 PM,800,309.6,183.7,99.2,207.7,800.0,0.0,0.91,5.6,28.3,4.2,26.4,1,8/1/2025 10:05:42 AM
7/12/2025 4:00:00 AM,7/12/2025 12:00:00 AM,525,239.4,145.7,44.0,96.1,525.0,0.0,0.91,5.6,28.2,3.6,27.5,1,8/1/2025 10:05:42 AM
7/12/2025 5:00:00 AM,7/12/2025 1:00:00 AM,525,193.5,101.1,88.4,142.2,525.0,0.0,0.88,5.6,28.2,8.9,35.7,1,8/1/2025 10:05:42 AM
7/12/2025 6:00:00 AM,7/12/2025 2:00:00 AM,525,207.1,101.1,74.3,142.6,525.0,0.0,0.92,5.6,28.2,3.8,27.7,1,8/1/2025 10:05:42 AM
7/12/2025 7:00:00 AM,7/12/2025 3:00:00 AM,525,208.9,101.1,73.7,141.4,525.0,0.0,0.91,5.6,28.2,2.5,32.4,1,8/1/2025 10:05:42 AM
7/12/2025 8:00:00 AM,7/12/2025 4:00:00 AM,525,187.3,101.1,95.6,141.3,525.0,0.0,0.92,5.6,28.2,5.1,26.3,1,8/1/2025 10:05:42 AM
7/12/2025 9:00:00 AM,7/12/2025 5:00:00 AM,800,293.4,110.4,119.4,276.8,800.0,0.0,0.90,5.6,28.2,4.7,26.3,1,8/1/2025 10:05:42 AM
7/12/2025 10:00:00 AM,7/12/2025 6:00:00 AM,800,293.6,176.7,122.0,207.7,800.0,0.0,0.90,5.6,28.2,5.0,28.0,1,8/1/2025 10:05:42 AM
7/12/2025 11:00:00 AM,7/12/2025 7:00:00 AM,800,306.9,176.7,104.0,212.3,800.0,0.0,0.91,5.6,28.2,3.9,28.7,1,8/1/2025 10:05:42 AM
7/12/2025 12:00:00 PM,7/12/2025 8:00:00 AM,800,296.8,176.7,121.0,205.5,800.0,0.0,0.87,5.6,28.2,4.7,28.3,1,8/1/2025 10:05:42 AM
7/12/2025 1:00:00 PM,7/12/2025 9:00:00 AM,800,284.5,159.3,129.4,227.0,800.0,0.0,0.90,5.6,28.2,4.6,30.4,1,8/1/2025 10:05:42 AM
7/12/2025 2:00:00 PM,7/12/2025 10:00:00 AM,800,284.5,159.3,129.7,226.6,800.0,0.0,0.90,5.6,28.2,6.3,31.6,1,8/1/2025 10:05:42 AM
7/12/2025 3:00:00 PM,7/12/2025 11:00:00 AM,800,285.6,159.3,124.2,231.1,800.0,0.0,0.90,5.6,28.2,6.8,33.7,1,8/1/2025 10:05:42 AM
7/12/2025 4:00:00 PM,7/12/2025 12:00:00 PM,800,284.9,272.9,126.2,116.4,800.0,0.0,0.93,5.6,28.2,5.4,28.3,1,8/1/2025 10:05:42 AM
7/12/2025 5:00:00 PM,7/12/2025 1:00:00 PM,800,323.6,216.6,70.0,190.0,800.0,0.0,0.94,5.6,28.2,4.9,33.5,1,8/1/2025 10:05:42 AM
7/12/2025 6:00:00 PM,7/12/2025 2:00:00 PM,525,225.5,228.4,58.7,12.7,525.0,0.0,0.92,5.6,28.2,10.3,32.7,1,8/1/2025 10:05:42 AM
7/12/2025 7:00:00 PM,7/12/2025 3:00:00 PM,525,183.4,87.5,98.2,156.0,525.0,0.0,0.95,5.6,28.2,5.4,19.1,1,8/1/2025 10:05:42 AM
7/12/2025 8:00:00 PM,7/12/2025 4:00:00 PM,525,185.8,87.5,97.3,154.3,525.0,0.0,0.94,5.6,28.2,9.5,27.3,1,8/1/2025 10:05:42 AM
7/12/2025 9:00:00 PM,7/12/2025 5:00:00 PM,525,186.6,3.5,96.6,238.4,525.0,0.0,0.93,5.6,28.2,7.5,21.2,1,8/1/2025 10:05:42 AM
7/12/2025 10:00:00 PM,7/12/2025 6:00:00 PM,800,302.2,3.5,120.7,373.6,800.0,0.0,0.92,5.6,28.2,5.7,31.3,1,8/1/2025 10:05:42 AM
7/12/2025 11:00:00 PM,7/12/2025 7:00:00 PM,800,300.9,3.5,125.8,369.5,800.0,0.0,0.94,5.6,28.2,3.2,27.5,1,8/1/2025 10:05:42 AM
7/13/2025 12:00:00 AM,7/12/2025 8:00:00 PM,800,300.9,58.1,125.4,315.4,800.0,0.0,0.91,5.6,28.2,7.8,29.5,1,8/1/2025 10:05:42 AM
7/13/2025 1:00:00 AM,7/12/2025 9:00:00 PM,800,301.9,29.2,124.9,344.0,800.0,0.0,0.94,5.6,28.2,3.6,27.1,1,8/1/2025 10:05:42 AM
7/13/2025 2:00:00 AM,7/12/2025 10:00:00 PM,800,332.6,87.5,80.8,299.2,800.0,0.0,0.92,5.6,28.2,1.8,27.7,1,8/1/2025 10:05:42 AM
7/13/2025 3:00:00 AM,7/12/2025 11:00:00 PM,800,332.6,192.7,78.8,196.0,800.0,0.0,0.93,5.6,28.2,3.5,30.0,1,8/1/2025 10:05:42 AM
7/13/2025 4:00:00 AM,7/13/2025 12:00:00 AM,525,235.3,109.4,47.8,132.4,525.0,0.0,0.88,5.6,28.2,8.4,25.3,1,8/1/2025 10:05:42 AM
7/13/2025 5:00:00 AM,7/13/2025 1:00:00 AM,525,235.7,109.4,47.3,132.5,525.0,0.0,0.90,5.6,28.2,10.0,30.0,1,8/1/2025 10:05:42 AM
7/13/2025 6:00:00 AM,7/13/2025 2:00:00 AM,525,255.9,123.9,26.8,118.2,525.0,0.0,0.91,5.6,28.2,5.6,29.1,1,8/1/2025 10:05:42 AM
7/13/2025 7:00:00 AM,7/13/2025 3:00:00 AM,525,257.7,123.9,25.0,118.4,525.0,0.0,0.88,5.6,28.2,5.4,29.8,1,8/1/2025 10:05:42 AM
7/13/2025 8:00:00 AM,7/13/2025 4:00:00 AM,525,224.9,123.9,57.5,118.8,525.0,0.0,0.90,5.6,28.2,5.0,24.3,1,8/1/2025 10:05:42 AM
7/13/2025 9:00:00 AM,7/13/2025 5:00:00 AM,800,328.3,141.7,76.2,253.6,800.0,0.0,0.90,5.6,28.2,5.6,34.8,1,8/1/2025 10:05:42 AM
7/13/2025 10:00:00 AM,7/13/2025 6:00:00 AM,800,328.6,192.6,78.8,200.3,800.0,0.0,0.92,5.6,28.2,3.9,21.9,1,8/1/2025 10:05:42 AM
7/13/2025 11:00:00 AM,7/13/2025 7:00:00 AM,800,343.5,192.6,51.9,212.0,800.0,0.0,0.90,5.6,28.2,2.2,28.3,1,8/1/2025 10:05:42 AM
7/13/2025 12:00:00 PM,7/13/2025 8:00:00 AM,800,331.9,192.6,77.6,198.0,800.0,0.0,0.87,5.6,28.2,5.9,29.2,1,8/1/2025 10:05:42 AM
7/13/2025 1:00:00 PM,7/13/2025 9:00:00 AM,800,330.0,175.5,76.6,217.8,800.0,0.0,0.87,5.6,28.2,5.1,33.0,1,8/1/2025 10:05:42 AM
7/13/2025 2:00:00 PM,7/13/2025 10:00:00 AM,800,341.9,175.5,64.2,218.7,800.0,0.0,0.86,5.6,28.2,6.6,30.9,1,8/1/2025 10:05:42 AM
7/13/2025 3:00:00 PM,7/13/2025 11:00:00 AM,800,335.0,175.5,72.8,216.8,800.0,0.0,0.91,5.6,28.2,6.1,24.6,1,8/1/2025 10:05:42 AM
7/13/2025 4:00:00 PM,7/13/2025 12:00:00 PM,800,334.2,289.0,75.8,100.7,800.0,0.0,0.93,5.6,28.2,6.0,24.4,1,8/1/2025 10:05:42 AM
7/13/2025 5:00:00 PM,7/13/2025 1:00:00 PM,800,332.1,316.3,74.6,77.0,800.0,0.0,0.93,5.6,28.2,3.3,26.2,1,8/1/2025 10:05:42 AM
7/13/2025 6:00:00 PM,7/13/2025 2:00:00 PM,525,233.9,287.9,21.7,0.1,543.6,0.0,0.95,5.6,28.2,5.7,33.2,1,8/1/2025 10:05:42 AM
7/13/2025 7:00:00 PM,7/13/2025 3:00:00 PM,525,234.2,86.5,49.8,154.7,525.0,0.0,0.93,5.6,28.2,7.5,25.8,1,8/1/2025 10:05:42 AM
7/13/2025 8:00:00 PM,7/13/2025 4:00:00 PM,525,224.5,121.7,59.3,119.6,525.0,0.0,0.89,5.6,28.2,5.6,31.7,1,8/1/2025 10:05:42 AM
7/13/2025 9:00:00 PM,7/13/2025 5:00:00 PM,525,224.5,122.6,59.2,118.7,525.0,0.0,0.92,5.6,28.2,5.9,19.4,1,8/1/2025 10:05:42 AM
7/13/2025 10:00:00 PM,7/13/2025 6:00:00 PM,800,324.0,122.6,85.6,268.0,800.0,0.0,0.92,5.6,28.2,3.7,29.8,1,8/1/2025 10:05:42 AM
7/13/2025 11:00:00 PM,7/13/2025 7:00:00 PM,800,325.3,122.6,82.2,270.1,800.0,0.0,0.91,5.6,28.2,4.7,30.0,1,8/1/2025 10:05:42 AM
7/14/2025 12:00:00 AM,7/13/2025 8:00:00 PM,800,330.3,177.2,77.6,215.0,800.0,0.0,0.93,5.6,28.2,5.4,27.8,1,8/1/2025 10:05:42 AM
7/14/2025 1:00:00 AM,7/13/2025 9:00:00 PM,800,331.4,175.5,76.4,216.9,800.0,0.0,0.94,5.6,28.2,5.6,30.2,1,8/1/2025 10:05:42 AM
7/14/2025 2:00:00 AM,7/13/2025 10:00:00 PM,800,331.4,181.4,73.3,213.7,800.0,0.0,0.91,5.6,28.2,3.4,27.6,1,8/1/2025 10:05:42 AM
7/14/2025 3:00:00 AM,7/13/2025 11:00:00 PM,800,331.5,225.2,70.6,172.8,800.0,0.0,0.91,5.6,28.2,4.2,27.7,1,8/1/2025 10:05:42 AM
7/14/2025 4:00:00 AM,7/14/2025 12:00:00 AM,525,235.4,118.2,48.5,123.1,525.0,0.0,0.91,5.6,28.2,6.5,29.4,1,8/1/2025 10:05:42 AM
7/14/2025 5:00:00 AM,7/14/2025 1:00:00 AM,525,235.4,130.9,48.4,110.5,525.0,0.0,0.90,5.6,28.2,7.0,32.9,1,8/1/2025 10:05:42 AM
7/14/2025 6:00:00 AM,7/14/2025 2:00:00 AM,525,255.4,130.9,28.0,110.7,525.0,0.0,0.88,5.6,28.2,6.1,26.6,1,8/1/2025 10:05:42 AM
7/14/2025 7:00:00 AM,7/14/2025 3:00:00 AM,525,255.6,130.9,27.8,110.8,525.0,0.0,0.88,5.6,28.2,7.8,31.2,1,8/1/2025 10:05:42 AM
7/14/2025 8:00:00 AM,7/14/2025 4:00:00 AM,525,235.4,130.9,48.4,110.6,525.0,0.0,0.90,5.6,28.2,5.6,30.7,1,8/1/2025 10:05:42 AM
7/14/2025 9:00:00 AM,7/14/2025 5:00:00 AM,800,331.4,166.4,66.1,236.2,800.0,0.0,0.87,5.6,28.2,6.5,34.3,1,8/1/2025 10:05:42 AM
7/14/2025 10:00:00 AM,7/14/2025 6:00:00 AM,800,331.8,202.6,70.4,195.3,800.0,0.0,0.92,5.6,28.2,4.0,27.7,1,8/1/2025 10:05:42 AM
7/14/2025 11:00:00 AM,7/14/2025 7:00:00 AM,800,344.8,202.6,46.6,206.1,800.0,0.0,0.87,5.6,28.2,4.9,26.5,1,8/1/2025 10:05:42 AM
7/14/2025 12:00:00 PM,7/14/2025 8:00:00 AM,800,329.1,202.6,84.4,184.0,800.0,0.0,0.91,5.6,28.2,2.3,24.5,1,8/1/2025 10:05:42 AM
7/14/2025 1:00:00 PM,7/14/2025 9:00:00 AM,800,326.8,185.4,73.7,214.4,800.0,0.0,0.90,5.6,28.2,4.4,32.4,1,8/1/2025 10:05:42 AM
7/14/2025 2:00:00 PM,7/14/2025 10:00:00 AM,800,338.4,155.2,66.8,239.6,800.0,0.0,0.89,5.6,28.2,5.4,30.3,1,8/1/2025 10:05:42 AM
7/14/2025 3:00:00 PM,7/14/2025 11:00:00 AM,800,339.1,243.5,55.4,161.9,800.0,0.0,0.84,5.6,28.2,8.4,22.2,1,8/1/2025 10:05:42 AM
7/14/2025 4:00:00 PM,7/14/2025 12:00:00 PM,800,309.1,266.5,107.0,117.1,800.0,0.0,0.86,5.6,28.2,6.4,24.4,1,8/1/2025 10:05:42 AM
7/14/2025 5:00:00 PM,7/14/2025 1:00:00 PM,800,309.0,210.4,105.9,174.5,800.0,0.0,0.92,5.6,28.2,5.1,34.0,1,8/1/2025 10:05:42 AM
7/14/2025 6:00:00 PM,7/14/2025 2:00:00 PM,525,204.3,96.8,77.1,146.8,525.0,0.0,0.90,5.6,28.2,7.0,29.7,1,8/1/2025 10:05:42 AM
7/14/2025 7:00:00 PM,7/14/2025 3:00:00 PM,525,204.3,69.5,77.2,174.2,525.0,0.0,0.95,5.6,28.2,4.5,26.8,1,8/1/2025 10:05:42 AM
7/14/2025 8:00:00 PM,7/14/2025 4:00:00 PM,525,204.3,87.9,77.1,155.7,525.0,0.0,0.91,5.6,28.2,5.6,22.8,1,8/1/2025 10:05:42 AM
7/14/2025 9:00:00 PM,7/14/2025 5:00:00 PM,525,247.6,87.9,35.6,153.9,525.0,0.0,0.91,5.6,28.2,5.9,27.3,1,8/1/2025 10:05:42 AM
7/14/2025 10:00:00 PM,7/14/2025 6:00:00 PM,800,289.6,87.9,115.0,307.5,800.0,0.0,0.91,5.6,28.2,4.1,28.1,1,8/1/2025 10:05:42 AM
7/14/2025 11:00:00 PM,7/14/2025 7:00:00 PM,800,268.2,169.8,130.2,231.9,800.0,0.0,0.91,5.6,28.2,7.6,28.9,1,8/1/2025 10:05:42 AM
7/15/2025 12:00:00 AM,7/14/2025 8:00:00 PM,800,284.0,136.4,121.3,258.4,800.0,0.0,0.91,5.6,28.2,4.0,24.1,1,8/1/2025 10:05:42 AM
7/15/2025 1:00:00 AM,7/14/2025 9:00:00 PM,800,281.8,107.9,122.3,288.1,800.0,0.0,0.89,5.6,28.2,4.1,26.7,1,8/1/2025 10:05:42 AM
7/15/2025 2:00:00 AM,7/14/2025 10:00:00 PM,800,280.0,216.3,129.9,173.7,800.0,0.0,0.91,5.6,28.2,2.3,25.4,1,8/1/2025 10:05:42 AM
7/15/2025 3:00:00 AM,7/14/2025 11:00:00 PM,800,302.4,216.3,110.9,170.1,800.0,0.0,0.90,5.6,28.2,4.1,17.9,1,8/1/2025 10:05:42 AM
7/15/2025 4:00:00 AM,7/15/2025 12:00:00 AM,525,213.5,107.8,68.3,135.3,525.0,0.0,0.91,5.6,28.1,4.8,25.0,1,8/1/2025 10:05:42 AM
7/15/2025 5:00:00 AM,7/15/2025 1:00:00 AM,525,213.5,107.8,68.4,135.6,525.0,0.0,0.91,5.6,28.1,6.7,31.7,1,8/1/2025 10:05:42 AM
7/15/2025 6:00:00 AM,7/15/2025 2:00:00 AM,525,254.8,107.8,28.5,134.0,525.0,0.0,0.91,5.6,28.1,5.4,27.6,1,8/1/2025 10:05:42 AM
7/15/2025 7:00:00 AM,7/15/2025 3:00:00 AM,525,216.1,107.8,66.3,135.3,525.0,0.0,0.89,5.6,28.1,8.7,30.0,1,8/1/2025 10:05:42 AM
7/15/2025 8:00:00 AM,7/15/2025 4:00:00 AM,525,213.5,107.8,68.3,135.7,525.0,0.0,0.92,5.6,28.1,5.1,22.9,1,8/1/2025 10:05:42 AM
7/15/2025 9:00:00 AM,7/15/2025 5:00:00 AM,800,316.4,151.3,86.2,246.4,800.0,0.0,0.87,5.6,28.1,5.6,29.3,1,8/1/2025 10:05:42 AM
7/15/2025 10:00:00 AM,7/15/2025 6:00:00 AM,800,326.7,134.2,77.0,261.9,800.0,0.0,0.88,5.6,28.1,4.1,29.3,1,8/1/2025 10:05:42 AM
7/15/2025 11:00:00 AM,7/15/2025 7:00:00 AM,800,330.1,106.7,70.5,292.8,800.0,0.0,0.86,5.6,28.1,5.1,29.6,1,8/1/2025 10:05:42 AM
7/15/2025 12:00:00 PM,7/15/2025 8:00:00 AM,800,326.5,92.0,81.1,300.1,800.0,0.0,0.84,5.6,28.1,5.9,24.3,1,8/1/2025 10:05:42 AM
7/15/2025 1:00:00 PM,7/15/2025 9:00:00 AM,800,322.6,92.0,75.0,310.1,800.0,0.0,0.89,5.6,28.1,5.5,25.6,1,8/1/2025 10:05:42 AM
7/15/2025 2:00:00 PM,7/15/2025 10:00:00 AM,800,320.0,92.0,76.3,311.3,800.0,0.0,0.87,5.6,28.1,4.0,26.3,1,8/1/2025 10:05:42 AM
7/15/2025 3:00:00 PM,7/15/2025 11:00:00 AM,800,320.9,84.3,76.5,317.9,800.0,0.0,0.87,5.6,28.1,6.8,23.1,1,8/1/2025 10:05:42 AM
7/15/2025 4:00:00 PM,7/15/2025 12:00:00 PM,800,306.3,183.2,74.3,236.1,800.0,0.0,0.91,5.6,28.1,5.1,26.2,1,8/1/2025 10:05:42 AM
7/15/2025 5:00:00 PM,7/15/2025 1:00:00 PM,800,305.5,238.1,71.5,185.1,800.0,0.0,0.92,5.6,28.1,2.5,26.1,1,8/1/2025 10:05:42 AM
7/15/2025 6:00:00 PM,7/15/2025 2:00:00 PM,800,304.8,179.0,69.2,246.8,800.0,0.0,0.94,5.6,28.1,6.1,26.4,1,8/1/2025 10:05:42 AM
7/15/2025 7:00:00 PM,7/15/2025 3:00:00 PM,800,310.5,107.2,61.6,320.5,800.0,0.0,0.92,5.6,28.1,6.5,19.6,1,8/1/2025 10:05:42 AM
7/15/2025 8:00:00 PM,7/15/2025 4:00:00 PM,800,309.8,34.4,68.9,386.7,800.0,0.0,0.94,5.6,28.1,3.7,31.9,1,8/1/2025 10:05:42 AM
7/15/2025 9:00:00 PM,7/15/2025 5:00:00 PM,800,317.1,34.4,82.1,366.3,800.0,0.0,0.90,5.6,28.1,6.0,28.3,1,8/1/2025 10:05:42 AM
7/15/2025 10:00:00 PM,7/15/2025 6:00:00 PM,800,318.7,34.4,81.4,365.4,800.0,0.0,0.87,5.6,28.1,3.2,18.4,1,8/1/2025 10:05:42 AM
7/15/2025 11:00:00 PM,7/15/2025 7:00:00 PM,800,291.5,116.3,97.8,294.5,800.0,0.0,0.87,5.6,28.1,3.2,25.1,1,8/1/2025 10:05:42 AM
7/16/2025 12:00:00 AM,7/15/2025 8:00:00 PM,800,328.1,89.0,70.5,312.4,800.0,0.0,0.94,5.6,28.1,3.1,24.9,1,8/1/2025 10:05:42 AM
7/16/2025 1:00:00 AM,7/15/2025 9:00:00 PM,800,304.7,32.7,91.3,371.5,800.0,0.0,0.90,5.6,28.1,6.0,26.1,1,8/1/2025 10:05:42 AM
7/16/2025 2:00:00 AM,7/15/2025 10:00:00 PM,800,328.6,126.8,78.6,265.9,800.0,0.0,0.92,5.6,28.1,5.1,29.1,1,8/1/2025 10:05:42 AM
7/16/2025 3:00:00 AM,7/15/2025 11:00:00 PM,800,347.9,126.8,43.6,281.6,800.0,0.0,0.90,5.6,28.1,5.3,27.9,1,8/1/2025 10:05:42 AM
7/16/2025 4:00:00 AM,7/16/2025 12:00:00 AM,525,262.5,94.9,20.4,147.4,525.0,0.0,0.89,5.6,28.0,4.7,14.9,1,8/1/2025 10:05:42 AM
7/16/2025 5:00:00 AM,7/16/2025 1:00:00 AM,525,240.6,50.3,41.2,193.0,525.0,0.0,0.89,5.6,28.0,7.0,32.1,1,8/1/2025 10:05:42 AM
7/16/2025 6:00:00 AM,7/16/2025 2:00:00 AM,525,263.0,94.9,20.1,147.1,525.0,0.0,0.91,5.6,28.0,6.3,24.6,1,8/1/2025 10:05:42 AM
7/16/2025 7:00:00 AM,7/16/2025 3:00:00 AM,525,263.8,94.9,18.9,147.5,525.0,0.0,0.91,5.6,28.0,3.7,28.1,1,8/1/2025 10:05:42 AM
7/16/2025 8:00:00 AM,7/16/2025 4:00:00 AM,525,264.5,94.9,17.8,148.1,525.0,0.0,0.88,5.6,28.0,5.2,29.4,1,8/1/2025 10:05:42 AM
7/16/2025 9:00:00 AM,7/16/2025 5:00:00 AM,800,351.8,113.3,36.5,298.3,800.0,0.0,0.90,5.6,28.0,3.6,27.6,1,8/1/2025 10:05:42 AM
7/16/2025 10:00:00 AM,7/16/2025 6:00:00 AM,800,357.2,105.5,32.7,304.8,800.0,0.0,0.89,5.6,28.0,6.1,25.6,1,8/1/2025 10:05:42 AM
7/16/2025 11:00:00 AM,7/16/2025 7:00:00 AM,800,358.5,105.5,32.1,304.0,800.0,0.0,0.87,5.6,28.0,4.3,31.7,1,8/1/2025 10:05:42 AM
7/16/2025 12:00:00 PM,7/16/2025 8:00:00 AM,800,357.0,105.5,35.1,302.5,800.0,0.0,0.89,5.6,28.0,4.8,29.9,1,8/1/2025 10:05:42 AM
7/16/2025 1:00:00 PM,7/16/2025 9:00:00 AM,800,354.6,105.5,44.4,295.3,800.0,0.0,0.86,5.6,28.0,5.5,28.6,1,8/1/2025 10:05:42 AM
7/16/2025 2:00:00 PM,7/16/2025 10:00:00 AM,800,354.3,105.5,34.2,306.2,800.0,0.0,0.91,5.6,28.0,5.8,30.2,1,8/1/2025 10:05:42 AM
7/16/2025 3:00:00 PM,7/16/2025 11:00:00 AM,800,355.4,219.7,34.9,190.2,800.0,0.0,0.91,5.6,28.0,8.5,22.3,1,8/1/2025 10:05:42 AM
7/16/2025 4:00:00 PM,7/16/2025 12:00:00 PM,800,353.7,219.7,37.8,188.7,800.0,0.0,0.89,5.6,28.0,5.3,23.2,1,8/1/2025 10:05:42 AM
7/16/2025 5:00:00 PM,7/16/2025 1:00:00 PM,800,353.7,143.4,36.9,265.8,800.0,0.0,0.88,5.6,28.0,6.3,25.2,1,8/1/2025 10:05:42 AM
7/16/2025 6:00:00 PM,7/16/2025 2:00:00 PM,800,358.3,29.2,28.3,384.1,800.0,0.0,0.91,5.6,28.0,6.5,16.5,1,8/1/2025 10:05:42 AM
7/16/2025 7:00:00 PM,7/16/2025 3:00:00 PM,800,356.1,1.9,22.9,419.1,800.0,0.0,0.90,5.6,28.0,5.7,22.8,1,8/1/2025 10:05:42 AM
7/16/2025 8:00:00 PM,7/16/2025 4:00:00 PM,800,360.2,3.5,25.3,410.9,800.0,0.0,0.89,5.6,28.0,3.7,23.7,1,8/1/2025 10:05:42 AM
7/16/2025 9:00:00 PM,7/16/2025 5:00:00 PM,800,358.7,3.5,35.0,402.7,800.0,0.0,0.89,5.6,28.0,4.9,27.7,1,8/1/2025 10:05:42 AM
7/16/2025 10:00:00 PM,7/16/2025 6:00:00 PM,800,340.7,3.5,67.8,387.9,800.0,0.0,0.91,5.6,28.0,4.6,25.9,1,8/1/2025 10:05:42 AM
7/16/2025 11:00:00 PM,7/16/2025 7:00:00 PM,800,360.6,94.5,30.6,314.0,800.0,0.0,0.90,5.6,28.0,6.4,24.0,1,8/1/2025 10:05:42 AM
7/17/2025 12:00:00 AM,7/16/2025 8:00:00 PM,800,360.5,94.5,30.8,314.1,800.0,0.0,0.85,5.6,28.0,5.4,26.4,1,8/1/2025 10:05:42 AM
7/17/2025 1:00:00 AM,7/16/2025 9:00:00 PM,800,347.6,38.3,58.3,355.7,800.0,0.0,0.87,5.6,28.0,3.5,25.8,1,8/1/2025 10:05:42 AM
7/17/2025 2:00:00 AM,7/16/2025 10:00:00 PM,800,347.9,85.8,58.7,307.5,800.0,0.0,0.84,5.6,28.0,6.7,31.8,1,8/1/2025 10:05:42 AM
7/17/2025 3:00:00 AM,7/16/2025 11:00:00 PM,800,340.5,85.8,67.4,306.0,800.0,0.0,0.83,5.6,28.0,5.5,24.1,1,8/1/2025 10:05:42 AM
7/17/2025 4:00:00 AM,7/17/2025 12:00:00 AM,800,352.1,80.6,52.5,314.7,800.0,0.0,0.83,5.6,28.0,2.7,22.3,1,8/1/2025 10:05:42 AM
7/17/2025 5:00:00 AM,7/17/2025 1:00:00 AM,800,352.5,80.6,47.2,319.6,800.0,0.0,0.86,5.6,28.0,5.6,29.9,1,8/1/2025 10:05:42 AM
7/17/2025 6:00:00 AM,7/17/2025 2:00:00 AM,800,357.3,80.6,24.0,337.9,800.0,0.0,0.81,5.6,28.0,5.6,32.4,1,8/1/2025 10:05:42 AM
7/17/2025 7:00:00 AM,7/17/2025 3:00:00 AM,800,352.1,80.6,48.5,318.6,800.0,0.0,0.86,5.6,28.0,4.4,28.4,1,8/1/2025 10:05:42 AM
7/17/2025 8:00:00 AM,7/17/2025 4:00:00 AM,800,353.6,80.6,41.5,324.0,800.0,0.0,0.84,5.6,28.0,4.9,30.9,1,8/1/2025 10:05:42 AM
7/17/2025 9:00:00 AM,7/17/2025 5:00:00 AM,800,352.2,125.4,50.6,271.5,800.0,0.0,0.87,5.6,28.0,4.5,24.9,1,8/1/2025 10:05:42 AM
7/17/2025 10:00:00 AM,7/17/2025 6:00:00 AM,800,357.9,107.2,39.8,294.6,800.0,0.0,0.84,5.6,28.0,9.0,29.1,1,8/1/2025 10:05:42 AM
7/17/2025 11:00:00 AM,7/17/2025 7:00:00 AM,800,356.8,76.9,46.1,319.7,800.0,0.0,0.85,5.6,28.0,4.4,32.1,1,8/1/2025 10:05:42 AM
7/17/2025 12:00:00 PM,7/17/2025 8:00:00 AM,800,356.3,76.9,48.1,318.9,800.0,0.0,0.87,5.6,28.0,6.4,22.5,1,8/1/2025 10:05:42 AM
7/17/2025 1:00:00 PM,7/17/2025 9:00:00 AM,800,358.1,76.9,42.5,322.4,800.0,0.0,0.89,5.6,28.0,7.6,37.5,1,8/1/2025 10:05:42 AM
7/17/2025 2:00:00 PM,7/17/2025 10:00:00 AM,800,358.7,76.9,40.6,323.9,800.0,0.0,0.90,5.6,28.0,7.4,30.2,1,8/1/2025 10:05:42 AM
7/17/2025 3:00:00 PM,7/17/2025 11:00:00 AM,800,357.8,191.5,38.7,212.1,800.0,0.0,0.89,5.6,28.0,6.1,32.8,1,8/1/2025 10:05:42 AM
7/17/2025 4:00:00 PM,7/17/2025 12:00:00 PM,800,343.5,191.5,44.9,219.9,800.0,0.0,0.87,5.6,28.0,6.1,31.4,1,8/1/2025 10:05:42 AM
7/17/2025 5:00:00 PM,7/17/2025 1:00:00 PM,800,343.6,143.8,43.6,268.8,800.0,0.0,0.90,5.6,28.0,7.5,33.7,1,8/1/2025 10:05:42 AM
7/17/2025 6:00:00 PM,7/17/2025 2:00:00 PM,800,343.3,29.2,44.5,382.8,800.0,0.0,0.90,5.6,28.0,5.2,26.6,1,8/1/2025 10:05:42 AM
7/17/2025 7:00:00 PM,7/17/2025 3:00:00 PM,800,343.3,1.9,44.6,410.2,800.0,0.0,0.89,5.6,28.0,4.8,28.2,1,8/1/2025 10:05:42 AM
7/17/2025 8:00:00 PM,7/17/2025 4:00:00 PM,800,344.0,3.5,42.6,409.6,800.0,0.0,0.90,5.6,28.0,4.5,28.7,1,8/1/2025 10:05:42 AM
7/17/2025 9:00:00 PM,7/17/2025 5:00:00 PM,800,341.2,3.5,55.5,400.0,800.0,0.0,0.88,5.6,28.0,5.7,30.6,1,8/1/2025 10:05:42 AM
7/17/2025 10:00:00 PM,7/17/2025 6:00:00 PM,800,344.2,3.5,47.9,404.2,800.0,0.0,0.91,5.6,28.0,3.6,32.3,1,8/1/2025 10:05:42 AM
7/17/2025 11:00:00 PM,7/17/2025 7:00:00 PM,800,322.8,107.3,52.9,316.8,800.0,0.0,0.91,5.6,28.0,4.4,29.7,1,8/1/2025 10:05:42 AM
7/18/2025 12:00:00 AM,7/17/2025 8:00:00 PM,800,337.0,107.3,55.5,300.1,800.0,0.0,0.91,5.6,28.0,2.8,30.9,1,8/1/2025 10:05:42 AM
7/18/2025 1:00:00 AM,7/17/2025 9:00:00 PM,800,338.6,51.0,53.0,357.4,800.0,0.0,0.90,5.6,28.0,4.2,24.2,1,8/1/2025 10:05:42 AM
7/18/2025 2:00:00 AM,7/17/2025 10:00:00 PM,800,338.0,98.7,58.7,304.1,800.0,0.0,0.87,5.6,28.0,9.2,27.7,1,8/1/2025 10:05:42 AM
7/18/2025 3:00:00 AM,7/17/2025 11:00:00 PM,800,331.2,98.7,61.1,308.6,800.0,0.0,0.91,5.6,28.0,5.2,19.2,1,8/1/2025 10:05:42 AM
7/18/2025 4:00:00 AM,7/18/2025 12:00:00 AM,525,225.0,119.1,57.6,123.6,525.0,0.0,0.90,5.6,27.9,2.2,22.2,1,8/1/2025 10:05:42 AM
7/18/2025 5:00:00 AM,7/18/2025 1:00:00 AM,525,225.0,131.8,57.6,111.0,525.0,0.0,0.86,5.6,27.9,11.9,34.7,1,8/1/2025 10:05:42 AM
7/18/2025 6:00:00 AM,7/18/2025 2:00:00 AM,525,264.3,133.7,17.2,109.9,525.0,0.0,0.90,5.6,27.9,5.2,29.8,1,8/1/2025 10:05:42 AM
7/18/2025 7:00:00 AM,7/18/2025 3:00:00 AM,525,230.4,135.6,49.7,109.9,525.0,0.0,0.89,5.6,27.9,4.1,22.7,1,8/1/2025 10:05:42 AM
7/18/2025 8:00:00 AM,7/18/2025 4:00:00 AM,525,230.4,135.6,50.0,109.5,525.0,0.0,0.89,5.6,27.9,8.6,32.2,1,8/1/2025 10:05:42 AM
7/18/2025 9:00:00 AM,7/18/2025 5:00:00 AM,800,336.5,125.3,77.4,261.2,800.0,0.0,0.88,5.6,27.9,4.8,29.4,1,8/1/2025 10:05:42 AM
7/18/2025 10:00:00 AM,7/18/2025 6:00:00 AM,800,332.3,127.1,85.3,255.7,800.0,0.0,0.90,5.6,27.9,5.6,31.1,1,8/1/2025 10:05:42 AM
7/18/2025 11:00:00 AM,7/18/2025 7:00:00 AM,800,342.3,127.1,71.1,260.3,800.0,0.0,0.91,5.6,27.9,1.9,29.6,1,8/1/2025 10:05:42 AM
7/18/2025 12:00:00 PM,7/18/2025 8:00:00 AM,800,334.7,128.7,83.9,253.3,800.0,0.0,0.90,5.6,27.9,3.9,29.3,1,8/1/2025 10:05:42 AM
7/18/2025 1:00:00 PM,7/18/2025 9:00:00 AM,800,330.6,126.9,91.1,252.0,800.0,0.0,0.91,5.6,27.9,6.4,26.7,1,8/1/2025 10:05:42 AM
7/18/2025 2:00:00 PM,7/18/2025 10:00:00 AM,800,330.5,123.4,88.6,258.1,800.0,0.0,0.90,5.6,27.9,3.7,31.4,1,8/1/2025 10:05:42 AM
7/18/2025 3:00:00 PM,7/18/2025 11:00:00 AM,800,331.2,265.4,88.3,115.7,800.0,0.0,0.88,5.6,27.9,4.9,23.4,1,8/1/2025 10:05:42 AM
7/18/2025 4:00:00 PM,7/18/2025 12:00:00 PM,800,329.3,265.4,92.0,113.8,800.0,0.0,0.87,5.6,27.9,7.6,31.5,1,8/1/2025 10:05:42 AM
7/18/2025 5:00:00 PM,7/18/2025 1:00:00 PM,800,335.3,175.3,81.6,208.3,800.0,0.0,0.91,5.6,27.9,4.7,32.4,1,8/1/2025 10:05:42 AM
7/18/2025 6:00:00 PM,7/18/2025 2:00:00 PM,525,234.3,60.6,45.7,184.8,525.0,0.0,0.90,5.6,27.9,5.3,28.2,1,8/1/2025 10:05:42 AM
7/18/2025 7:00:00 PM,7/18/2025 3:00:00 PM,525,238.7,27.7,42.5,216.4,525.0,0.0,0.89,5.6,27.9,7.4,29.8,1,8/1/2025 10:05:42 AM
7/18/2025 8:00:00 PM,7/18/2025 4:00:00 PM,525,238.7,31.1,42.5,212.9,525.0,0.0,0.93,5.6,27.9,4.3,28.1,1,8/1/2025 10:05:42 AM
7/18/2025 9:00:00 PM,7/18/2025 5:00:00 PM,525,235.4,31.1,45.0,214.1,525.0,0.0,0.91,5.6,27.9,5.8,32.6,1,8/1/2025 10:05:42 AM
7/18/2025 10:00:00 PM,7/18/2025 6:00:00 PM,800,342.3,31.1,73.3,353.4,800.0,0.0,0.90,5.6,27.9,5.0,26.0,1,8/1/2025 10:05:42 AM
7/18/2025 11:00:00 PM,7/18/2025 7:00:00 PM,800,333.2,129.6,97.0,240.6,800.0,0.0,0.92,5.6,27.9,5.2,22.1,1,8/1/2025 10:05:42 AM
7/19/2025 12:00:00 AM,7/18/2025 8:00:00 PM,800,335.7,129.6,86.5,248.3,800.0,0.0,0.93,5.6,27.9,4.0,27.6,1,8/1/2025 10:05:42 AM
7/19/2025 1:00:00 AM,7/18/2025 9:00:00 PM,800,334.6,142.6,93.7,229.6,800.0,0.0,0.93,5.6,27.9,2.8,20.9,1,8/1/2025 10:05:42 AM
7/19/2025 2:00:00 AM,7/18/2025 10:00:00 PM,800,336.0,156.6,90.7,217.1,800.0,0.0,0.93,5.6,27.9,1.1,21.1,1,8/1/2025 10:05:42 AM
7/19/2025 3:00:00 AM,7/18/2025 11:00:00 PM,800,336.0,156.6,89.5,218.2,800.0,0.0,0.92,5.6,27.9,4.3,31.2,1,8/1/2025 10:05:42 AM
7/19/2025 4:00:00 AM,7/19/2025 12:00:00 AM,525,223.9,109.9,56.2,135.0,525.0,0.0,0.91,5.5,27.9,5.7,32.6,1,8/1/2025 10:05:42 AM
7/19/2025 5:00:00 AM,7/19/2025 1:00:00 AM,525,223.9,155.2,56.2,89.6,525.0,0.0,0.88,5.5,27.9,9.9,32.3,1,8/1/2025 10:05:42 AM
7/19/2025 6:00:00 AM,7/19/2025 2:00:00 AM,525,243.7,155.2,37.4,88.8,525.0,0.0,0.87,5.5,27.9,7.6,36.4,1,8/1/2025 10:05:42 AM
7/19/2025 7:00:00 AM,7/19/2025 3:00:00 AM,525,249.5,158.9,30.4,86.3,525.0,0.0,0.90,5.5,27.9,4.4,26.8,1,8/1/2025 10:05:42 AM
7/19/2025 8:00:00 AM,7/19/2025 4:00:00 AM,525,224.3,130.6,55.8,114.1,525.0,0.0,0.91,5.5,27.9,3.2,30.2,1,8/1/2025 10:05:42 AM
7/19/2025 9:00:00 AM,7/19/2025 5:00:00 AM,800,343.8,147.5,60.6,248.0,800.0,0.0,0.90,5.5,27.9,3.8,31.4,1,8/1/2025 10:05:42 AM
7/19/2025 10:00:00 AM,7/19/2025 6:00:00 AM,800,330.1,197.8,94.1,178.2,800.0,0.0,0.91,5.5,27.9,4.0,27.0,1,8/1/2025 10:05:42 AM
7/19/2025 11:00:00 AM,7/19/2025 7:00:00 AM,800,346.0,201.6,70.3,182.1,800.0,0.0,0.91,5.5,27.9,3.6,23.9,1,8/1/2025 10:05:42 AM
7/19/2025 12:00:00 PM,7/19/2025 8:00:00 AM,800,333.1,201.2,93.2,172.9,800.0,0.0,0.89,5.5,27.9,5.2,27.4,1,8/1/2025 10:05:42 AM
7/19/2025 1:00:00 PM,7/19/2025 9:00:00 AM,800,328.4,201.2,98.7,172.0,800.0,0.0,0.90,5.5,27.9,6.1,26.2,1,8/1/2025 10:05:42 AM
7/19/2025 2:00:00 PM,7/19/2025 10:00:00 AM,800,328.4,201.2,98.8,171.7,800.0,0.0,0.91,5.5,27.9,6.0,23.7,1,8/1/2025 10:05:42 AM
7/19/2025 3:00:00 PM,7/19/2025 11:00:00 AM,800,336.2,198.2,88.2,177.7,800.0,0.0,0.94,5.5,27.9,4.3,17.5,1,8/1/2025 10:05:42 AM
7/19/2025 4:00:00 PM,7/19/2025 12:00:00 PM,800,334.7,317.9,90.0,58.0,800.0,0.0,0.89,5.5,27.9,6.3,22.2,1,8/1/2025 10:05:42 AM
7/19/2025 5:00:00 PM,7/19/2025 1:00:00 PM,800,334.8,250.0,88.8,127.0,800.0,0.0,0.90,5.5,27.9,3.9,25.5,1,8/1/2025 10:05:42 AM
7/19/2025 6:00:00 PM,7/19/2025 2:00:00 PM,525,242.0,235.3,38.0,10.0,525.3,0.0,0.94,5.5,27.9,3.6,25.7,1,8/1/2025 10:05:42 AM
7/19/2025 7:00:00 PM,7/19/2025 3:00:00 PM,525,242.6,93.2,40.2,149.0,525.0,0.0,0.92,5.5,27.9,6.1,35.7,1,8/1/2025 10:05:42 AM
7/19/2025 8:00:00 PM,7/19/2025 4:00:00 PM,525,233.1,93.2,48.9,149.9,525.0,0.0,0.92,5.5,27.9,4.3,36.5,1,8/1/2025 10:05:42 AM
7/19/2025 9:00:00 PM,7/19/2025 5:00:00 PM,525,238.2,93.2,43.2,150.4,525.0,0.0,0.93,5.5,27.9,6.1,27.9,1,8/1/2025 10:05:42 AM
7/19/2025 10:00:00 PM,7/19/2025 6:00:00 PM,800,334.8,175.1,88.9,201.6,800.0,0.0,0.91,5.5,27.9,6.4,21.4,1,8/1/2025 10:05:42 AM
7/19/2025 11:00:00 PM,7/19/2025 7:00:00 PM,800,337.0,218.2,85.6,159.2,800.0,0.0,0.93,5.5,27.9,6.4,23.3,1,8/1/2025 10:05:42 AM
7/20/2025 12:00:00 AM,7/19/2025 8:00:00 PM,800,339.6,218.2,74.6,167.5,800.0,0.0,0.93,5.5,27.9,5.9,21.3,1,8/1/2025 10:05:42 AM
7/20/2025 1:00:00 AM,7/19/2025 9:00:00 PM,800,341.4,218.2,72.7,167.6,800.0,0.0,0.94,5.5,27.9,7.3,26.7,1,8/1/2025 10:05:42 AM
7/20/2025 2:00:00 AM,7/19/2025 10:00:00 PM,800,337.5,179.5,84.7,198.6,800.0,0.0,0.90,5.5,27.9,5.6,27.2,1,8/1/2025 10:05:43 AM
7/20/2025 3:00:00 AM,7/19/2025 11:00:00 PM,800,337.6,179.5,83.3,200.1,800.0,0.0,0.90,5.5,27.9,5.8,26.4,1,8/1/2025 10:05:43 AM
7/20/2025 4:00:00 AM,7/20/2025 12:00:00 AM,525,226.2,172.2,55.1,71.2,525.0,0.0,0.89,5.5,27.9,7.4,34.4,1,8/1/2025 10:05:43 AM
7/20/2025 5:00:00 AM,7/20/2025 1:00:00 AM,525,226.8,157.2,54.4,86.3,525.0,0.0,0.91,5.5,27.9,4.3,33.4,1,8/1/2025 10:05:43 AM
7/20/2025 6:00:00 AM,7/20/2025 2:00:00 AM,525,239.5,144.1,40.3,101.3,525.0,0.0,0.87,5.5,27.9,4.5,28.1,1,8/1/2025 10:05:43 AM
7/20/2025 7:00:00 AM,7/20/2025 3:00:00 AM,525,235.4,144.1,45.2,100.4,525.0,0.0,0.91,5.5,27.9,3.1,34.4,1,8/1/2025 10:05:43 AM
7/20/2025 8:00:00 AM,7/20/2025 4:00:00 AM,525,226.2,144.1,55.1,99.7,525.0,0.0,0.90,5.5,27.9,5.0,25.6,1,8/1/2025 10:05:43 AM
7/20/2025 9:00:00 AM,7/20/2025 5:00:00 AM,800,331.1,204.5,83.8,181.0,800.0,0.0,0.89,5.5,27.9,5.0,28.8,1,8/1/2025 10:05:43 AM
7/20/2025 10:00:00 AM,7/20/2025 6:00:00 AM,800,329.7,225.2,87.6,157.9,800.0,0.0,0.93,5.5,27.9,2.3,27.9,1,8/1/2025 10:05:43 AM
7/20/2025 11:00:00 AM,7/20/2025 7:00:00 AM,800,337.8,225.2,76.1,161.7,800.0,0.0,0.92,5.5,27.9,2.8,24.9,1,8/1/2025 10:05:43 AM
7/20/2025 12:00:00 PM,7/20/2025 8:00:00 AM,800,331.5,226.6,89.2,153.1,800.0,0.0,0.90,5.5,27.9,6.4,29.3,1,8/1/2025 10:05:43 AM
7/20/2025 1:00:00 PM,7/20/2025 9:00:00 AM,800,334.0,223.0,84.6,158.5,800.0,0.0,0.91,5.5,27.9,5.5,30.5,1,8/1/2025 10:05:43 AM
7/20/2025 2:00:00 PM,7/20/2025 10:00:00 AM,800,329.1,207.2,94.9,168.9,800.0,0.0,0.92,5.5,27.9,4.2,30.7,1,8/1/2025 10:05:43 AM
7/20/2025 3:00:00 PM,7/20/2025 11:00:00 AM,800,334.0,207.2,86.1,173.0,800.0,0.0,0.88,5.5,27.9,6.6,25.7,1,8/1/2025 10:05:42 AM
7/20/2025 4:00:00 PM,7/20/2025 12:00:00 PM,800,328.5,322.0,95.3,54.4,800.0,0.0,0.91,5.5,27.9,6.4,30.5,1,8/1/2025 10:05:42 AM
7/20/2025 5:00:00 PM,7/20/2025 1:00:00 PM,800,328.6,264.8,92.6,114.2,800.0,0.0,0.92,5.5,27.9,5.4,28.6,1,8/1/2025 10:05:42 AM
7/20/2025 6:00:00 PM,7/20/2025 2:00:00 PM,525,243.1,218.4,31.4,32.2,525.2,0.0,0.91,5.5,27.9,10.3,31.8,1,8/1/2025 10:05:42 AM
7/20/2025 7:00:00 PM,7/20/2025 3:00:00 PM,525,243.1,94.0,39.4,148.4,525.0,0.0,0.94,5.5,27.9,5.2,21.7,1,8/1/2025 10:05:42 AM
7/20/2025 8:00:00 PM,7/20/2025 4:00:00 PM,525,222.5,94.0,59.3,149.2,525.0,0.0,0.92,5.5,27.9,8.7,32.1,1,8/1/2025 10:05:42 AM
7/20/2025 9:00:00 PM,7/20/2025 5:00:00 PM,525,222.5,94.0,59.3,149.1,525.0,0.0,0.94,5.5,27.9,6.4,18.9,1,8/1/2025 10:05:42 AM
7/20/2025 10:00:00 PM,7/20/2025 6:00:00 PM,800,325.5,175.9,97.1,201.6,800.0,0.0,0.91,5.5,27.9,4.7,32.3,1,8/1/2025 10:05:42 AM
7/20/2025 11:00:00 PM,7/20/2025 7:00:00 PM,800,325.4,175.9,99.5,199.5,800.0,0.0,0.92,5.5,27.9,4.2,28.1,1,8/1/2025 10:05:42 AM
7/21/2025 12:00:00 AM,7/20/2025 8:00:00 PM,800,326.8,175.9,96.0,201.5,800.0,0.0,0.91,5.5,27.9,5.9,32.3,1,8/1/2025 10:05:42 AM
7/21/2025 1:00:00 AM,7/20/2025 9:00:00 PM,800,332.0,175.9,88.8,203.4,800.0,0.0,0.93,5.5,27.9,5.0,30.8,1,8/1/2025 10:05:42 AM
7/21/2025 2:00:00 AM,7/20/2025 10:00:00 PM,800,328.8,171.8,92.5,207.1,800.0,0.0,0.90,5.5,27.9,8.0,24.8,1,8/1/2025 10:05:42 AM
7/21/2025 3:00:00 AM,7/20/2025 11:00:00 PM,800,331.2,171.8,85.6,211.5,800.0,0.0,0.91,5.5,27.9,5.5,33.1,1,8/1/2025 10:05:42 AM
7/21/2025 4:00:00 AM,7/21/2025 12:00:00 AM,525,223.0,137.4,57.3,107.2,525.0,0.0,0.90,5.5,27.9,7.2,25.9,1,8/1/2025 10:05:42 AM
7/21/2025 5:00:00 AM,7/21/2025 1:00:00 AM,525,215.9,137.4,65.7,106.0,525.0,0.0,0.91,5.5,27.9,6.1,30.3,1,8/1/2025 10:05:42 AM
7/21/2025 6:00:00 AM,7/21/2025 2:00:00 AM,525,257.5,137.4,25.4,105.0,525.0,0.0,0.90,5.5,27.9,4.2,22.8,1,8/1/2025 10:05:42 AM
7/21/2025 7:00:00 AM,7/21/2025 3:00:00 AM,525,224.7,122.5,56.1,121.7,525.0,0.0,0.90,5.5,27.9,9.5,32.1,1,8/1/2025 10:05:42 AM
7/21/2025 8:00:00 AM,7/21/2025 4:00:00 AM,525,215.9,122.5,65.7,121.0,525.0,0.0,0.89,5.5,27.9,7.2,26.2,1,8/1/2025 10:05:42 AM
7/21/2025 9:00:00 AM,7/21/2025 5:00:00 AM,800,322.4,175.0,94.2,208.8,800.0,0.0,0.90,5.5,27.9,5.6,22.1,1,8/1/2025 10:05:42 AM
7/21/2025 10:00:00 AM,7/21/2025 6:00:00 AM,800,319.6,228.2,101.4,150.9,800.0,0.0,0.92,5.5,27.9,3.5,31.4,1,8/1/2025 10:05:43 AM
7/21/2025 11:00:00 AM,7/21/2025 7:00:00 AM,800,332.6,172.7,80.7,214.0,800.0,0.0,0.89,5.5,27.9,4.8,32.5,1,8/1/2025 10:05:43 AM
7/21/2025 12:00:00 PM,7/21/2025 8:00:00 AM,800,161.1,172.7,198.9,267.3,800.0,0.0,0.88,5.5,27.9,5.3,32.8,1,8/1/2025 10:05:43 AM
7/21/2025 1:00:00 PM,7/21/2025 9:00:00 AM,800,314.3,172.7,90.8,222.6,800.0,0.0,0.90,5.5,27.9,6.4,42.9,1,8/1/2025 10:05:43 AM
7/21/2025 2:00:00 PM,7/21/2025 10:00:00 AM,800,312.9,172.7,95.7,219.2,800.0,0.0,0.86,5.5,27.9,6.5,35.8,1,8/1/2025 10:05:43 AM
7/21/2025 3:00:00 PM,7/21/2025 11:00:00 AM,800,311.8,270.0,97.2,121.3,800.0,0.0,0.89,5.5,27.9,5.5,32.0,1,8/1/2025 10:05:43 AM
7/21/2025 4:00:00 PM,7/21/2025 12:00:00 PM,800,312.7,270.0,97.7,120.1,800.0,0.0,0.91,5.5,27.9,4.1,27.5,1,8/1/2025 10:05:43 AM
7/21/2025 5:00:00 PM,7/21/2025 1:00:00 PM,800,316.9,218.5,88.9,175.8,800.0,0.0,0.92,5.5,27.9,6.1,27.0,1,8/1/2025 10:05:43 AM
7/21/2025 6:00:00 PM,7/21/2025 2:00:00 PM,525,123.3,93.0,122.8,186.0,525.0,0.0,0.91,5.5,27.9,7.0,29.9,1,8/1/2025 10:05:43 AM
7/21/2025 7:00:00 PM,7/21/2025 3:00:00 PM,525,225.3,91.2,54.7,154.0,525.0,0.0,0.92,5.5,27.9,6.5,36.0,1,8/1/2025 10:05:43 AM
7/21/2025 8:00:00 PM,7/21/2025 4:00:00 PM,525,217.6,91.2,63.7,152.5,525.0,0.0,0.90,5.5,27.9,5.5,34.7,1,8/1/2025 10:05:42 AM
7/21/2025 9:00:00 PM,7/21/2025 5:00:00 PM,525,202.1,93.9,70.5,158.5,525.0,0.0,0.87,5.5,27.9,6.7,27.6,1,8/1/2025 10:05:42 AM
7/21/2025 10:00:00 PM,7/21/2025 6:00:00 PM,800,284.6,176.7,111.5,227.0,800.0,0.0,0.90,5.5,27.9,6.5,30.5,1,8/1/2025 10:05:42 AM
7/21/2025 11:00:00 PM,7/21/2025 7:00:00 PM,800,285.9,176.7,103.6,233.8,800.0,0.0,0.91,5.5,27.9,4.7,27.3,1,8/1/2025 10:05:42 AM
7/22/2025 12:00:00 AM,7/21/2025 8:00:00 PM,800,285.3,176.7,118.2,220.1,800.0,0.0,0.92,5.5,27.9,5.7,30.7,1,8/1/2025 10:05:42 AM
7/22/2025 1:00:00 AM,7/21/2025 9:00:00 PM,800,312.0,94.0,104.2,290.1,800.0,0.0,0.89,5.5,27.9,7.0,34.6,1,8/1/2025 10:05:42 AM
7/22/2025 2:00:00 AM,7/21/2025 10:00:00 PM,800,313.3,218.5,103.1,165.4,800.0,0.0,0.90,5.5,27.9,7.3,26.9,1,8/1/2025 10:05:42 AM
7/22/2025 3:00:00 AM,7/21/2025 11:00:00 PM,800,300.8,218.5,116.7,164.0,800.0,0.0,0.90,5.5,27.9,3.7,23.4,1,8/1/2025 10:05:42 AM
7/22/2025 4:00:00 AM,7/22/2025 12:00:00 AM,525,201.2,83.6,78.7,161.2,525.0,0.0,0.86,5.5,27.9,9.1,23.1,1,8/1/2025 10:05:42 AM
7/22/2025 5:00:00 AM,7/22/2025 1:00:00 AM,525,201.2,117.9,78.7,127.0,525.0,0.0,0.87,5.5,27.9,8.1,31.8,1,8/1/2025 10:05:42 AM
7/22/2025 6:00:00 AM,7/22/2025 2:00:00 AM,525,253.4,120.6,28.1,122.9,525.0,0.0,0.87,5.5,27.9,4.1,26.5,1,8/1/2025 10:05:42 AM
7/22/2025 7:00:00 AM,7/22/2025 3:00:00 AM,525,219.2,56.6,62.2,187.0,525.0,0.0,0.90,5.5,27.9,5.6,27.5,1,8/1/2025 10:05:42 AM
7/22/2025 8:00:00 AM,7/22/2025 4:00:00 AM,525,206.9,56.6,74.1,187.4,525.0,0.0,0.92,5.5,27.9,3.8,27.5,1,8/1/2025 10:05:42 AM
7/22/2025 9:00:00 AM,7/22/2025 5:00:00 AM,800,305.5,87.0,102.5,304.7,800.0,0.0,0.89,5.5,27.9,5.6,27.3,1,8/1/2025 10:05:42 AM
7/22/2025 10:00:00 AM,7/22/2025 6:00:00 AM,800,299.7,151.0,116.9,232.4,800.0,0.0,0.90,5.5,27.9,4.1,26.1,1,8/1/2025 10:05:42 AM
7/22/2025 11:00:00 AM,7/22/2025 7:00:00 AM,800,313.1,165.7,95.8,225.4,800.0,0.0,0.91,5.5,27.9,3.2,27.4,1,8/1/2025 10:05:42 AM
7/22/2025 12:00:00 PM,7/22/2025 8:00:00 AM,800,314.9,165.7,113.3,205.6,800.0,0.0,0.90,5.5,27.9,3.6,29.8,1,8/1/2025 10:05:43 AM
7/22/2025 1:00:00 PM,7/22/2025 9:00:00 AM,800,312.0,165.7,116.3,205.9,800.0,0.0,0.88,5.5,27.9,5.4,31.7,1,8/1/2025 10:05:43 AM
7/22/2025 2:00:00 PM,7/22/2025 10:00:00 AM,800,318.6,148.6,107.7,225.2,800.0,0.0,0.91,5.5,27.9,7.6,27.1,1,8/1/2025 10:05:43 AM
7/22/2025 3:00:00 PM,7/22/2025 11:00:00 AM,800,317.6,280.7,106.4,95.1,800.0,0.0,0.90,5.5,27.9,6.1,30.1,1,8/1/2025 10:05:43 AM
7/22/2025 4:00:00 PM,7/22/2025 12:00:00 PM,800,313.0,308.0,108.0,70.9,800.0,0.0,0.94,5.5,27.9,4.8,17.4,1,8/1/2025 10:05:43 AM
7/22/2025 5:00:00 PM,7/22/2025 1:00:00 PM,800,312.8,308.0,108.4,70.9,800.0,0.0,0.92,5.5,27.9,5.9,24.1,1,8/1/2025 10:05:43 AM
7/22/2025 6:00:00 PM,7/22/2025 2:00:00 PM,525,208.3,147.6,73.0,96.2,525.0,0.0,0.95,5.5,27.9,2.7,28.7,1,8/1/2025 10:05:43 AM
7/22/2025 7:00:00 PM,7/22/2025 3:00:00 PM,525,208.3,117.2,73.0,126.7,525.0,0.0,0.89,5.5,27.9,5.3,19.4,1,8/1/2025 10:05:42 AM
7/22/2025 8:00:00 PM,7/22/2025 4:00:00 PM,525,205.3,206.9,76.7,36.2,525.0,0.0,0.91,5.5,27.9,8.5,22.9,1,8/1/2025 10:05:42 AM
7/22/2025 9:00:00 PM,7/22/2025 5:00:00 PM,525,205.3,206.9,76.7,36.2,525.0,0.0,0.91,5.5,27.9,5.4,27.4,1,8/1/2025 10:05:42 AM
7/22/2025 10:00:00 PM,7/22/2025 6:00:00 PM,800,314.8,206.9,110.2,168.3,800.0,0.0,0.91,5.5,27.9,6.8,21.6,1,8/1/2025 10:05:42 AM
7/22/2025 11:00:00 PM,7/22/2025 7:00:00 PM,800,311.3,206.9,109.0,172.7,800.0,0.0,0.93,5.5,27.9,4.7,26.5,1,8/1/2025 10:05:42 AM
7/23/2025 12:00:00 AM,7/22/2025 8:00:00 PM,800,308.9,206.9,117.8,166.2,800.0,0.0,0.92,5.5,27.9,5.7,26.9,1,8/1/2025 10:05:42 AM
7/23/2025 1:00:00 AM,7/22/2025 9:00:00 PM,800,312.8,188.9,114.8,183.6,800.0,0.0,0.91,5.5,27.9,4.6,23.0,1,8/1/2025 10:05:42 AM
7/23/2025 2:00:00 AM,7/22/2025 10:00:00 PM,800,312.0,159.0,117.5,211.4,800.0,0.0,0.91,5.5,27.9,7.1,21.4,1,8/1/2025 10:05:42 AM
7/23/2025 3:00:00 AM,7/22/2025 11:00:00 PM,800,312.2,159.0,113.6,215.2,800.0,0.0,0.91,5.5,27.9,3.7,26.7,1,8/1/2025 10:05:42 AM
7/23/2025 4:00:00 AM,7/23/2025 12:00:00 AM,525,192.4,84.3,89.4,158.9,525.0,0.0,0.86,5.5,27.8,7.8,28.8,1,8/1/2025 10:05:42 AM
7/23/2025 5:00:00 AM,7/23/2025 1:00:00 AM,525,192.3,84.3,89.6,159.0,525.0,0.0,0.87,5.5,27.8,8.7,25.5,1,8/1/2025 10:05:42 AM
7/23/2025 6:00:00 AM,7/23/2025 2:00:00 AM,525,256.9,99.0,25.8,143.0,525.0,0.0,0.92,5.5,27.8,4.7,26.3,1,8/1/2025 10:05:43 AM
7/23/2025 7:00:00 AM,7/23/2025 3:00:00 AM,525,213.9,84.3,67.4,159.7,525.0,0.0,0.87,5.5,27.8,4.7,21.8,1,8/1/2025 10:05:43 AM
7/23/2025 8:00:00 AM,7/23/2025 4:00:00 AM,525,195.5,84.3,85.8,159.5,525.0,0.0,0.89,5.5,27.8,8.6,23.0,1,8/1/2025 10:05:43 AM
7/23/2025 9:00:00 AM,7/23/2025 5:00:00 AM,800,305.9,105.3,116.2,273.0,800.0,0.0,0.90,5.5,27.8,4.8,24.2,1,8/1/2025 10:05:43 AM
7/23/2025 10:00:00 AM,7/23/2025 6:00:00 AM,800,316.7,120.0,101.1,262.4,800.0,0.0,0.90,5.5,27.8,4.1,26.5,1,8/1/2025 10:05:43 AM
7/23/2025 11:00:00 AM,7/23/2025 7:00:00 AM,800,314.1,120.0,110.4,255.8,800.0,0.0,0.92,5.5,27.8,0.7,23.2,1,8/1/2025 10:05:43 AM
7/23/2025 12:00:00 PM,7/23/2025 8:00:00 AM,800,313.3,120.0,111.3,255.6,800.0,0.0,0.89,5.5,27.8,5.7,24.9,1,8/1/2025 10:05:42 AM
7/23/2025 1:00:00 PM,7/23/2025 9:00:00 AM,800,313.2,120.0,110.8,256.5,800.0,0.0,0.90,5.5,27.8,6.1,25.5,1,8/1/2025 10:05:42 AM
7/23/2025 2:00:00 PM,7/23/2025 10:00:00 AM,800,313.1,120.0,110.4,256.6,800.0,0.0,0.90,5.5,27.8,7.4,24.6,1,8/1/2025 10:05:42 AM
7/23/2025 3:00:00 PM,7/23/2025 11:00:00 AM,800,310.3,235.1,110.1,144.6,800.0,0.0,0.90,5.5,27.8,5.0,26.3,1,8/1/2025 10:05:42 AM
7/23/2025 4:00:00 PM,7/23/2025 12:00:00 PM,800,308.9,235.1,112.1,144.0,800.0,0.0,0.94,5.5,27.8,3.8,25.3,1,8/1/2025 10:05:42 AM
7/23/2025 5:00:00 PM,7/23/2025 1:00:00 PM,800,308.5,262.4,113.4,115.9,800.0,0.0,0.93,5.5,27.8,3.9,24.4,1,8/1/2025 10:05:42 AM
7/23/2025 6:00:00 PM,7/23/2025 2:00:00 PM,525,204.6,98.5,77.3,144.7,525.0,0.0,0.96,5.5,27.8,1.5,24.2,1,8/1/2025 10:05:42 AM
7/23/2025 7:00:00 PM,7/23/2025 3:00:00 PM,525,200.3,99.3,81.4,144.1,525.0,0.0,0.92,5.5,27.8,4.6,30.0,1,8/1/2025 10:05:42 AM
7/23/2025 8:00:00 PM,7/23/2025 4:00:00 PM,525,204.6,99.3,77.3,143.9,525.0,0.0,0.90,5.5,27.8,3.0,17.2,1,8/1/2025 10:05:42 AM
7/23/2025 9:00:00 PM,7/23/2025 5:00:00 PM,525,200.3,170.3,81.4,73.1,525.0,0.0,0.90,5.5,27.8,5.0,28.6,1,8/1/2025 10:05:42 AM
7/23/2025 10:00:00 PM,7/23/2025 6:00:00 PM,800,312.3,204.4,114.0,169.3,800.0,0.0,0.90,5.5,27.8,3.3,23.6,1,8/1/2025 10:05:43 AM
7/23/2025 11:00:00 PM,7/23/2025 7:00:00 PM,800,318.9,204.4,101.0,176.1,800.0,0.0,0.93,5.5,27.8,4.5,26.5,1,8/1/2025 10:05:43 AM
7/24/2025 12:00:00 AM,7/23/2025 8:00:00 PM,800,317.1,204.4,104.8,173.8,800.0,0.0,0.89,5.5,27.8,2.3,21.6,1,8/1/2025 10:05:43 AM
7/24/2025 1:00:00 AM,7/23/2025 9:00:00 PM,800,317.2,203.6,106.4,173.3,800.0,0.0,0.89,5.5,27.8,4.1,23.1,1,8/1/2025 10:05:43 AM
7/24/2025 2:00:00 AM,7/23/2025 10:00:00 PM,800,319.7,227.8,102.3,150.6,800.0,0.0,0.89,5.5,27.8,1.6,20.4,1,8/1/2025 10:05:43 AM
7/24/2025 3:00:00 AM,7/23/2025 11:00:00 PM,800,312.0,159.6,113.1,215.5,800.0,0.0,0.86,5.5,27.8,8.2,27.6,1,8/1/2025 10:05:43 AM
7/24/2025 4:00:00 AM,7/24/2025 12:00:00 AM,800,324.0,99.8,87.9,288.3,800.0,0.0,0.87,5.5,27.6,5.8,20.9,1,8/1/2025 10:05:42 AM
7/24/2025 5:00:00 AM,7/24/2025 1:00:00 AM,800,324.1,96.9,84.0,295.0,800.0,0.0,0.88,5.5,27.6,5.3,20.5,1,8/1/2025 10:05:42 AM
7/24/2025 6:00:00 AM,7/24/2025 2:00:00 AM,800,359.0,85.1,25.2,331.2,800.0,0.0,0.90,5.5,27.6,4.5,28.1,1,8/1/2025 10:05:42 AM
7/24/2025 7:00:00 AM,7/24/2025 3:00:00 AM,800,326.5,85.1,76.9,311.9,800.0,0.0,0.90,5.5,27.6,3.6,22.9,1,8/1/2025 10:05:42 AM
7/24/2025 8:00:00 AM,7/24/2025 4:00:00 AM,800,326.5,77.9,75.3,320.9,800.0,0.0,0.90,5.5,27.6,2.6,25.4,1,8/1/2025 10:05:42 AM
7/24/2025 9:00:00 AM,7/24/2025 5:00:00 AM,800,326.6,108.1,77.3,288.6,800.0,0.0,0.89,5.5,27.6,5.0,26.0,1,8/1/2025 10:05:42 AM
7/24/2025 10:00:00 AM,7/24/2025 6:00:00 AM,800,331.1,108.1,76.1,285.1,800.0,0.0,0.90,5.5,27.6,3.3,28.7,1,8/1/2025 10:05:42 AM
7/24/2025 11:00:00 AM,7/24/2025 7:00:00 AM,800,330.6,108.1,78.1,282.9,800.0,0.0,0.91,5.5,27.6,5.6,26.4,1,8/1/2025 10:05:42 AM
7/24/2025 12:00:00 PM,7/24/2025 8:00:00 AM,800,328.4,105.1,80.3,286.5,800.0,0.0,0.90,5.5,27.6,4.5,31.6,1,8/1/2025 10:05:42 AM
7/24/2025 1:00:00 PM,7/24/2025 9:00:00 AM,800,328.5,105.1,78.5,288.3,800.0,0.0,0.89,5.5,27.6,4.7,26.4,1,8/1/2025 10:05:42 AM
7/24/2025 2:00:00 PM,7/24/2025 10:00:00 AM,800,331.9,105.1,72.9,290.4,800.0,0.0,0.88,5.5,27.6,7.8,22.5,1,8/1/2025 10:05:42 AM
7/24/2025 3:00:00 PM,7/24/2025 11:00:00 AM,800,365.3,220.3,23.6,190.7,800.0,0.0,0.89,5.5,27.6,5.4,24.4,1,8/1/2025 10:05:43 AM
7/24/2025 4:00:00 PM,7/24/2025 12:00:00 PM,800,316.2,220.3,80.0,183.6,800.0,0.0,0.91,5.5,27.6,4.1,23.7,1,8/1/2025 10:05:43 AM
7/24/2025 5:00:00 PM,7/24/2025 1:00:00 PM,800,315.0,220.3,82.7,181.9,800.0,0.0,0.92,5.5,27.6,3.6,30.5,1,8/1/2025 10:05:43 AM
7/24/2025 6:00:00 PM,7/24/2025 2:00:00 PM,800,313.3,1.9,84.4,400.8,800.0,0.0,0.90,5.5,27.6,6.5,20.4,1,8/1/2025 10:05:43 AM
7/24/2025 7:00:00 PM,7/24/2025 3:00:00 PM,800,316.5,14.7,80.2,388.7,800.0,0.0,0.93,5.5,27.6,3.6,21.3,1,8/1/2025 10:05:43 AM
7/24/2025 8:00:00 PM,7/24/2025 4:00:00 PM,800,313.2,18.0,84.8,384.1,800.0,0.0,0.91,5.5,27.6,7.0,19.8,1,8/1/2025 10:05:43 AM
7/24/2025 9:00:00 PM,7/24/2025 5:00:00 PM,800,313.1,121.9,86.6,278.9,800.0,0.0,0.88,5.5,27.6,4.0,18.3,1,8/1/2025 10:05:43 AM
7/24/2025 10:00:00 PM,7/24/2025 6:00:00 PM,800,316.2,121.9,86.0,276.1,800.0,0.0,0.90,5.5,27.6,5.0,25.8,1,8/1/2025 10:05:42 AM
7/24/2025 11:00:00 PM,7/24/2025 7:00:00 PM,800,320.4,189.1,78.0,212.7,800.0,0.0,0.90,5.5,27.6,4.7,18.6,1,8/1/2025 10:05:42 AM
7/25/2025 12:00:00 AM,7/24/2025 8:00:00 PM,800,329.9,87.1,82.0,300.8,800.0,0.0,0.91,5.5,27.6,4.4,22.8,1,8/1/2025 10:05:42 AM
7/25/2025 1:00:00 AM,7/24/2025 9:00:00 PM,800,331.5,29.2,81.5,358.0,800.0,0.0,0.91,5.5,27.6,5.0,22.3,1,8/1/2025 10:05:42 AM
7/25/2025 2:00:00 AM,7/24/2025 10:00:00 PM,800,334.0,108.1,75.7,282.3,800.0,0.0,0.89,5.5,27.6,4.4,20.4,1,8/1/2025 10:05:42 AM
7/25/2025 3:00:00 AM,7/24/2025 11:00:00 PM,800,325.4,108.1,86.7,279.8,800.0,0.0,0.88,5.5,27.6,4.2,20.1,1,8/1/2025 10:05:42 AM
7/25/2025 4:00:00 AM,7/25/2025 12:00:00 AM,800,321.3,99.2,88.9,290.3,800.0,0.0,0.90,5.5,27.7,1.3,19.7,1,8/1/2025 10:05:42 AM
7/25/2025 5:00:00 AM,7/25/2025 1:00:00 AM,800,324.7,53.7,79.2,342.0,800.0,0.0,0.87,5.5,27.7,3.7,26.5,1,8/1/2025 10:05:42 AM
7/25/2025 6:00:00 AM,7/25/2025 2:00:00 AM,800,353.5,99.2,39.0,308.4,800.0,0.0,0.89,5.5,27.7,4.9,28.7,1,8/1/2025 10:05:42 AM
7/25/2025 7:00:00 AM,7/25/2025 3:00:00 AM,800,324.7,97.8,77.9,299.5,800.0,0.0,0.90,5.5,27.7,4.1,27.5,1,8/1/2025 10:05:42 AM
7/25/2025 8:00:00 AM,7/25/2025 4:00:00 AM,800,322.9,88.7,79.2,309.4,800.0,0.0,0.88,5.5,27.7,5.1,25.7,1,8/1/2025 10:05:42 AM
7/25/2025 9:00:00 AM,7/25/2025 5:00:00 AM,800,319.2,149.3,89.3,242.1,800.0,0.0,0.88,5.5,27.7,5.0,26.2,1,8/1/2025 10:05:42 AM
7/25/2025 10:00:00 AM,7/25/2025 6:00:00 AM,800,324.7,149.3,83.4,242.3,800.0,0.0,0.88,5.5,27.7,5.7,25.9,1,8/1/2025 10:05:42 AM
7/25/2025 11:00:00 AM,7/25/2025 7:00:00 AM,800,329.6,124.1,76.6,269.5,800.0,0.0,0.89,5.5,27.7,5.7,29.3,1,8/1/2025 10:05:42 AM
7/25/2025 12:00:00 PM,7/25/2025 8:00:00 AM,800,327.8,125.5,80.3,266.3,800.0,0.0,0.88,5.5,27.7,5.8,23.7,1,8/1/2025 10:05:43 AM
7/25/2025 1:00:00 PM,7/25/2025 9:00:00 AM,800,327.6,105.8,80.3,286.0,800.0,0.0,0.87,5.5,27.7,6.2,23.7,1,8/1/2025 10:05:43 AM
7/25/2025 2:00:00 PM,7/25/2025 10:00:00 AM,800,325.5,105.8,80.0,288.3,800.0,0.0,0.89,5.5,27.7,6.8,24.3,1,8/1/2025 10:05:43 AM
7/25/2025 3:00:00 PM,7/25/2025 11:00:00 AM,800,326.4,98.5,79.9,295.0,800.0,0.0,0.91,5.5,27.7,5.5,30.4,1,8/1/2025 10:05:43 AM
7/25/2025 4:00:00 PM,7/25/2025 12:00:00 PM,800,324.3,213.9,83.2,178.4,800.0,0.0,0.88,5.5,27.7,5.8,27.2,1,8/1/2025 10:05:43 AM
7/25/2025 5:00:00 PM,7/25/2025 1:00:00 PM,800,324.2,117.2,81.9,276.6,800.0,0.0,0.92,5.5,27.7,5.1,21.4,1,8/1/2025 10:05:43 AM
7/25/2025 6:00:00 PM,7/25/2025 2:00:00 PM,800,356.5,117.2,32.3,294.2,800.0,0.0,0.89,5.5,27.7,3.0,21.8,1,8/1/2025 10:05:43 AM
7/25/2025 7:00:00 PM,7/25/2025 3:00:00 PM,800,327.4,81.9,71.9,318.6,800.0,0.0,0.89,5.5,27.7,4.2,26.4,1,8/1/2025 10:05:42 AM
7/25/2025 8:00:00 PM,7/25/2025 4:00:00 PM,800,361.1,27.2,23.4,388.4,800.0,0.0,0.88,5.5,27.7,4.9,27.7,1,8/1/2025 10:05:42 AM
7/25/2025 9:00:00 PM,7/25/2025 5:00:00 PM,800,317.4,105.0,75.0,302.5,800.0,0.0,0.92,5.5,27.7,2.3,21.2,1,8/1/2025 10:05:42 AM
7/25/2025 10:00:00 PM,7/25/2025 6:00:00 PM,800,316.3,105.0,84.1,294.6,800.0,0.0,0.89,5.5,27.7,1.1,21.6,1,8/1/2025 10:05:42 AM
7/25/2025 11:00:00 PM,7/25/2025 7:00:00 PM,800,316.7,105.0,79.8,298.3,800.0,0.0,0.91,5.5,27.7,4.9,25.1,1,8/1/2025 10:05:42 AM
7/26/2025 12:00:00 AM,7/25/2025 8:00:00 PM,800,330.3,188.7,73.8,207.1,800.0,0.0,0.93,5.5,27.7,4.5,27.2,1,8/1/2025 10:05:42 AM
7/26/2025 1:00:00 AM,7/25/2025 9:00:00 PM,800,331.7,107.6,71.0,289.6,800.0,0.0,0.92,5.5,27.7,0.5,23.2,1,8/1/2025 10:05:42 AM
7/26/2025 2:00:00 AM,7/25/2025 10:00:00 PM,800,318.9,43.4,92.0,345.4,800.0,0.0,0.90,5.5,27.7,3.3,26.5,1,8/1/2025 10:05:42 AM
7/26/2025 3:00:00 AM,7/25/2025 11:00:00 PM,800,318.9,149.5,91.0,240.1,800.0,0.0,0.82,5.5,27.7,6.1,21.0,1,8/1/2025 10:05:42 AM
7/26/2025 4:00:00 AM,7/26/2025 12:00:00 AM,525,201.6,84.8,79.5,159.0,525.0,0.0,0.91,5.4,27.7,6.3,16.5,1,8/1/2025 10:05:42 AM
7/26/2025 5:00:00 AM,7/26/2025 1:00:00 AM,525,201.6,54.8,79.5,188.9,525.0,0.0,0.88,5.4,27.7,2.4,26.1,1,8/1/2025 10:05:42 AM
7/26/2025 6:00:00 AM,7/26/2025 2:00:00 AM,525,184.7,61.6,96.1,182.6,525.0,0.0,0.87,5.4,27.7,8.3,29.7,1,8/1/2025 10:05:42 AM
7/26/2025 7:00:00 AM,7/26/2025 3:00:00 AM,525,190.1,65.0,91.6,178.2,525.0,0.0,0.91,5.4,27.7,1.9,28.4,1,8/1/2025 10:05:43 AM
7/26/2025 8:00:00 AM,7/26/2025 4:00:00 AM,525,188.5,65.0,93.3,178.1,525.0,0.0,0.90,5.4,27.7,8.0,24.8,1,8/1/2025 10:05:43 AM
7/26/2025 9:00:00 AM,7/26/2025 5:00:00 AM,800,301.8,124.1,114.9,258.8,800.0,0.0,0.89,5.4,27.7,4.6,22.3,1,8/1/2025 10:05:43 AM
7/26/2025 10:00:00 AM,7/26/2025 6:00:00 AM,800,300.4,192.2,116.9,190.5,800.0,0.0,0.92,5.4,27.7,3.7,24.5,1,8/1/2025 10:05:43 AM
7/26/2025 11:00:00 AM,7/26/2025 7:00:00 AM,800,313.9,183.4,98.2,204.4,800.0,0.0,0.89,5.4,27.7,4.6,24.5,1,8/1/2025 10:05:43 AM
7/26/2025 12:00:00 PM,7/26/2025 8:00:00 AM,800,303.7,183.4,115.0,197.9,800.0,0.0,0.91,5.4,27.7,6.2,26.0,1,8/1/2025 10:05:43 AM
7/26/2025 1:00:00 PM,7/26/2025 9:00:00 AM,800,300.6,183.4,120.5,195.6,800.0,0.0,0.91,5.4,27.7,5.4,28.6,1,8/1/2025 10:05:43 AM
7/26/2025 2:00:00 PM,7/26/2025 10:00:00 AM,800,305.2,123.7,111.3,259.6,800.0,0.0,0.89,5.4,27.7,5.5,30.1,1,8/1/2025 10:05:42 AM
7/26/2025 3:00:00 PM,7/26/2025 11:00:00 AM,800,300.6,122.3,120.6,256.7,800.0,0.0,0.91,5.4,27.7,6.0,26.4,1,8/1/2025 10:05:42 AM
7/26/2025 4:00:00 PM,7/26/2025 12:00:00 PM,800,305.9,227.8,108.7,157.7,800.0,0.0,0.92,5.4,27.7,4.9,22.0,1,8/1/2025 10:05:42 AM
7/26/2025 5:00:00 PM,7/26/2025 1:00:00 PM,800,306.0,126.3,111.6,256.1,800.0,0.0,0.92,5.4,27.7,5.1,22.5,1,8/1/2025 10:05:42 AM
7/26/2025 6:00:00 PM,7/26/2025 2:00:00 PM,525,235.1,197.6,47.2,44.8,525.0,0.0,0.91,5.4,27.7,5.3,23.0,1,8/1/2025 10:05:42 AM
7/26/2025 7:00:00 PM,7/26/2025 3:00:00 PM,525,235.1,136.8,47.2,105.6,525.0,0.0,0.94,5.4,27.7,8.9,27.8,1,8/1/2025 10:05:42 AM
7/26/2025 8:00:00 PM,7/26/2025 4:00:00 PM,525,199.7,106.8,82.0,136.6,525.0,0.0,0.93,5.4,27.7,7.1,26.8,1,8/1/2025 10:05:42 AM
7/26/2025 9:00:00 PM,7/26/2025 5:00:00 PM,525,183.0,106.8,98.3,136.7,525.0,0.0,0.93,5.4,27.7,8.3,27.3,1,8/1/2025 10:05:42 AM
7/26/2025 10:00:00 PM,7/26/2025 6:00:00 PM,800,299.4,106.8,121.5,272.1,800.0,0.0,0.92,5.4,27.7,5.5,24.4,1,8/1/2025 10:05:42 AM
7/26/2025 11:00:00 PM,7/26/2025 7:00:00 PM,800,299.4,106.8,122.0,271.5,800.0,0.0,0.93,5.4,27.7,3.2,24.7,1,8/1/2025 10:05:42 AM
7/27/2025 12:00:00 AM,7/26/2025 8:00:00 PM,800,300.2,188.7,119.4,191.6,800.0,0.0,0.93,5.4,27.7,2.6,24.2,1,8/1/2025 10:05:42 AM
7/27/2025 1:00:00 AM,7/26/2025 9:00:00 PM,800,301.1,122.0,119.5,257.5,800.0,0.0,0.94,5.4,27.7,5.8,24.7,1,8/1/2025 10:05:42 AM
7/27/2025 2:00:00 AM,7/26/2025 10:00:00 PM,800,301.0,150.9,119.6,228.4,800.0,0.0,0.92,5.4,27.7,1.2,22.5,1,8/1/2025 10:05:42 AM
7/27/2025 3:00:00 AM,7/26/2025 11:00:00 PM,800,301.3,112.6,118.4,267.7,800.0,0.0,0.91,5.4,27.7,2.4,26.4,1,8/1/2025 10:05:43 AM
7/27/2025 4:00:00 AM,7/27/2025 12:00:00 AM,525,184.4,77.6,96.4,166.4,525.0,0.0,0.90,5.4,27.8,1.9,28.8,1,8/1/2025 10:05:43 AM
7/27/2025 5:00:00 AM,7/27/2025 1:00:00 AM,525,189.8,77.6,92.0,165.5,525.0,0.0,0.93,5.4,27.8,3.0,33.4,1,8/1/2025 10:05:43 AM
7/27/2025 6:00:00 AM,7/27/2025 2:00:00 AM,525,211.2,77.6,68.4,167.8,525.0,0.0,0.89,5.4,27.8,6.6,33.5,1,8/1/2025 10:05:43 AM
7/27/2025 7:00:00 AM,7/27/2025 3:00:00 AM,525,209.5,77.6,71.2,166.5,525.0,0.0,0.89,5.4,27.8,7.0,28.2,1,8/1/2025 10:05:43 AM
7/27/2025 8:00:00 AM,7/27/2025 4:00:00 AM,525,193.1,77.6,88.2,166.1,525.0,0.0,0.91,5.4,27.8,4.3,24.1,1,8/1/2025 10:05:42 AM
7/27/2025 9:00:00 AM,7/27/2025 5:00:00 AM,800,303.5,111.7,110.4,274.2,800.0,0.0,0.89,5.4,27.8,3.8,22.7,1,8/1/2025 10:05:42 AM
7/27/2025 10:00:00 AM,7/27/2025 6:00:00 AM,800,307.0,149.3,103.2,240.0,800.0,0.0,0.91,5.4,27.8,6.0,28.8,1,8/1/2025 10:05:42 AM
7/27/2025 11:00:00 AM,7/27/2025 7:00:00 AM,800,317.4,137.5,89.0,255.9,800.0,0.0,0.89,5.4,27.8,4.5,28.7,1,8/1/2025 10:05:42 AM
7/27/2025 12:00:00 PM,7/27/2025 8:00:00 AM,800,307.1,137.5,106.9,248.1,800.0,0.0,0.90,5.4,27.8,5.8,27.8,1,8/1/2025 10:05:42 AM
7/27/2025 1:00:00 PM,7/27/2025 9:00:00 AM,800,303.9,137.5,115.3,243.1,800.0,0.0,0.87,5.4,27.8,5.0,22.1,1,8/1/2025 10:05:42 AM
7/27/2025 2:00:00 PM,7/27/2025 10:00:00 AM,800,303.8,147.6,116.3,232.2,800.0,0.0,0.91,5.4,27.8,7.7,27.5,1,8/1/2025 10:05:42 AM
7/27/2025 3:00:00 PM,7/27/2025 11:00:00 AM,800,303.8,149.4,116.5,230.1,800.0,0.0,0.91,5.4,27.8,9.0,23.0,1,8/1/2025 10:05:42 AM
7/27/2025 4:00:00 PM,7/27/2025 12:00:00 PM,800,302.4,265.0,118.0,114.4,800.0,0.0,0.90,5.4,27.8,6.3,20.4,1,8/1/2025 10:05:42 AM
7/27/2025 5:00:00 PM,7/27/2025 1:00:00 PM,800,302.4,265.0,116.1,116.3,800.0,0.0,0.93,5.4,27.8,3.9,25.8,1,8/1/2025 10:05:42 AM
7/27/2025 6:00:00 PM,7/27/2025 2:00:00 PM,525,234.2,196.0,49.1,45.9,525.0,0.0,0.92,5.4,27.8,5.5,28.2,1,8/1/2025 10:05:43 AM
7/27/2025 7:00:00 PM,7/27/2025 3:00:00 PM,525,238.4,185.7,45.2,55.9,525.0,0.0,0.91,5.4,27.8,8.6,30.3,1,8/1/2025 10:05:43 AM
7/27/2025 8:00:00 PM,7/27/2025 4:00:00 PM,525,188.0,103.8,93.9,138.9,525.0,0.0,0.92,5.4,27.8,7.2,21.9,1,8/1/2025 10:05:43 AM
7/27/2025 9:00:00 PM,7/27/2025 5:00:00 PM,525,188.0,103.8,94.0,138.8,525.0,0.0,0.93,5.4,27.8,3.6,22.3,1,8/1/2025 10:05:43 AM
7/27/2025 10:00:00 PM,7/27/2025 6:00:00 PM,800,305.8,105.7,110.7,277.6,800.0,0.0,0.90,5.4,27.8,4.7,24.3,1,8/1/2025 10:05:43 AM
7/27/2025 11:00:00 PM,7/27/2025 7:00:00 PM,800,300.4,103.8,119.3,276.1,800.0,0.0,0.93,5.4,27.8,4.7,23.8,1,8/1/2025 10:05:42 AM
7/28/2025 12:00:00 AM,7/27/2025 8:00:00 PM,800,301.7,185.7,117.2,195.2,800.0,0.0,0.92,5.4,27.8,5.3,27.7,1,8/1/2025 10:05:42 AM
7/28/2025 1:00:00 AM,7/27/2025 9:00:00 PM,800,302.1,120.4,119.0,258.5,800.0,0.0,0.92,5.4,27.8,6.7,26.8,1,8/1/2025 10:05:42 AM
7/28/2025 2:00:00 AM,7/27/2025 10:00:00 PM,800,303.3,84.7,114.9,296.9,800.0,0.0,0.92,5.4,27.8,4.0,22.8,1,8/1/2025 10:05:42 AM
7/28/2025 3:00:00 AM,7/27/2025 11:00:00 PM,800,304.1,70.0,111.1,314.3,800.0,0.0,0.87,5.4,27.8,1.1,16.2,1,8/1/2025 10:05:42 AM
7/28/2025 4:00:00 AM,7/28/2025 12:00:00 AM,800,322.2,65.0,82.0,330.7,800.0,0.0,0.87,5.4,27.8,8.1,28.8,1,8/1/2025 10:05:42 AM
7/28/2025 5:00:00 AM,7/28/2025 1:00:00 AM,800,322.2,65.0,76.9,335.9,800.0,0.0,0.87,5.4,27.8,5.6,23.6,1,8/1/2025 10:05:42 AM
7/28/2025 6:00:00 AM,7/28/2025 2:00:00 AM,800,346.4,65.0,38.7,349.9,800.0,0.0,0.88,5.4,27.8,4.5,27.4,1,8/1/2025 10:05:42 AM
7/28/2025 7:00:00 AM,7/28/2025 3:00:00 AM,800,326.8,68.3,65.8,339.4,800.0,0.0,0.89,5.4,27.8,4.6,23.5,1,8/1/2025 10:05:42 AM
7/28/2025 8:00:00 AM,7/28/2025 4:00:00 AM,800,325.7,65.0,68.4,340.8,800.0,0.0,0.89,5.4,27.8,5.2,24.5,1,8/1/2025 10:05:42 AM
7/28/2025 9:00:00 AM,7/28/2025 5:00:00 AM,800,325.7,132.7,69.9,271.6,800.0,0.0,0.90,5.4,27.8,5.0,30.6,1,8/1/2025 10:05:42 AM
7/28/2025 10:00:00 AM,7/28/2025 6:00:00 AM,800,326.0,132.7,73.5,267.7,800.0,0.0,0.88,5.4,27.8,5.3,28.6,1,8/1/2025 10:05:42 AM
7/28/2025 11:00:00 AM,7/28/2025 7:00:00 AM,800,340.8,86.7,55.5,317.2,800.0,0.0,0.90,5.4,27.8,5.0,24.1,1,8/1/2025 10:05:43 AM
7/28/2025 12:00:00 PM,7/28/2025 8:00:00 AM,800,338.8,86.7,59.0,315.8,800.0,0.0,0.86,5.4,27.8,5.8,29.0,1,8/1/2025 10:05:43 AM
7/28/2025 1:00:00 PM,7/28/2025 9:00:00 AM,800,335.4,90.4,64.9,309.3,800.0,0.0,0.86,5.4,27.8,9.7,26.8,1,8/1/2025 10:05:43 AM
7/28/2025 2:00:00 PM,7/28/2025 10:00:00 AM,800,335.1,90.3,65.7,308.7,800.0,0.0,0.88,5.4,27.8,7.0,31.6,1,8/1/2025 10:05:43 AM
7/28/2025 3:00:00 PM,7/28/2025 11:00:00 AM,800,335.9,90.3,66.9,306.8,800.0,0.0,0.88,5.4,27.8,5.6,28.0,1,8/1/2025 10:05:43 AM
7/28/2025 4:00:00 PM,7/28/2025 12:00:00 PM,800,323.3,203.6,66.5,206.2,800.0,0.0,0.89,5.4,27.8,4.3,28.8,1,8/1/2025 10:05:43 AM
7/28/2025 5:00:00 PM,7/28/2025 1:00:00 PM,800,323.3,198.6,63.8,214.2,800.0,0.0,0.91,5.4,27.8,2.2,25.5,1,8/1/2025 10:05:42 AM
7/28/2025 6:00:00 PM,7/28/2025 2:00:00 PM,800,326.7,203.0,44.5,225.8,800.0,0.0,0.92,5.4,27.8,6.0,28.8,1,8/1/2025 10:05:42 AM
7/28/2025 7:00:00 PM,7/28/2025 3:00:00 PM,800,326.0,114.9,61.3,297.6,800.0,0.0,0.91,5.4,27.8,4.5,20.0,1,8/1/2025 10:05:42 AM
7/28/2025 8:00:00 PM,7/28/2025 4:00:00 PM,800,331.3,38.3,55.0,375.3,800.0,0.0,0.91,5.4,27.8,5.7,20.6,1,8/1/2025 10:05:42 AM
7/28/2025 9:00:00 PM,7/28/2025 5:00:00 PM,800,328.6,38.3,65.8,367.1,800.0,0.0,0.91,5.4,27.8,4.2,21.3,1,8/1/2025 10:05:42 AM
7/28/2025 10:00:00 PM,7/28/2025 6:00:00 PM,800,328.6,38.3,68.2,364.7,800.0,0.0,0.87,5.4,27.8,4.3,21.1,1,8/1/2025 10:05:42 AM
7/28/2025 11:00:00 PM,7/28/2025 7:00:00 PM,800,328.0,38.3,68.7,364.8,800.0,0.0,0.89,5.4,27.8,4.2,14.5,1,8/1/2025 10:05:42 AM
7/29/2025 12:00:00 AM,7/28/2025 8:00:00 PM,800,331.9,120.2,62.0,285.6,800.0,0.0,0.94,5.4,27.8,2.4,24.1,1,8/1/2025 10:05:42 AM
7/29/2025 1:00:00 AM,7/28/2025 9:00:00 PM,800,334.6,56.6,54.5,354.1,800.0,0.0,0.94,5.4,27.8,4.7,21.1,1,8/1/2025 10:05:42 AM
7/29/2025 2:00:00 AM,7/28/2025 10:00:00 PM,800,335.2,144.1,58.7,262.1,800.0,0.0,0.90,5.4,27.8,6.4,19.8,1,8/1/2025 10:05:42 AM
7/29/2025 3:00:00 AM,7/28/2025 11:00:00 PM,800,328.6,142.3,78.6,250.4,800.0,0.0,0.92,5.4,27.8,5.0,25.5,1,8/1/2025 10:05:42 AM
7/29/2025 4:00:00 AM,7/29/2025 12:00:00 AM,800,325.2,62.0,80.6,332.1,800.0,0.0,0.88,5.5,27.9,4.7,24.0,1,8/1/2025 10:05:42 AM
7/29/2025 5:00:00 AM,7/29/2025 1:00:00 AM,800,329.5,62.0,67.6,340.9,800.0,0.0,0.88,5.5,27.9,3.4,21.3,1,8/1/2025 10:05:42 AM
7/29/2025 6:00:00 AM,7/29/2025 2:00:00 AM,800,349.8,62.0,37.8,350.2,800.0,0.0,0.90,5.5,27.9,3.2,28.3,1,8/1/2025 10:05:42 AM
7/29/2025 7:00:00 AM,7/29/2025 3:00:00 AM,800,326.5,62.0,72.8,338.6,800.0,0.0,0.89,5.5,27.9,4.9,26.2,1,8/1/2025 10:05:42 AM
7/29/2025 8:00:00 AM,7/29/2025 4:00:00 AM,800,326.6,62.0,73.6,337.5,800.0,0.0,0.88,5.5,27.9,4.6,26.4,1,8/1/2025 10:05:42 AM
7/29/2025 9:00:00 AM,7/29/2025 5:00:00 AM,800,329.7,108.2,68.7,293.0,800.0,0.0,0.89,5.5,27.9,5.0,26.6,1,8/1/2025 10:05:43 AM
7/29/2025 10:00:00 AM,7/29/2025 6:00:00 AM,800,330.8,110.1,73.4,285.5,800.0,0.0,0.92,5.5,27.9,3.9,26.3,1,8/1/2025 10:05:43 AM
7/29/2025 11:00:00 AM,7/29/2025 7:00:00 AM,800,339.0,110.1,60.3,290.7,800.0,0.0,0.90,5.5,27.9,3.8,26.6,1,8/1/2025 10:05:43 AM
7/29/2025 12:00:00 PM,7/29/2025 8:00:00 AM,800,339.6,94.1,63.4,302.8,800.0,0.0,0.89,5.5,27.9,3.8,26.1,1,8/1/2025 10:05:43 AM
7/29/2025 1:00:00 PM,7/29/2025 9:00:00 AM,800,339.4,94.1,73.8,292.6,800.0,0.0,0.89,5.5,27.9,5.3,22.2,1,8/1/2025 10:05:43 AM
7/29/2025 2:00:00 PM,7/29/2025 10:00:00 AM,800,339.1,94.1,62.6,304.0,800.0,0.0,0.90,5.5,27.9,7.2,25.0,1,8/1/2025 10:05:42 AM
7/29/2025 3:00:00 PM,7/29/2025 11:00:00 AM,800,340.0,94.1,63.3,302.6,800.0,0.0,0.90,5.5,27.9,5.2,25.5,1,8/1/2025 10:05:42 AM
7/29/2025 4:00:00 PM,7/29/2025 12:00:00 PM,800,326.5,210.0,65.5,197.8,800.0,0.0,0.93,5.5,27.9,6.8,28.9,1,8/1/2025 10:05:42 AM
7/29/2025 5:00:00 PM,7/29/2025 1:00:00 PM,800,325.1,148.1,68.1,258.7,800.0,0.0,0.93,5.5,27.9,3.3,24.8,1,8/1/2025 10:05:42 AM
7/29/2025 6:00:00 PM,7/29/2025 2:00:00 PM,800,327.3,117.8,68.3,286.3,800.0,0.0,0.90,5.5,27.9,1.0,16.5,1,8/1/2025 10:05:42 AM
7/29/2025 7:00:00 PM,7/29/2025 3:00:00 PM,800,326.7,1.9,67.8,403.4,800.0,0.0,0.93,5.5,27.9,4.7,23.1,1,8/1/2025 10:05:42 AM
7/29/2025 8:00:00 PM,7/29/2025 4:00:00 PM,800,325.5,34.6,69.0,370.8,800.0,0.0,0.92,5.5,27.9,2.6,20.7,1,8/1/2025 10:05:42 AM
7/29/2025 9:00:00 PM,7/29/2025 5:00:00 PM,800,325.3,34.6,70.7,369.2,800.0,0.0,0.90,5.5,27.9,4.0,19.9,1,8/1/2025 10:05:42 AM
7/29/2025 10:00:00 PM,7/29/2025 6:00:00 PM,800,302.0,34.6,77.2,386.4,800.0,0.0,0.94,5.5,27.9,1.6,20.7,1,8/1/2025 10:05:42 AM
7/29/2025 11:00:00 PM,7/29/2025 7:00:00 PM,800,306.6,34.6,64.8,394.0,800.0,0.0,0.91,5.5,27.9,1.6,17.7,1,8/1/2025 10:05:42 AM
7/30/2025 12:00:00 AM,7/29/2025 8:00:00 PM,800,311.3,131.3,83.6,273.8,800.0,0.0,0.91,5.5,27.9,3.3,21.9,1,8/1/2025 10:05:42 AM
7/30/2025 1:00:00 AM,7/29/2025 9:00:00 PM,800,336.2,160.6,70.3,233.0,800.0,0.0,0.88,5.5,27.9,3.6,21.6,1,8/1/2025 10:05:42 AM
7/30/2025 2:00:00 AM,7/29/2025 10:00:00 PM,800,334.8,152.3,75.6,237.7,800.0,0.0,0.91,5.5,27.9,5.1,25.8,1,8/1/2025 10:05:42 AM
7/30/2025 3:00:00 AM,7/29/2025 11:00:00 PM,800,328.3,137.5,79.1,255.3,800.0,0.0,0.89,5.5,27.9,6.3,22.1,1,8/1/2025 10:05:42 AM
7/30/2025 4:00:00 AM,7/30/2025 12:00:00 AM,800,352.3,87.5,44.0,316.1,800.0,0.0,0.91,5.5,27.8,3.5,25.8,1,8/1/2025 10:05:43 AM
7/30/2025 5:00:00 AM,7/30/2025 1:00:00 AM,800,324.7,87.5,81.4,306.1,800.0,0.0,0.93,5.5,27.8,2.6,22.3,1,8/1/2025 10:05:43 AM
7/30/2025 6:00:00 AM,7/30/2025 2:00:00 AM,800,349.5,60.0,41.9,348.6,800.0,0.0,0.88,5.5,27.8,6.1,31.6,1,8/1/2025 10:05:43 AM
7/30/2025 7:00:00 AM,7/30/2025 3:00:00 AM,800,332.9,60.0,67.1,340.0,800.0,0.0,0.92,5.5,27.8,3.2,29.8,1,8/1/2025 10:05:43 AM
7/30/2025 8:00:00 AM,7/30/2025 4:00:00 AM,800,333.1,60.9,66.8,339.0,800.0,0.0,0.89,5.5,27.8,5.2,22.3,1,8/1/2025 10:05:43 AM
7/30/2025 9:00:00 AM,7/30/2025 5:00:00 AM,800,333.0,91.2,69.9,305.7,800.0,0.0,0.89,5.5,27.8,4.7,27.8,1,8/1/2025 10:05:43 AM
7/30/2025 10:00:00 AM,7/30/2025 6:00:00 AM,800,329.9,91.2,79.5,299.5,800.0,0.0,0.89,5.5,27.8,5.9,25.4,1,8/1/2025 10:05:43 AM
7/30/2025 11:00:00 AM,7/30/2025 7:00:00 AM,800,342.6,91.2,63.1,303.3,800.0,0.0,0.90,5.5,27.8,6.5,25.1,1,8/1/2025 10:05:42 AM
7/30/2025 12:00:00 PM,7/30/2025 8:00:00 AM,800,337.2,90.3,71.5,301.0,800.0,0.0,0.91,5.5,27.8,3.5,29.5,1,8/1/2025 10:05:42 AM
7/30/2025 1:00:00 PM,7/30/2025 9:00:00 AM,800,331.0,88.5,77.5,303.0,800.0,0.0,0.91,5.5,27.8,5.1,25.9,1,8/1/2025 10:05:42 AM
7/30/2025 2:00:00 PM,7/30/2025 10:00:00 AM,800,340.6,88.5,60.5,310.1,800.0,0.0,0.86,5.5,27.8,3.5,19.8,1,8/1/2025 10:05:42 AM
7/30/2025 3:00:00 PM,7/30/2025 11:00:00 AM,800,337.4,86.7,67.1,308.8,800.0,0.0,0.90,5.5,27.8,5.3,26.3,1,8/1/2025 10:05:42 AM
7/30/2025 4:00:00 PM,7/30/2025 12:00:00 PM,800,324.0,202.6,70.5,202.7,800.0,0.0,0.89,5.5,27.8,4.6,25.5,1,8/1/2025 10:05:42 AM
7/30/2025 5:00:00 PM,7/30/2025 1:00:00 PM,800,328.0,148.1,64.1,259.8,800.0,0.0,0.89,5.5,27.8,6.7,24.6,1,8/1/2025 10:05:42 AM
7/30/2025 6:00:00 PM,7/30/2025 2:00:00 PM,800,330.3,117.8,55.2,296.7,800.0,0.0,0.91,5.5,27.8,4.8,25.8,1,8/1/2025 10:05:42 AM
7/30/2025 7:00:00 PM,7/30/2025 3:00:00 PM,800,325.1,87.1,64.5,323.3,800.0,0.0,0.90,5.5,27.8,6.6,20.3,1,8/1/2025 10:05:42 AM
7/30/2025 8:00:00 PM,7/30/2025 4:00:00 PM,800,328.7,27.2,57.3,386.8,800.0,0.0,0.88,5.5,27.8,4.5,21.9,1,8/1/2025 10:05:42 AM
7/30/2025 9:00:00 PM,7/30/2025 5:00:00 PM,800,326.5,29.0,70.3,374.4,800.0,0.0,0.90,5.5,27.8,5.9,24.1,1,8/1/2025 10:05:42 AM
7/30/2025 10:00:00 PM,7/30/2025 6:00:00 PM,800,326.4,29.0,62.5,381.9,800.0,0.0,0.91,5.5,27.8,4.6,26.1,1,8/1/2025 10:05:42 AM
7/30/2025 11:00:00 PM,7/30/2025 7:00:00 PM,800,320.7,29.0,71.8,378.5,800.0,0.0,0.92,5.5,27.8,5.7,24.0,1,8/1/2025 10:05:42 AM
7/31/2025 12:00:00 AM,7/30/2025 8:00:00 PM,800,326.0,109.1,79.1,285.4,800.0,0.0,0.86,5.5,27.8,3.9,26.9,1,8/1/2025 10:05:43 AM
7/31/2025 1:00:00 AM,7/30/2025 9:00:00 PM,800,327.2,34.9,78.7,358.4,800.0,0.0,0.91,5.5,27.8,5.1,29.8,1,8/1/2025 10:05:43 AM
7/31/2025 2:00:00 AM,7/30/2025 10:00:00 PM,800,329.8,122.5,75.1,272.1,800.0,0.0,0.92,5.5,27.8,4.2,24.0,1,8/1/2025 10:05:43 AM
7/31/2025 3:00:00 AM,7/30/2025 11:00:00 PM,800,322.4,107.7,86.3,283.5,800.0,0.0,0.92,5.5,27.8,4.3,25.1,1,8/1/2025 10:05:43 AM
7/31/2025 4:00:00 AM,7/31/2025 12:00:00 AM,525,219.1,80.7,63.0,162.4,525.0,0.0,0.90,5.5,27.7,6.4,21.8,1,8/1/2025 10:05:43 AM
7/31/2025 5:00:00 AM,7/31/2025 1:00:00 AM,525,219.0,80.7,62.9,162.4,525.0,0.0,0.90,5.5,27.7,5.0,23.5,1,8/1/2025 10:05:43 AM
7/31/2025 6:00:00 AM,7/31/2025 2:00:00 AM,525,255.9,62.2,26.8,180.2,525.0,0.0,0.89,5.5,27.7,6.4,30.7,1,8/1/2025 10:05:43 AM
7/31/2025 7:00:00 AM,7/31/2025 3:00:00 AM,525,200.9,62.2,82.1,179.8,525.0,0.0,0.90,5.5,27.7,4.0,28.8,1,8/1/2025 10:05:43 AM
7/31/2025 8:00:00 AM,7/31/2025 4:00:00 AM,525,193.9,62.2,89.3,179.8,525.0,0.0,0.93,5.5,27.7,2.7,33.3,1,8/1/2025 10:05:42 AM
7/31/2025 9:00:00 AM,7/31/2025 5:00:00 AM,800,303.4,62.2,108.1,326.0,800.0,0.0,0.87,5.5,27.7,5.5,29.3,1,8/1/2025 10:05:42 AM
7/31/2025 10:00:00 AM,7/31/2025 6:00:00 AM,800,304.7,117.9,107.7,269.7,800.0,0.0,0.91,5.5,27.7,4.9,26.7,1,8/1/2025 10:05:42 AM
7/31/2025 11:00:00 AM,7/31/2025 7:00:00 AM,800,316.9,132.6,90.2,260.1,800.0,0.0,0.91,5.5,27.7,6.0,29.7,1,8/1/2025 10:05:42 AM
7/31/2025 12:00:00 PM,7/31/2025 8:00:00 AM,800,307.7,117.9,105.0,269.3,800.0,0.0,0.92,5.5,27.7,5.0,37.0,1,8/1/2025 10:05:42 AM
7/31/2025 1:00:00 PM,7/31/2025 9:00:00 AM,800,308.0,143.3,100.2,248.3,800.0,0.0,0.88,5.5,27.7,4.0,23.4,1,8/1/2025 10:05:42 AM
7/31/2025 2:00:00 PM,7/31/2025 10:00:00 AM,800,309.1,158.0,101.6,231.3,800.0,0.0,0.89,5.5,27.7,7.4,25.4,1,8/1/2025 10:05:42 AM
7/31/2025 3:00:00 PM,7/31/2025 11:00:00 AM,800,309.8,251.0,102.3,136.6,800.0,0.0,0.91,5.5,27.7,8.3,29.1,1,8/1/2025 10:05:42 AM
7/31/2025 4:00:00 PM,7/31/2025 12:00:00 PM,800,307.7,307.5,105.6,78.7,800.0,0.0,0.91,5.5,27.7,6.5,37.7,1,8/1/2025 10:05:42 AM
7/31/2025 5:00:00 PM,7/31/2025 1:00:00 PM,800,309.0,200.7,93.2,196.8,800.0,0.0,0.90,5.5,27.7,6.0,34.7,1,8/1/2025 10:05:42 AM
7/31/2025 6:00:00 PM,7/31/2025 2:00:00 PM,525,206.8,83.7,66.1,168.3,525.0,0.0,0.92,5.5,27.7,0.9,29.4,1,8/1/2025 10:05:42 AM
7/31/2025 7:00:00 PM,7/31/2025 3:00:00 PM,525,202.6,116.9,81.1,124.2,525.0,0.0,0.91,5.5,27.7,8.4,28.3,1,8/1/2025 10:05:42 AM
7/31/2025 8:00:00 PM,7/31/2025 4:00:00 PM,525,206.2,117.7,81.3,119.5,525.0,0.0,0.91,5.5,27.7,7.1,30.0,1,8/1/2025 10:05:42 AM
7/31/2025 9:00:00 PM,7/31/2025 5:00:00 PM,525,204.4,90.4,78.6,151.5,525.0,0.0,0.92,5.5,27.7,6.7,25.2,1,8/1/2025 10:05:43 AM
7/31/2025 10:00:00 PM,7/31/2025 6:00:00 PM,800,312.4,92.3,107.2,287.4,800.0,0.0,0.89,5.5,27.7,4.3,29.7,1,8/1/2025 10:05:43 AM
7/31/2025 11:00:00 PM,7/31/2025 7:00:00 PM,800,305.6,65.0,117.7,311.2,800.0,0.0,0.89,5.5,27.7,4.9,28.4,1,8/1/2025 10:05:42 AM
8/1/2025 12:00:00 AM,7/31/2025 8:00:00 PM,800,297.4,61.3,129.1,312.1,800.0,0.0,0.90,5.5,27.7,5.2,26.9,1,8/1/2025 10:05:42 AM
8/1/2025 1:00:00 AM,7/31/2025 9:00:00 PM,800,297.5,139.9,129.6,233.2,800.0,0.0,0.89,5.5,27.7,4.3,22.9,1,8/1/2025 10:05:42 AM
8/1/2025 2:00:00 AM,7/31/2025 10:00:00 PM,800,300.2,125.2,124.7,250.0,800.0,0.0,0.90,5.5,27.7,6.0,24.2,1,8/1/2025 10:05:42 AM
8/1/2025 3:00:00 AM,7/31/2025 11:00:00 PM,800,300.0,125.2,122.8,251.9,800.0,0.0,0.90,5.5,27.7,4.3,24.0,1,8/1/2025 10:05:42 AM
